CASE_ID,ACCIDENT_YEAR,PROC_DATE,JURIS,COLLISION_DATE,COLLISION_TIME,OFFICER_ID,REPORTING_DISTRICT,DAY_OF_WEEK,CHP_SHIFT,POPULATION,CNTY_CITY_LOC,SPECIAL_COND,BEAT_TYPE,CHP_BEAT_TYPE,CITY_DIVISION_LAPD,CHP_BEAT_CLASS,BEAT_NUMBER,PRIMARY_RD,SECONDARY_RD,DISTANCE,DIRECTION,INTERSECTION,WEATHER_1,WEATHER_2,STATE_HWY_IND,CALTRANS_COUNTY,CALTRANS_DISTRICT,STATE_ROUTE,ROUTE_SUFFIX,POSTMILE_PREFIX,POSTMILE,LOCATION_TYPE,RAMP_INTERSECTION,SIDE_OF_HWY,TOW_AWAY,COLLISION_SEVERITY,NUMBER_KILLED,NUMBER_INJURED,PARTY_COUNT,PRIMARY_COLL_FACTOR,PCF_CODE_OF_VIOL,PCF_VIOL_CATEGORY,PCF_VIOLATION,PCF_VIOL_SUBSECTION,HIT_AND_RUN,TYPE_OF_COLLISION,MVIW,PED_ACTION,ROAD_SURFACE,ROAD_COND_1,ROAD_COND_2,LIGHTING,CONTROL_DEVICE,CHP_ROAD_TYPE,PEDESTRIAN_ACCIDENT,BICYCLE_ACCIDENT,MOTORCYCLE_ACCIDENT,TRUCK_ACCIDENT,NOT_PRIVATE_PROPERTY,ALCOHOL_INVOLVED,STWD_VEHTYPE_AT_FAULT,CHP_VEHTYPE_AT_FAULT,COUNT_SEVERE_INJ,COUNT_VISIBLE_INJ,COUNT_COMPLAINT_PAIN,COUNT_PED_KILLED,COUNT_PED_INJURED,COUNT_BICYCLIST_KILLED,COUNT_BICYCLIST_INJURED,COUNT_MC_KILLED,COUNT_MC_INJURED,PRIMARY_RAMP,SECONDARY_RAMP,LATITUDE,LONGITUDE,COUNTY,CITY,POINT_X,POINT_Y
92146808,2023,2023-08-17,9245,2023-08-08,1230,015419,,2,1,9,0900,0,1,2,,2,120,"RT 50","RED HAWK PKWY",1553.00,E,N,A,-,Y,ED,,50," ",R,11.501,H,,R,Y,2,0,2,2,A,-,03,22350,,N,C,C,A,A,H,-,A,D,0,,,,,Y,,A,07,1,1,0,0,0,0,0,0,0,"- ","- ",38.692420959472656,-120.89969635009766,"EL DORADO",UNINCORPORATED,-120.89965057373047,38.692337036132812
92166100,2023,2023-09-11,9245,2023-08-28,"830 ",017728,,1,1,9,0900,0,3,5,,2,001,"SERRANO PARKWAY","ORSAY WAY",50.00,W,N,A,-,N,,,,,,,,,,N,2,0,1,2,A,-,03,22350,,N,H,E,A,A,H,-,A,D,0,,Y,,,Y,,L,04,1,0,0,0,0,0,1,0,0,"- ","- ",38.682270050048828,-121.03534698486328,"EL DORADO",UNINCORPORATED,-121.03521728515625,38.682361602783203
94435181,2024,2024-10-17,9245,2024-10-06,1720,021969,,7,2,9,0900,0,2,4,,1,021,"MARSHALL RD","SCOTT RD",3168.00,N,N,A,-,N,,,,,,,,,,Y,2,0,1,1,A,-,08,22107,,N,E,I,A,A,H,-,A,D,0,,,Y,,Y,,C,02,1,0,0,0,0,0,0,0,1,"- ","- ",38.819240570068359,-120.89913177490234,"EL DORADO",UNINCORPORATED,-120.90067291259766,38.816181182861328
90463950,2017,2017-05-25,9245,2017-05-20,1315,012382,,6,1,9,0900,0,2,4,,1,043,"SLY PARK RD","KRISTIN LEE WAY",370.00,S,N,A,-,N,,,,,,,,,,N,2,0,2,1,A,-,05,21650,,N,F,A,A,A,H,-,A,A,0,,,Y,,Y,,C,02,2,0,0,0,0,0,0,0,2,"- ","- ",38.688859999999998,-120.61463000000001,"EL DORADO",UNINCORPORATED,-120.614548,38.689031329999999
90825865,2018,2018-10-01,9245,2018-09-21,1850,015328,,5,2,9,0900,0,3,5,,2,002,"PARKDALE LN","GATEWAY DR",42.00,N,N,A,-,N,,,,,,,,,,Y,2,0,1,1,A,-,03,22350,,N,F,A,A,A,H,-,D,A,0,,,Y,,Y,,C,02,1,0,0,0,0,0,0,0,1,"- ","- ",38.695041656494141,-121.00460815429688,"EL DORADO",UNINCORPORATED,-121.00456237792969,38.695026397705078
90849593,2018,2018-10-31,9246,2018-10-20,1638,015992,,6,2,9,0900,0,1,2,,1,020,"US-50 (LINCOLN HWY)","SLIPPERY FORD RD",528.00,E,N,A,-,Y,,,50,,,,,,,Y,2,0,2,1,A,-,03,22350,,N,F,A,A,A,H,-,A,A,0,,,Y,,Y,,C,02,1,1,0,0,0,0,0,0,2,"- ","- ",38.805110931396484,-120.12127685546875,"EL DORADO",UNINCORPORATED,-120.12131500244141,38.805080413818359
92115419,2023,2023-07-12,9245,2023-07-04,1630,022169,,2,2,9,0900,0,2,4,,1,021,"MARSHALL ROAD","CREEK PARK RANCH ROAD",10.00,E,N,A,-,N,,,,,,,,,,Y,2,0,1,1,A,-,08,22107,,N,F,A,A,A,H,-,A,D,0,,,Y,,Y,,C,02,1,0,0,0,0,0,0,0,1,"- ","- ",38.843410491943359,-120.87444305419922,"EL DORADO",UNINCORPORATED,-120.87453460693359,38.843318939208984
6292620,2015,2015-09-10,9245,2015-08-10,1002,13463,,1,1,9,0900,0,2,4,,1,037,"PLEASANT VALLEY RD","CHURCH ST",175.00,E,N,A,-,N,,,,,,,,,,Y,1,1,0,2,A,-,11,21954,A,N,G,B,D,A,H,-,A,D,0,Y,,,,Y,,N,60,0,0,0,1,0,0,0,0,0,"- ","- ",38.68244,-120.84789000000001,"EL DORADO",UNINCORPORATED,-120.84794322,38.68243064
81762785,2022,2022-05-03,0902,2022-04-09,2139,240,,6,5,3,0902,0,0,0,,0,EAST,"LAKE TAHOE BLVD","SKI RUN BLVD",412.00,E,N,A,-,Y,ED,,50,,,79.288,H,,R,Y,2,0,1,2,A,-,11,21954,A,N,G,B,D,A,H,-,D,D,0,Y,,,,Y,Y,N,60,1,0,0,0,1,0,0,0,0,"- ","- ",38.948539733886719,-119.95761108398438,"EL DORADO","SOUTH LAKE TAHOE",-119.95758056640625,38.948501586914062
91032405,2019,2019-07-17,9245,2019-07-14,1500,018601,,7,2,9,0900,0,3,5,,2,004,"MORMON EMIGRANT TRL","NORTH SOUTH RD",15312.00,E,N,A,-,N,,,,,,,,,,Y,2,0,1,1,A,-,03,22350,,N,E,I,A,A,H,-,D,D,0,,,Y,,Y,,C,02,1,0,0,0,0,0,0,0,1,"- ","- ",38.699199676513672,-120.35356140136719,"EL DORADO",UNINCORPORATED,-120.35350036621094,38.699234008789062
91377132,2020,2021-01-21,9245,2020-12-22,1850,015419,,2,2,9,0900,0,2,4,,2,011,"MISSOURI FLAT RD","GOLDEN CTR DR",10.00,S,N,A,-,N,,,,,,,,,,N,2,0,1,2,A,-,11,21954,A,N,G,B,D,A,H,-,C,A,0,Y,,,,Y,,N,60,1,0,0,0,1,0,0,0,0,"- ","- ",38.704368591308594,-120.82763671875,"EL DORADO",UNINCORPORATED,-120.82760620117188,38.704483032226562
91406092,2021,2021-02-10,9245,2021-02-04,0015,021493,,4,3,9,0900,0,1,2,,2,110,"US-50 W/B","PONDEROSA RD",1210.00,W,N,A,-,Y,,,50,,,,,,W,Y,2,0,1,1,A,-,08,22107,,N,E,I,A,A,H,-,D,D,0,,,,,Y,,A,01,1,0,0,0,0,0,0,0,0,"- ","- ",38.661628723144531,-120.94194793701172,"EL DORADO",UNINCORPORATED,-120.94197845458984,38.661781311035156
6570330,2014,2015-09-18,9245,2014-06-18,2230,13603,,3,3,9,0900,0,1,3,,1,115,"UNION VALLEY RD","CAMINO COVE RD",2112.00,E,N,A,-,N,,,,,,,,,,Y,2,0,2,1,A,-,01,23152,A,N,E,I,A,A,H,-,D,D,0,,,,,Y,Y,D,22,1,0,1,0,0,0,0,0,0,"- ","- ",38.888150000000003,-120.42422000000001,"EL DORADO",UNINCORPORATED,,
90092749,2015,2016-01-11,9245,2015-12-28,1552,018782,,1,2,9,0900,0,1,2,,2,120,"US-50 W/B","PLACERVILLE DR",716.00,W,N,B,-,Y,,,50,,,,,,W,Y,2,0,1,1,A,-,01,23152,A,N,E,I,A,A,H,-,A,D,0,,,,,Y,Y,A,01,1,0,0,0,0,0,0,0,0,"- ","- ",38.719709999999999,-120.83544999999999,"EL DORADO",UNINCORPORATED,-120.83540748,38.719690319999998
90895879,2018,2019-01-02,9245,2018-12-29,1250,013929,,6,1,9,0900,0,2,4,,1,025,"PONY EXPRESS TRAIL","CAMP SNOWLINE RD",110.00,E,N,A,-,N,,,,,,,,,,Y,2,0,1,1,A,-,08,22107,,N,E,I,A,A,H,-,A,D,0,,,Y,,Y,,C,02,1,0,0,0,0,0,0,0,1,"- ","- ",38.745979309082031,-120.6285400390625,"EL DORADO",UNINCORPORATED,-120.62819671630859,38.746337890625
90904112,2019,2019-01-14,9245,2019-01-13,0025,018782,,7,3,9,0900,0,1,2,,2,120,US-50,"SOUTH SHINGLE ROAD",600.00,E,N,A,-,Y,,,50,,,,,,,Y,2,0,1,1,A,-,08,22107,,N,E,I,A,A,H,-,D,D,0,,,,,Y,,A,01,1,0,0,0,0,0,0,0,0,"- ","- ",38.684268951416016,-120.91127777099609,"EL DORADO",UNINCORPORATED,-120.91122436523438,38.684215545654297
90915783,2019,2019-02-13,9245,2019-01-23,1600,017040,,3,2,9,0900,0,2,4,,1,037,"MISSOURI FLAT RD.","INDUSTRIAL DR.",0.00,,Y,A,-,N,,,,,,,,,,N,2,0,1,1,A,-,08,22107,,N,F,A,A,A,H,-,A,D,0,,,Y,,Y,,C,02,1,0,0,0,0,0,0,0,1,"- ","- ",38.698348999023438,-120.82330322265625,"EL DORADO",UNINCORPORATED,-120.82302093505859,38.698600769042969
91210298,2020,2020-03-17,9245,2020-03-06,2010,015563,,5,2,9,0900,0,1,3,,1,115,SR-49,"JEEP TRAIL",1056.00,N,N,A,-,Y,,,49,,,,,,,Y,2,0,2,2,A,-,03,22350,,N,A,C,A,A,B,-,D,D,0,,,Y,,Y,,C,02,1,0,1,0,0,0,0,0,1,"- ","- ",38.906360626220703,-121.01399993896484,"EL DORADO",UNINCORPORATED,-121.01409912109375,38.906288146972656
91256145,2020,2020-06-23,9245,2020-06-17,1500,015419,,3,2,9,0900,0,3,5,,2,003,"LARKSTONE PL.","COPPERWOOD WAY",25.00,W,N,A,-,N,,,,,,,,,,Y,2,0,1,1,A,-,01,23152,A,N,E,I,A,A,H,-,A,D,0,,,,,Y,Y,A,01,1,0,0,0,0,0,0,0,0,"- ","- ",38.622421264648438,-121.05343627929688,"EL DORADO",UNINCORPORATED,-121.05344390869141,38.6224365234375
91260259,2020,2020-06-29,9246,2020-06-26,1158,017106,,5,1,9,0900,0,1,2,,1,021,"US-50 (LINCOLN HWY)","ASPEN CREEK TRACT",20.00,E,N,A,-,Y,,,,,,,,,,Y,2,0,2,1,A,-,08,22107,,N,E,I,A,A,H,-,A,D,0,,,,,Y,,D,22,1,1,0,0,0,0,0,0,0,"- ","- ",38.807201385498047,-120.07562255859375,"EL DORADO",UNINCORPORATED,,
91483230,2021,2021-06-02,9245,2021-05-20,1930,015609,,4,2,9,0900,0,3,5,,2,001,"HARVARD WAY","EL DORADO HILLS BLVD",0.00,,Y,B,-,N,,,,,,,,,,Y,2,0,3,1,C,-,18,,,N,E,I,A,A,H,-,A,D,0,,,,,Y,,-,"- ",1,2,0,0,0,0,0,0,0,"- ","- ",38.682060241699219,-121.07624053955078,"EL DORADO",UNINCORPORATED,-121.07611846923828,38.682037353515625
91853207,2022,2022-08-30,9245,2022-08-27,0515,021050,,6,3,9,0900,0,2,4,,1,014,"COLD SPRINGS RD","GOLD HILL RD",2534.00,N,N,A,-,N,,,,,,,,,,Y,2,0,1,1,A,-,03,22350,,N,E,I,A,A,H,-,D,D,0,,,Y,,Y,,C,02,1,0,0,0,0,0,0,0,1,"- ","- ",38.768539428710938,-120.88574981689453,"EL DORADO",UNINCORPORATED,-120.88582611083984,38.767871856689453
91853272,2022,2023-02-02,9245,2022-08-27,2055,018601,,6,2,9,0900,0,2,S,,2,005,"ICE HOUSE RD.","WEBER MILL RD.",400.00,S,N,A,-,N,,,,,,,,,,Y,2,0,1,1,A,-,03,22350,,N,F,A,A,A,H,-,D,D,0,,,Y,,Y,,C,02,1,0,0,0,0,0,0,0,1,"- ","- ",38.785511016845703,-120.42124938964844,"EL DORADO",UNINCORPORATED,-120.41853332519531,38.784763336181641
6606182,2014,2015-12-30,9245,2014-06-29,1210,18114,,7,1,9,0900,0,1,2,,2,140,"RT 50","BRAEBURN LN",17.00,W,N,A,-,Y,ED,3,50,-,-,22.380,H,-,W,Y,1,2,1,1,A,-,01,23152,E,N,E,I,A,A,H,-,A,D,1,,,,,Y,,A,07,1,0,0,0,0,0,0,0,0,"- ","- ",38.738869999999999,-120.72575999999999,"EL DORADO",UNINCORPORATED,-120.72655539,38.738879089999998
8990038,2019,2019-12-04,0902,2019-05-01,1743,225,EAST,3,5,3,0902,0,0,0,,0,EAST,"PIONEER TR","GLEN RD",0.00,,Y,A,-,N,,,,,,,,,,Y,2,0,1,2,A,-,09,21802,A,N,D,D,A,A,H,-,A,D,0,,,Y,,Y,,A,01,1,0,0,0,0,0,0,0,1,"- ","- ",,,"EL DORADO","SOUTH LAKE TAHOE",-119.94773864746094,38.950798034667969
91331326,2020,2020-10-26,9245,2020-10-18,2220,021493,,7,3,9,0900,0,1,3,,1,135,"SR-49 S/B","MAISY LN",1106.00,N,N,A,-,Y,,,49,,,,,,S,Y,2,0,1,1,A,-,08,22107,,N,E,I,A,A,H,-,D,D,0,,,,,Y,,D,22,1,0,0,0,0,0,0,0,0,"- ","- ",38.671230316162109,-120.85220336914062,"EL DORADO",UNINCORPORATED,-120.8521728515625,38.671226501464844
91494170,2021,2021-06-10,9245,2021-06-03,1325,017364,,4,1,9,0900,0,2,4,,1,039,"MOTHER LODE DRIVE","BLANCHARD RD",1280.00,W,N,A,-,N,,,,,,,,,,Y,2,0,1,1,A,-,08,22107,,N,E,I,A,A,H,-,A,D,0,,,,,Y,,A,01,1,0,0,0,0,0,0,0,0,"- ","- ",38.697231292724609,-120.85398864746094,"EL DORADO",UNINCORPORATED,-120.85383605957031,38.697292327880859
94412993,2024,2024-09-30,9245,2024-09-01,2030,022169,,7,2,9,0900,0,3,5,,2,004,"ROAD 64","OMO RANCH",15840.00,N,N,A,-,N,,,,,,,,,,N,2,0,2,1,A,-,08,22107,,N,E,I,A,A,H,-,D,D,0,,,Y,,Y,,C,06,1,0,1,0,0,0,0,0,2,"- ","- ",38.561550140380859,-120.52565765380859,"EL DORADO",UNINCORPORATED,,
6602847,2014,2016-04-25,0901,2014-08-02,1557,289,0901,6,5,2,0901,0,0,0,,0,0P1,"RT 50","MILE MARKER POST R15-82",40.00,W,N,A,-,Y,ED,3,50,-,-,15.889,R,4,E,Y,2,0,1,1,A,-,05,21650,,N,H,J,A,A,H,-,A,A,0,,,,,Y,Y,A,01,1,0,0,0,0,0,0,0,0,"- ","- ",,,"EL DORADO",PLACERVILLE,-120.83129689,38.722025299999999
91454550,2021,2021-04-20,9245,2021-04-13,2110,019193,,2,2,9,0900,0,2,4,,1,013,"NORTH SHINGLE ROAD","ACACIA LN.",430.00,S,N,A,-,N,,,,,,,,,,Y,2,0,1,1,A,-,01,23152,A,N,E,I,A,A,H,-,D,D,0,,,,,Y,Y,A,01,1,0,0,0,0,0,0,0,0,"- ","- ",38.674449920654297,-120.9281005859375,"EL DORADO",UNINCORPORATED,,
92403334,2024,2024-05-31,9245,2024-05-17,1630,022169,,5,2,9,0900,0,2,S,,2,005,"THE RUBICON TRAIL","ICE HOUSE ROAD",5280.00,N,N,A,-,N,,,,,,,,,,N,2,0,1,2,C,-,18,,,F,G,B,F,A,G,-,A,D,0,Y,,,,Y,,-,"- ",1,0,0,0,1,0,0,0,0,"- ","- ",39.021430969238281,-120.29856872558594,"EL DORADO",UNINCORPORATED,-120.31159973144531,39.003250122070312
93768813,2024,2024-08-07,9246,2024-07-26,1300,018674,,5,1,9,0900,0,2,4,,1,024,"PIONEER TRAIL","TIONONTATI ST",52.00,N,N,B,-,N,,,,,,,,,,Y,2,0,4,2,A,-,08,22107,,N,A,C,A,A,G,-,A,D,0,,,,,Y,,A,01,1,3,0,0,0,0,0,0,0,"- ","- ",38.864158630371094,-119.99955749511719,"EL DORADO",UNINCORPORATED,-119.99960327148438,38.864089965820312
6290009,2014,2014-02-14,9245,2014-01-11,1140,15107,,6,1,9,0900,0,2,4,,2,011,"GREEN VALLEY RD","FRANCISCO DR",528.00,E,N,C,-,N,,,,,,,,,,Y,1,1,0,1,A,-,08,22107,,N,E,I,A,B,H,-,A,D,0,,,,,Y,,A,01,0,0,0,0,0,0,0,0,0,"- ","- ",38.423299999999998,-121.0506,"EL DORADO",UNINCORPORATED,-121.08356603999999,38.709762400000002
90682935,2018,2018-03-15,9245,2018-03-14,0830,013929,,3,1,9,0900,0,2,4,,1,043,"SLY PARK ROAD","VIEW POINT DRIVE",312.00,W,N,B,C,N,,,,,,,,,,Y,2,0,2,2,A,-,03,22350,,N,A,C,A,C,H,-,A,D,0,,,,,Y,,A,07,1,1,0,0,0,0,0,0,0,"- ","- ",38.684661865234375,-120.65334320068359,"EL DORADO",UNINCORPORATED,-120.65346527099609,38.684680938720703
92234308,2023,2023-11-13,9246,2023-11-10,1747,017846,,5,2,9,0900,0,3,5,,2,300,"SPRING CREEK ROAD","HUPA ROAD",0.00,,Y,A,-,N,,,,,,,,,,Y,2,0,1,1,A,-,08,22107,,N,E,I,A,D,E,-,A,D,0,,,,,Y,,-,"- ",1,0,0,0,0,0,0,0,0,"- ","- ",38.931610107421875,-120.07958221435547,"EL DORADO",UNINCORPORATED,-120.07958221435547,38.931598663330078
92338747,2024,2024-03-14,9245,2024-03-13,1528,021969,,3,2,9,0900,0,3,5,,2,001,"DEER VALLEY RD","FRIEDMAN CT",380.00,N,N,A,-,N,,,,,,,,,,Y,2,0,1,1,A,-,01,23152,A,N,E,8,A,A,H,-,A,D,0,,,,,Y,Y,D,22,1,0,0,0,0,0,0,0,0,"- ","- ",38.727870941162109,-120.95803833007812,"EL DORADO",UNINCORPORATED,-120.95800018310547,38.727748870849609
94645275,2025,2025-04-10,9245,2025-03-31,1805,021969,,1,2,9,0900,0,2,4,,1,013,"LOTUS RD","GRANITE CREEK RD",147.00,N,N,B,-,N,,,,,,,,,,Y,2,0,1,1,A,-,08,22107,,N,E,8,A,B,H,-,A,D,0,,,,,Y,,A,01,1,0,0,0,0,0,0,0,0,"- ","- ",38.788650512695312,-120.91390228271484,"EL DORADO",UNINCORPORATED,-120.91387176513672,38.788566589355469
90503622,2017,2017-09-15,9245,2017-05-14,1530,017756,,7,2,9,0900,0,1,3,,1,122,"SR-193 W/B","DERRICK LANE",629.00,W,N,A,-,Y,,,193,,,,,,W,Y,1,1,0,1,A,-,05,21650,,N,F,A,A,A,H,-,A,D,0,,,Y,,Y,,C,02,0,0,0,0,0,0,0,1,0,"- ","- ",38.901600000000002,-120.9034,"EL DORADO",UNINCORPORATED,-120.90338167,38.901520130000002
90742578,2018,2018-06-06,9245,2018-06-04,1424,018663,,1,2,9,0900,0,2,4,,1,025,"PONY EXPRESS TRL","MACE RD",528.00,W,N,A,-,N,,,,,,,,,,Y,2,0,2,2,A,-,01,23152,A,N,A,C,A,A,H,-,A,D,0,,,,,Y,Y,A,01,1,1,0,0,0,0,0,0,0,"- ","- ",38.744888305664062,-120.64604949951172,"EL DORADO",UNINCORPORATED,-120.64595794677734,38.744926452636719
91402047,2021,2021-02-03,9245,2021-01-30,2000,018466,,6,2,9,0900,0,2,4,,1,013,"LOTUS RD","HEAVEN'S GATE",155.00,S,N,A,-,N,,,,,,,,,,Y,2,0,1,1,A,-,01,23152,A,N,F,A,A,A,H,-,D,D,0,,,Y,,Y,Y,C,02,1,0,0,0,0,0,0,0,1,"- ","- ",38.793991088867188,-120.91317749023438,"EL DORADO",UNINCORPORATED,-120.91334533691406,38.793502807617188
92139748,2023,2023-08-09,9245,2023-08-01,2045,019252,,2,2,9,0900,0,3,5,,2,002,"WENTWORTH SPRINGS RD","LEA WAY",786.00,W,N,A,-,N,,,,,,,,,,Y,2,0,1,1,A,-,01,23152,A,N,E,8,A,A,H,-,D,D,0,,,,,Y,Y,D,22,1,0,0,0,0,0,0,0,0,"- ","- ",38.929458618164062,-120.76210021972656,"EL DORADO",UNINCORPORATED,-120.7620849609375,38.929527282714844
6291370,2014,2015-12-18,9245,2014-06-23,1935,18624,9245,1,2,9,0900,0,3,5,,2,004,"MOUNT AUKUM RD","CANDLELIGHT VILLAGE",197.00,S,N,A,-,N,,,,,,,,,,Y,1,1,0,1,A,-,01,23152,A,N,E,I,A,A,H,-,A,D,0,,,,,Y,Y,D,22,0,0,0,0,0,0,0,0,0,"- ","- ",38.600740000000002,-120.71964,"EL DORADO",UNINCORPORATED,-120.7202673,38.600413959999997
6661726,2014,2016-07-05,9246,2014-10-10,1600,015992,,5,2,9,0900,0,1,3,,1,030,"RT 89","SUGAR PINE RD",1056.00,S,N,A,-,Y,ED,3,89,-,-,14.430,H,-,N,Y,2,0,1,1,A,-,08,22107,,N,E,I,A,A,H,-,A,D,0,,,Y,,Y,,C,02,1,0,0,0,0,0,0,0,1,"- ","- ",38.569690000000001,-120.04725999999999,"EL DORADO",UNINCORPORATED,-120.07916892,38.949309210000003
6950460,2015,2016-06-08,9245,2015-05-29,2300,018656,,5,3,9,0900,0,3,5,,2,004,"CEDAR RAVINE RD","BUTTERFLY LN",15.00,S,N,A,-,N,,,,,,,,,,Y,2,0,1,1,A,-,08,22107,,N,E,I,A,A,H,-,D,D,0,,,Y,,Y,,C,02,1,0,0,0,0,0,0,0,1,"- ","- ",,,"EL DORADO",UNINCORPORATED,-120.77677097999999,38.717669430000001
91028284,2019,2019-07-10,9245,2019-07-07,0116,018756,,7,3,9,0900,0,2,4,,1,043,"SLY PARK ROAD","JENKINSON CIR",528.00,N,N,A,-,N,,,,,,,,,,Y,2,0,1,1,A,-,08,22107,,N,E,I,A,A,H,-,D,A,0,,,Y,,Y,,C,02,1,0,0,0,0,0,0,0,1,"- ","- ",38.729640960693359,-120.56948089599609,"EL DORADO",UNINCORPORATED,-120.57221221923828,38.7354736328125
91059618,2019,2019-10-10,9245,2019-04-23,1942,018466,,2,2,9,0900,0,2,4,,1,037,"MISSOURI FLAT ROAD","GOLDEN CENTER DR",78.00,S,N,A,-,N,,,,,,,,,,Y,1,1,1,3,A,-,01,23152,F,N,A,C,A,A,H,-,A,A,0,,,,,Y,,A,01,0,1,0,0,0,0,0,0,0,"- ","- ",38.706298828125,-120.83048248291016,"EL DORADO",UNINCORPORATED,-120.82742309570312,38.704357147216797
90616271,2017,2017-12-26,9245,2017-10-24,1233,017708,,2,1,9,0900,0,2,4,,1,041,"PLEASANT VALLEY RD","KARL DR",54.00,E,N,A,-,N,,,,,,,,,,Y,1,1,2,2,A,-,05,21460,A,N,A,C,A,A,H,-,A,D,0,,,Y,,Y,,C,02,0,1,1,0,0,0,0,1,0,"- ","- ",38.694830000000003,-120.80128999999999,"EL DORADO",UNINCORPORATED,-120.80128361,38.694826759999998
90632222,2017,2018-01-03,9245,2017-12-25,1948,012833,,1,2,9,0900,0,3,5,,2,001,"BASS LAKE RD","WOODLEIGH LN",415.00,S,N,B,-,N,,,,,,,,,,Y,2,0,4,2,A,-,01,23152,A,N,B,C,A,A,H,-,D,D,0,,,,,Y,Y,A,01,2,1,1,0,0,0,0,0,0,"- ","- ",38.412390000000002,-121.00517000000001,"EL DORADO",UNINCORPORATED,-121.0082908,38.687432749999999
90661123,2018,2018-03-06,9245,2018-02-04,2320,012833,,7,3,9,0900,0,2,4,,1,039,"MOTHER LODE DRIVE","DAVIDSON RD",1115.00,W,N,A,-,N,,,,,,,,,,Y,1,1,2,2,A,-,01,23152,A,N,A,C,A,A,H,-,D,D,0,,,,,Y,Y,A,07,0,2,0,0,0,0,0,0,0,"- ","- ",38.406520843505859,-120.52462005615234,"EL DORADO",UNINCORPORATED,-120.87389373779297,38.677742004394531
90987220,2019,2019-05-13,9245,2019-05-04,1755,018937,,6,2,9,0900,0,3,5,,2,004,"UNION MINE RD","RIVER FRONT TRAIL",25.00,N,N,A,-,N,,,,,,,,,,Y,2,0,1,1,A,-,08,22107,,N,E,I,A,A,H,-,A,D,0,,,,,Y,,M,47,1,0,0,0,0,0,0,0,0,"- ","- ",38.613010406494141,-121.84039306640625,"EL DORADO",UNINCORPORATED,-120.84044647216797,38.612926483154297
90996809,2019,2019-05-28,9245,2019-05-16,1834,017897,,4,2,9,0900,0,2,4,,1,025,"PONY EXPRESS TRL","BLAIR RD",353.00,E,N,F,-,N,,,,,,,,,,Y,2,0,1,1,A,-,03,22350,,N,E,I,A,C,H,-,A,D,0,,,,,Y,,A,07,1,0,0,0,0,0,0,0,0,"- ","- ",38.753528594970703,-120.60395050048828,"EL DORADO",UNINCORPORATED,-120.60384368896484,38.753631591796875
91848890,2022,2022-08-25,9245,2022-08-14,0120,021520,,7,3,9,0900,0,2,4,,1,025,"PONY EXPRESS TRAIL","ELKHORN MILL RD",38.00,W,N,A,-,N,,,,,,,,,,Y,2,0,1,1,A,-,03,22350,,N,H,H,A,A,H,-,D,D,0,,,,,Y,,D,22,1,0,0,0,0,0,0,0,0,"- ","- ",38.755069732666016,-120.60105133056641,"EL DORADO",UNINCORPORATED,-120.60100555419922,38.755035400390625
6529049,2014,2016-03-25,9245,2014-06-21,0005,13028,,6,3,9,0900,0,1,2,,2,110,"RT 50","BASS LAKE RD",2640.00,E,N,A,-,Y,ED,3,50,-,R,3.250,H,-,W,Y,2,0,1,1,A,-,01,23152,A,N,F,A,A,A,H,-,C,D,1,,,,,Y,Y,A,01,1,0,0,0,0,0,0,0,0,"- ","- ",38.655419999999999,-121.02128999999999,"EL DORADO",UNINCORPORATED,-121.02955233,38.655434880000001
90496560,2017,2017-07-10,9245,2017-06-25,0200,018213,,7,3,9,0900,0,2,S,,2,005,"RUBICON TRAIL","ICE HOUSE RD",42240.00,E,N,A,-,N,,,,,,,,,,Y,1,1,1,1,A,-,01,23152,A,N,F,A,A,A,G,-,D,D,0,,,,,Y,Y,A,07,0,1,0,0,0,0,0,0,0,"- ","- ",39.013449999999999,-120.17434,"EL DORADO",UNINCORPORATED,,
90859353,2018,2018-11-14,9245,2018-11-08,1415,016328,,4,2,9,0900,0,3,5,,2,001,"GREEN VALLEY RD","CROWDIS LN",136.00,W,N,A,-,N,,,,,,,,,,Y,2,0,2,2,A,-,05,21460,A,N,A,C,A,A,H,-,A,D,0,,,,,Y,,A,01,1,1,0,0,0,0,0,0,0,"- ","- ",38.7005615234375,-120.98548126220703,"EL DORADO",UNINCORPORATED,-120.98507690429688,38.700668334960938
91521165,2021,2021-07-15,9245,2021-07-09,2000,017040,,5,2,9,0900,0,3,5,,2,002,"VOLCANOVILLE ROAD","WENTWORTH SPRINGS RD.",15840.00,N,N,A,-,N,,,,,,,,,,N,2,0,1,1,A,-,03,22350,,N,F,A,A,A,H,-,A,D,0,,,Y,,Y,,C,02,1,0,0,0,0,0,0,0,1,"- ","- ",38.971611022949219,-120.71675109863281,"EL DORADO",UNINCORPORATED,-120.72233581542969,38.97503662109375