CASE_ID,ACCIDENT_YEAR,PROC_DATE,JURIS,COLLISION_DATE,COLLISION_TIME,OFFICER_ID,REPORTING_DISTRICT,DAY_OF_WEEK,CHP_SHIFT,POPULATION,CNTY_CITY_LOC,SPECIAL_COND,BEAT_TYPE,CHP_BEAT_TYPE,CITY_DIVISION_LAPD,CHP_BEAT_CLASS,BEAT_NUMBER,PRIMARY_RD,SECONDARY_RD,DISTANCE,DIRECTION,INTERSECTION,WEATHER_1,WEATHER_2,STATE_HWY_IND,CALTRANS_COUNTY,CALTRANS_DISTRICT,STATE_ROUTE,ROUTE_SUFFIX,POSTMILE_PREFIX,POSTMILE,LOCATION_TYPE,RAMP_INTERSECTION,SIDE_OF_HWY,TOW_AWAY,COLLISION_SEVERITY,NUMBER_KILLED,NUMBER_INJURED,PARTY_COUNT,PRIMARY_COLL_FACTOR,PCF_CODE_OF_VIOL,PCF_VIOL_CATEGORY,PCF_VIOLATION,PCF_VIOL_SUBSECTION,HIT_AND_RUN,TYPE_OF_COLLISION,MVIW,PED_ACTION,ROAD_SURFACE,ROAD_COND_1,ROAD_COND_2,LIGHTING,CONTROL_DEVICE,CHP_ROAD_TYPE,PEDESTRIAN_ACCIDENT,BICYCLE_ACCIDENT,MOTORCYCLE_ACCIDENT,TRUCK_ACCIDENT,NOT_PRIVATE_PROPERTY,ALCOHOL_INVOLVED,STWD_VEHTYPE_AT_FAULT,CHP_VEHTYPE_AT_FAULT,COUNT_SEVERE_INJ,COUNT_VISIBLE_INJ,COUNT_COMPLAINT_PAIN,COUNT_PED_KILLED,COUNT_PED_INJURED,COUNT_BICYCLIST_KILLED,COUNT_BICYCLIST_INJURED,COUNT_MC_KILLED,COUNT_MC_INJURED,PRIMARY_RAMP,SECONDARY_RAMP,LATITUDE,LONGITUDE,COUNTY,CITY,POINT_X,POINT_Y
9808396,2025,2025-07-21,0901,2025-06-01,1358,336,1,7,5,2,0901,0,0,0,,0,001,"PLACERVILLE DR","FAIR LN",36.00,N,N,A,-,N,,,,,,,,,,Y,2,0,1,2,A,-,12,21453,A,N,A,C,A,A,H,-,A,A,0,,,,,Y,,A,01,1,0,0,0,0,0,0,0,0,"- ","- ",38.722011566162109,-120.83384704589844,"EL DORADO",PLACERVILLE,-120.83387756347656,38.722053527832031
81762786,2022,2022-05-03,0902,2022-04-28,0122,186,0902,4,5,3,0902,0,0,0,,0,EAST,"GLENWOOD WAY","JANET DR",342.00,S,N,A,-,N,,,,,,,,,,Y,2,0,3,1,A,-,01,23152,A,N,E,J,A,A,H,-,C,D,0,,,,,Y,Y,A,07,2,0,1,0,0,0,0,0,0,"- ","- ",38.928890228271484,-119.96096038818359,"EL DORADO","SOUTH LAKE TAHOE",-119.96022796630859,38.928524017333984
90773096,2018,2018-07-19,9245,2018-06-14,1420,018394,,4,2,9,0900,0,2,4,,1,041,"PLEASANT VALLEY RD","MICHAEL WAY",1056.00,W,N,A,-,N,,,,,,,,,,Y,1,1,1,1,A,-,08,22107,,N,E,I,A,A,H,-,A,D,0,,,,,Y,,E,23,1,0,0,0,0,0,0,0,0,"- ","- ",38.692378997802734,-120.68605804443359,"EL DORADO",UNINCORPORATED,-120.68633270263672,38.692264556884766
91409895,2020,2021-02-17,9245,2020-12-18,1705,021493,,5,2,9,0900,0,1,2,,2,120,"US-50 E/B FROM MISSOURI FLAT ROAD N/B","PERKS CT",275.00,N,N,A,-,Y,,,50,,,,R,,E,N,1,1,0,2,A,-,11,21954,A,N,G,B,E,A,H,-,C,D,0,Y,,,,Y,Y,N,60,0,0,0,1,0,0,0,0,0,"- ","- ",38.710361480712891,-120.83728790283203,"EL DORADO",UNINCORPORATED,-120.83728790283203,38.710361480712891
91425545,2021,2021-03-11,9245,2021-03-06,2055,018782,,6,2,9,0900,0,2,4,,1,041,"PLEASANT VALLEY ROAD","LA SIERRA DR",60.00,E,N,A,-,N,,,,,,,,,,Y,2,0,1,1,A,-,01,23152,A,N,E,I,A,A,H,-,D,D,0,,,,,Y,Y,A,01,1,0,0,0,0,0,0,0,0,"- ","- ",38.694988250732422,-120.80196380615234,"EL DORADO",UNINCORPORATED,-120.80168914794922,38.694911956787109
6705900,2014,2015-01-08,9245,2014-11-07,0020,17604,,5,3,2,0901,0,2,4,,2,011,"GREEN VALLEY RD","SALMON FALLS RD",0.00,,Y,A,-,N,,,,,,,,,,Y,2,0,2,2,A,-,01,23152,A,N,D,C,A,A,H,-,C,A,0,,,,,Y,Y,A,01,1,1,0,0,0,0,0,0,0,"- ","- ",38.710059999999999,-121.07863999999999,"EL DORADO",PLACERVILLE,-121.07858996,38.710099909999997
90768834,2018,2018-07-13,9245,2018-07-10,1020,016451,,2,1,9,0900,0,2,4,,2,011,"GREEN VALLEY RD","MORTARA CIR",525.00,W,N,A,-,N,,,,,,,,,,Y,2,0,3,2,A,-,05,21460,A,N,A,C,A,A,H,-,A,D,0,,,,,Y,,A,01,1,2,0,0,0,0,0,0,0,"- ","- ",38.719699859619141,-120.38211822509766,"EL DORADO",UNINCORPORATED,-120.88179779052734,38.719776153564453
90792467,2018,2018-08-16,9245,2018-08-13,0800,013929,,1,1,9,0900,0,1,2,,1,170,"RT 50","WRIGHTS LAKE ROAD",4224.00,W,N,B,-,Y,,,50,,,,,,,Y,2,0,1,1,A,-,08,22107,,N,E,I,A,A,H,-,A,D,0,,,,,Y,,A,01,1,0,0,0,0,0,0,0,0,"- ","- ",38.783321380615234,-120.22811889648438,"EL DORADO",UNINCORPORATED,-120.22811889648438,38.783382415771484
91032265,2019,2019-07-17,9245,2019-07-10,1900,017364,,3,2,9,0900,0,3,5,,2,004,"STRING CANYON RD","EAGLE HILL RD",0.00,,N,A,-,N,,,,,,,,,,Y,2,0,2,1,A,-,03,22350,,N,E,I,A,A,H,-,A,D,0,,,,,Y,,A,01,1,1,0,0,0,0,0,0,0,"- ","- ",38.646411895751953,-120.54129791259766,"EL DORADO",UNINCORPORATED,-120.54254913330078,38.647480010986328
91231471,2020,2020-04-30,9245,2020-04-25,2230,019193,,6,3,9,0900,0,3,5,,2,004,"OAK HILL RD","HORSESHOE LN",1000.00,N,N,A,-,N,,,,,,,,,,Y,2,0,1,1,A,-,08,22107,,N,F,I,A,A,H,-,D,D,0,,,Y,,Y,,C,02,1,0,0,0,0,0,0,0,1,"- ","- ",38.657150268554688,-120.78164672851562,"EL DORADO",UNINCORPORATED,-120.78111267089844,38.659877777099609
91579169,2021,2021-09-24,9245,2021-06-21,2018,018601,,1,2,9,0900,0,1,3,,1,115,SR-49,"MEADOWVIEW ACRES RD.",528.00,N,N,A,-,Y,,,49,,,,,,,Y,1,1,0,1,A,-,01,23152,F,N,E,I,A,A,H,-,A,D,0,,,,,Y,,A,01,0,0,0,0,0,0,0,0,0,"- ","- ",38.859359741210938,-121.01444244384766,"EL DORADO",UNINCORPORATED,-121.01454162597656,38.859325408935547
91868827,2022,2022-09-20,9245,2022-05-22,0449,019793,,7,3,9,0900,0,1,2,,1,160,"US-50 E/B","LARCH LANE EAST",267.00,W,N,A,-,Y,ED,,50,,,48.400,H,,R,Y,1,1,0,1,A,-,01,23152,A,N,E,I,A,A,H,-,B,D,0,,,,,Y,,A,01,0,0,0,0,0,0,0,0,0,"- ","- ",38.772289276123047,-120.30500793457031,"EL DORADO",UNINCORPORATED,-120.30503082275391,38.772315979003906
91963448,2022,2023-02-28,9245,2022-10-11,1550,018782,,2,2,9,0900,0,2,4,,1,037,"PLEASANT VALLEY RD","ELIZABETH LN",7.00,E,N,A,-,N,,,,,,,,,,Y,1,1,1,2,A,-,05,21460,A,N,A,C,A,A,H,-,A,D,0,,,,,Y,,A,01,0,0,1,0,0,0,0,0,0,"- ","- ",38.682498931884766,-120.85430145263672,"EL DORADO",UNINCORPORATED,-120.85436248779297,38.682460784912109
6972854,2015,2016-10-31,9245,2015-06-16,1615,014956,,2,2,9,0900,0,1,3,,1,135,"RT 49","MAISY LN",1584.00,N,N,A,-,Y,ED,3,49,-,-,8.840,H,-,S,Y,2,0,1,1,A,-,08,22107,,N,E,I,A,A,H,-,A,D,0,,,,,Y,,A,01,1,0,0,0,0,0,0,0,0,"- ","- ",38.67174,-120.85205999999999,"EL DORADO",UNINCORPORATED,-120.85207362,38.671752529999999
90182021,2016,2016-05-18,9245,2016-05-15,2100,017756,,7,2,9,0900,0,2,4,,1,013,"LOTUS ROAD","SPRINGVALE RD",1302.00,N,N,A,-,N,,,,,,,,,,Y,2,0,2,1,A,-,01,23152,A,N,E,I,A,A,H,-,D,D,0,,,,,Y,Y,A,01,1,1,0,0,0,0,0,0,0,"- ","- ",38.752400000000002,-120.93340000000001,"EL DORADO",UNINCORPORATED,-120.93325761,38.75220771
91291917,2020,2020-08-25,9245,2020-08-18,0900,018656,,2,1,9,0900,0,2,4,,2,012,"SALMON FALLS RD","SALMON FALLS BRIDGE",100.00,S,N,B,-,N,,,,,,,,,,Y,2,0,1,1,A,-,03,22350,,N,F,A,A,A,H,-,A,D,0,,,Y,,Y,,C,02,1,0,0,0,0,0,0,0,1,"- ","- ",38.772609710693359,-120.03788757324219,"EL DORADO",UNINCORPORATED,-121.07861328125,38.710247039794922
91472852,2021,2021-05-27,9245,2021-05-05,1500,015419,,3,2,9,0900,0,1,2,,2,140,"RT 50","MIDDLE CARSON RD",0.00,,Y,A,-,Y,,,50,,,,,,,Y,2,0,2,2,A,-,09,21801,A,N,D,C,A,A,H,-,A,B,0,,,,,Y,,A,07,1,1,0,0,0,0,0,0,0,"- ","- ",38.740100860595703,-120.69674682617188,"EL DORADO",UNINCORPORATED,-120.69675445556641,38.740116119384766
91758552,2022,2022-04-28,9245,2022-04-17,0855,018656,,7,1,9,0900,0,2,4,,1,045,"NEWTOWN RD","HARMONY HILL RD",800.00,E,N,B,-,N,,,,,,,,,,Y,2,0,1,1,C,-,18,,,N,E,I,A,A,H,-,A,D,0,,,,,Y,,-,"- ",1,0,0,0,0,0,0,0,0,"- ","- ",38.712009429931641,-120.71080780029297,"EL DORADO",UNINCORPORATED,-120.71040344238281,38.711849212646484
91785074,2022,2022-05-31,9245,2022-05-17,1203,017897,,2,1,9,0900,0,3,5,,2,004,"NEWTOWN RD","MINING BROOK RD",700.00,W,N,A,-,N,,,,,,,,,,Y,2,0,1,1,A,-,08,22107,,N,E,I,A,A,H,-,A,D,0,,,,,Y,,A,07,1,0,0,0,0,0,0,0,0,"- ","- ",38.721900939941406,-120.73246002197266,"EL DORADO",UNINCORPORATED,-120.73824310302734,38.726970672607422
94604173,2025,2025-03-18,9245,2025-02-21,1300,018799,,5,1,9,0900,0,3,5,,2,001,"FRANCISCO DR","CAMBRIA WAY",0.00,,Y,A,-,N,,,,,,,,,,N,2,0,1,2,A,-,08,22107,,N,D,6,A,A,H,-,A,A,0,,Y,,,Y,,M,91,1,0,0,0,0,0,1,0,0,"- ","- ",38.708209991455078,-121.08499145507812,"EL DORADO",UNINCORPORATED,-121.08480834960938,38.708271026611328
94677428,2025,2025-05-06,9245,2025-05-03,1730,022169,,6,2,9,0900,0,1,2,,1,170,"US-50 W/B","PYRAMID CREEK",528.00,W,N,B,-,Y,ED,,50," "," ",59.567,H,,L,Y,2,0,1,1,C,-,18,,,N,H,7,A,A,H,-,A,D,0,,,Y,,Y,,-,"- ",1,0,0,0,0,0,0,0,1,"- ","- ",38.810958862304688,-120.12532043457031,"EL DORADO",UNINCORPORATED,-120.12532043457031,38.810951232910156
90097593,2015,2016-03-10,9245,2015-12-26,1825,017897,,6,2,9,0900,0,2,4,,2,012,"EL DORADO HILLS BLVD","HARVARD WAY",0.00,,Y,A,-,N,,,,,,,,,,Y,2,0,1,2,A,-,12,21453,A,N,D,C,A,A,H,-,A,A,0,,,Y,,Y,,C,02,1,0,0,0,0,0,0,0,1,"- ","- ",38.682360000000003,-121.07572999999999,"EL DORADO",UNINCORPORATED,-121.07611986000001,38.682039949999997
90740328,2018,2018-06-04,9245,2018-05-26,1255,015609,,6,1,9,0900,0,1,2,,2,120,"US 50 W/B","SHINGLE SPRINGS RD",1056.00,E,N,B,-,Y,,,,,,,,,,Y,2,0,2,2,A,-,07,21658,A,N,B,C,A,A,H,-,A,D,0,,,,,Y,,A,01,1,1,0,0,0,0,0,0,0,"- ","- ",38.682819366455078,-120.91266632080078,"EL DORADO",UNINCORPORATED,-120.91271209716797,38.682746887207031
90813141,2018,2018-09-14,9245,2018-09-02,0038,018893,,7,3,9,0900,0,2,4,,2,031,"LATROBE RD","WETSEL-OVIATT RD",400.00,N,N,A,-,N,,,,,,,,,,Y,2,0,1,1,A,-,03,22350,,N,E,J,A,A,H,-,D,D,0,,,,,Y,,D,22,1,0,0,0,0,0,0,0,0,"- ","- ",38.6102294921875,-121.04158020019531,"EL DORADO",UNINCORPORATED,-121.04248809814453,38.611057281494141
91044883,2019,2019-08-05,9245,2019-07-24,1823,018937,,3,2,9,0900,0,2,4,,1,039,"MOTHER LODE DR","FAWN DR",10.00,E,N,A,-,N,,,,,,,,,,Y,2,0,2,2,A,-,01,23152,F,N,D,C,A,A,H,-,A,D,0,,,,,Y,,A,01,1,1,0,0,0,0,0,0,0,"- ","- ",38.670761108398438,-120.89302825927734,"EL DORADO",UNINCORPORATED,-120.89306640625,38.670749664306641
91535138,2021,2021-08-02,9245,2021-07-25,0310,019793,,7,3,9,0900,0,2,4,,1,023,"MOSQUITO ROAD","MOSQUITO BRIDGE",360.00,N,N,A,-,N,,,,,,,,,,Y,2,0,2,1,A,-,01,23152,A,N,F,A,A,A,H,-,D,D,0,,,,,Y,Y,A,01,1,1,0,0,0,0,0,0,0,"- ","- ",38.775791168212891,-120.74929046630859,"EL DORADO",UNINCORPORATED,,
91740282,2022,2022-04-04,9245,2022-03-25,1250,015419,,5,1,9,0900,0,3,5,,2,003,"EL DORADO RD","LAMBERT LN",385.00,S,N,A,-,N,,,,,,,,,,Y,2,0,2,2,A,-,09,21804,A,N,D,C,A,A,H,-,A,D,0,,,,,Y,,A,01,1,1,0,0,0,0,0,0,0,"- ","- ",38.690010070800781,-120.85813903808594,"EL DORADO",UNINCORPORATED,-120.85818481445312,38.690059661865234
91784796,2022,2022-05-31,9245,2022-05-13,1518,018756,,5,2,9,0900,0,3,5,,2,003,"FORNI ROAD","BECKETT LANE",151.00,N,N,A,-,N,,,,,,,,,,N,2,0,1,2,A,-,09,21804,A,F,F,A,A,A,H,-,A,A,0,,,Y,,Y,,-,99,1,0,0,0,0,0,0,0,1,"- ","- ",38.687999725341797,-120.84207916259766,"EL DORADO",UNINCORPORATED,-120.84212493896484,38.688034057617188
92418556,2024,2024-06-19,9245,2024-06-09,1720,023059,,7,2,9,0900,0,2,S,,2,005,"UNNAMED ROAD EAST OF MOSQUITO ROAD","MOSQUITO ROAD",840.00,E,N,A,-,N,,,,,,,,,,N,2,0,1,1,B,-,22,,,N,F,0,A,A,H,-,A,D,0,,,Y,,Y,,-,"- ",1,0,0,0,0,0,0,0,1,"- ","- ",38.854019165039062,-120.66853332519531,"EL DORADO",UNINCORPORATED,,
6706663,2014,2015-01-13,9246,2014-11-09,0250,019064,,7,3,9,0900,0,2,4,,1,024,"PIONEER TRL","GLEN EAGLES RD",50.00,S,N,A,-,N,,,,,,,,,,Y,2,0,1,1,A,-,01,23152,A,N,E,I,A,A,H,-,C,D,0,,,,,Y,Y,A,01,1,0,0,0,0,0,0,0,0,"- ","- ",38.880119999999998,-119.98874000000001,"EL DORADO",UNINCORPORATED,-119.98972000000001,38.879550000000002
90793218,2018,2018-09-04,9246,2018-08-15,1418,014471,,3,2,9,0900,0,2,4,,1,026,"MARTIN AVE","BLACK BART AVE",24.00,W,N,A,-,N,,,,,,,,,,N,2,0,1,2,A,-,08,22107,,N,H,G,A,A,H,-,A,D,0,,Y,,,Y,,L,04,1,0,0,0,0,0,1,0,0,"- ","- ",38.919540405273438,-119.97225952148438,"EL DORADO",UNINCORPORATED,-119.97206115722656,38.919475555419922
91579123,2021,2021-09-24,9245,2021-07-16,1650,015607,,5,2,9,0900,0,1,2,,2,140,US-50,"5 MILE ROAD",0.00,,Y,A,-,Y,,,50,,,,,,,Y,1,1,1,2,A,-,09,21801,A,N,D,C,A,A,D,-,A,D,0,,,,,Y,Y,A,01,0,1,0,0,0,0,0,0,0,"- ","- ",38.737380981445312,-120.71785736083984,"EL DORADO",UNINCORPORATED,-120.71788024902344,38.737300872802734
92021149,2023,2023-03-17,9245,2023-03-05,1400,019236,,7,2,9,0900,0,1,3,,1,122,"RT 193","BRUSH N ROCKS LN",15.00,E,N,D,-,Y,ED,,193," ",R,3.354,H,,R,Y,2,0,5,2,A,-,03,22350,,N,A,C,A,C,H,-,A,D,0,,,,,Y,Y,D,22,2,3,0,0,0,0,0,0,0,"- ","- ",38.895900726318359,-120.96060943603516,"EL DORADO",UNINCORPORATED,-120.96060943603516,38.895908355712891
92208614,2023,2023-10-25,9245,2023-10-14,2230,022185,,6,3,9,0900,0,3,5,,2,001,"GOLD HILL RD","GOLDERADO RD",50.00,E,N,A,-,N,,,,,,,,,,Y,2,0,1,1,A,-,01,23152,A,N,E,8,A,A,H,-,D,D,0,,,,,Y,Y,D,22,1,0,0,0,0,0,0,0,0,"- ","- ",38.760021209716797,-120.90850067138672,"EL DORADO",UNINCORPORATED,-120.90847778320312,38.760063171386719
6661879,2014,2014-10-23,9245,2014-08-31,2325,013405,,7,3,9,0900,0,3,5,,2,004,"DOLOMITE RD","PYRITE ST",3.00,W,N,A,-,N,,,,,,,,,,Y,2,0,2,1,A,-,01,23152,A,N,E,I,A,A,H,-,D,D,0,,,Y,,Y,Y,C,02,2,0,0,0,0,0,0,0,2,"- ","- ",38.644069999999999,-120.84645999999999,"EL DORADO",UNINCORPORATED,-120.84629844,38.644005100000001
90769616,2018,2018-07-16,9245,2018-07-08,0755,017040,,7,1,9,0900,0,1,3,,1,122,"SR-193 W/B","LOU ALLEN LN.",1.00,E,N,A,-,Y,,,193,,,,,,W,N,2,0,1,2,A,-,05,21460,A,N,D,C,A,A,H,-,A,D,0,,,Y,,Y,,C,02,1,0,0,0,0,0,0,0,1,"- ","- ",38.907630920410156,-120.92974853515625,"EL DORADO",UNINCORPORATED,-120.92970275878906,38.907505035400391
91788493,2022,2022-06-06,9245,2022-05-20,0548,019193,,5,3,9,0900,0,1,3,,1,135,SR-49,"RAMALAS LN",1848.00,N,N,A,-,Y,,,,,,,,,,Y,2,0,1,2,C,-,18,,,N,D,C,A,A,H,-,B,D,0,,,,Y,Y,,-,"- ",1,0,0,0,0,0,0,0,0,"- ","- ",38.606231689453125,-120.85311126708984,"EL DORADO",UNINCORPORATED,-120.85346984863281,38.606365203857422
92273754,2023,2023-12-28,9245,2023-10-26,1853,017364,,4,2,9,0900,0,1,3,,1,115,"STATE HIGHWAY 49","CASCADE LANE",0.00,,Y,B,-,Y,ED,,49," "," ",26.710,H,,R,Y,1,1,0,1,A,-,01,23152,A,N,E,9,A,A,H,-,D,D,0,,,,,Y,,D,22,0,0,0,0,0,0,0,0,0,"- ","- ",38.827419281005859,-120.94313049316406,"EL DORADO",UNINCORPORATED,-120.94313049316406,38.827472686767578
90319933,2016,2016-11-15,9245,2016-11-02,1230,013463,,3,1,9,0900,0,2,4,,2,031,"LATROBE ROAD","SUN RIDGE MEADOWS ROAD",1056.00,N,N,A,-,N,,,,,,,,,,Y,2,0,1,1,A,-,08,22107,,N,E,I,A,A,H,-,A,D,0,,,,,Y,,D,22,1,0,0,0,0,0,0,0,0,"- ","- ",38.589440000000003,-121.01179,"EL DORADO",UNINCORPORATED,-121.01143549,38.589251320000002
91069488,2019,2019-09-06,9245,2019-06-15,1224,017897,,6,1,9,0900,0,3,5,,2,003,"GREENSTONE RD","GREENSTONE CUTOFF",63.00,S,N,A,-,N,,,,,,,,,,Y,1,1,0,1,A,-,03,22350,,N,F,A,A,A,H,-,A,A,0,,,Y,,Y,,C,02,0,0,0,0,0,0,0,1,0,"- ","- ",38.67578125,-120.88671112060547,"EL DORADO",UNINCORPORATED,-120.88679504394531,38.675708770751953
91323576,2020,2020-10-14,9245,2020-10-08,2140,021415,,4,2,9,0900,0,2,4,,1,037,"MISSOURI FLAT RD","INDUSTRIAL DR",36.00,S,N,A,-,N,,,,,,,,,,N,2,0,1,1,A,-,08,22107,,N,E,I,A,A,H,-,C,D,0,,Y,,,Y,,L,04,1,0,0,0,0,0,1,0,0,"- ","- ",38.698101043701172,-120.82309722900391,"EL DORADO",UNINCORPORATED,-120.82304382324219,38.698501586914062
91603977,2021,2021-10-22,9245,2021-10-13,1510,019252,,3,2,9,0900,0,1,3,,1,135,SR-49,"DOLOMITE DR",528.00,S,N,A,-,Y,,,49,,,,,,,Y,2,0,1,1,A,-,08,22107,,N,E,I,A,A,H,-,A,D,0,,,,,Y,,A,01,1,0,0,0,0,0,0,0,0,"- ","- ",38.638069152832031,-120.85028839111328,"EL DORADO",UNINCORPORATED,-120.85041809082031,38.638065338134766
91606863,2021,2021-10-26,9245,2021-10-20,1240,018656,,3,1,9,0900,0,3,5,,2,003,"DIVIDEND DR","BUSINESS DR",100.00,E,N,B,-,N,,,,,,,,,,N,2,0,1,3,A,-,13,22515,A,N,G,B,E,A,H,-,A,D,0,Y,,,,Y,,A,01,1,0,0,0,1,0,0,0,0,"- ","- ",38.650501251220703,-120.949951171875,"EL DORADO",UNINCORPORATED,-120.95471954345703,38.648265838623047
94476829,2024,2024-11-20,9245,2024-11-09,1100,018601,,6,1,9,0900,0,2,4,,2,011,"GREEN VALLEY RD.","MISSOURI FLAT RD.",0.00,,Y,A,-,N,,,,,,,,,,N,2,0,1,2,A,-,04,21703,,N,C,C,A,A,H,-,A,D,0,,,Y,,Y,,C,02,1,0,0,0,0,0,0,0,1,"- ","- ",38.720161437988281,-120.86695861816406,"EL DORADO",UNINCORPORATED,-120.86686706542969,38.720149993896484
90611520,2017,2017-12-06,9245,2017-11-24,2335,018893,,5,3,9,0900,0,1,3,,1,122,"SR-193 N/B","TWIN PINES LOOP",528.00,N,N,A,-,Y,,,,,,,,,,Y,2,0,2,1,C,-,18,,,N,E,H,A,A,H,-,D,D,0,,,,,Y,,-,"- ",1,1,0,0,0,0,0,0,0,"- ","- ",38.867739999999998,-120.83320999999999,"EL DORADO",UNINCORPORATED,-120.83357212999999,38.862336740000003
6291369,2014,2015-12-17,9245,2014-06-14,1330,18653,,6,1,9,0900,0,2,4,,1,013,"LOTUS RD","SPRINGVALE RD",0.00,,Y,A,-,N,,,,,,,,,,Y,1,1,3,4,A,-,09,21801,A,N,D,C,A,A,H,-,A,D,0,,,Y,,Y,Y,A,01,0,3,0,0,0,0,0,1,2,"- ","- ",38.748730000000002,-120.93241999999999,"EL DORADO",UNINCORPORATED,-120.93245989,38.748689919999997
6353572,2014,2014-06-16,9245,2014-01-01,0853,12382,,3,1,9,0900,0,3,5,,2,004,"CEDAR RAVINE RD","QUARRY RD",0.00,,Y,A,-,N,,,,,,,,,,Y,2,0,1,1,A,-,01,23152,A,N,E,I,A,A,H,-,A,A,0,,,,,Y,Y,A,01,1,0,0,0,0,0,0,0,0,"- ","- ",38.689210000000003,-120.75924999999999,"EL DORADO",UNINCORPORATED,-120.75880985000001,38.689189990000003
6428147,2014,2014-06-20,9245,2014-03-26,1400,015107,,3,2,9,0900,0,2,4,,2,031,"LATROBE RD","SUNRIDGE MEADOW RD",528.00,N,N,C,-,N,,,,,,,,,,Y,2,0,5,2,A,-,03,22350,,N,A,C,A,B,H,-,A,D,0,,,,,Y,,A,01,1,0,4,0,0,0,0,0,0,"- ","- ",38.411099999999998,-121.0129,"EL DORADO",UNINCORPORATED,-121.01051183,38.588025080000001
6489197,2014,2014-07-26,9245,2014-05-21,1450,016629,,3,2,9,0900,0,2,4,,2,011,"GREEN VALLEY RD","MULBERRY LN",0.00,,Y,A,-,N,,,,,,,,,,N,2,0,1,2,A,-,05,21460,A,N,D,C,A,A,H,-,A,D,0,,,Y,,Y,,C,02,1,0,0,0,0,0,0,0,1,"- ","- ",,,"EL DORADO",UNINCORPORATED,-120.90292995999999,38.71290999
6503674,2014,2016-06-30,9245,2014-05-19,1240,018114,,1,1,9,0900,0,1,2,,2,140,"RT 50","CARSON RD",0.00,,Y,B,-,Y,ED,3,50,-,-,24.050,I,5,W,Y,2,0,2,2,A,-,09,21801,A,N,A,C,A,A,H,-,A,D,1,,,,,Y,,A,01,1,1,0,0,0,0,0,0,0,"- ","- ",38.740180000000002,-120.6973,"EL DORADO",UNINCORPORATED,-120.69675268,38.740115070000002
6504472,2014,2016-03-26,9245,2014-05-20,1455,15459,,2,2,9,0900,0,1,2,,2,110,"RT 50","LATROBE RD",3168.00,E,N,B,-,Y,ED,3,50,-,-,1.490,H,-,E,Y,2,0,1,2,A,-,03,22350,,N,E,I,A,A,H,-,A,D,1,,,,,Y,,A,07,1,0,0,0,0,0,0,0,0,"- ","- ",38.655299999999997,-121.06323999999999,"EL DORADO",UNINCORPORATED,-121.05980787999999,38.656388040000003
6527332,2014,2014-08-05,9245,2014-04-19,1300,012382,,6,1,9,0900,0,3,5,,2,002,"WENTWORTH SPRINGS RD","ICE HOUSE RD",5808.00,W,N,A,-,N,,,,,,,,,,Y,2,0,1,1,A,-,05,21650,,N,E,I,A,A,H,-,A,A,0,,,Y,,Y,,C,02,1,0,0,0,0,0,0,0,1,"- ","- ",38.93938,-120.41047,"EL DORADO",UNINCORPORATED,-120.41019974,38.939309999999999
6528707,2014,2014-08-13,9245,2014-06-23,1815,015563,,1,2,9,0900,0,3,5,,2,001,"SALMON FALLS RD","CHATEAU MONTELANA DR",528.00,N,N,A,-,N,,,,,,,,,,N,2,0,1,1,A,-,03,22350,,N,E,I,A,A,H,-,A,D,0,,,Y,,Y,,C,02,1,0,0,0,0,0,0,0,1,"- ","- ",38.766629999999999,-121.04025,"EL DORADO",UNINCORPORATED,-121.04101172999999,38.765954479999998
6566464,2014,2016-04-25,0901,2014-07-12,0100,224,0901,6,5,2,0901,0,0,0,,0,PP1,"RT 50","CANAL ST",503.00,W,N,A,-,Y,ED,3,50,-,-,17.440,H,-,W,Y,2,0,2,1,A,-,05,21650,,N,A,J,A,A,H,-,C,D,0,,,,,Y,Y,A,01,1,1,0,0,0,0,0,0,0,"- ","- ",,,"EL DORADO",PLACERVILLE,-120.80928736,38.72880017
6647288,2014,2014-10-16,9245,2014-08-22,0826,017935,,5,1,9,0900,0,2,4,,2,012,"SALMON FALLS RD","HIDDEN BRIDGE RD",500.00,N,N,A,-,N,,,,,,,,,,Y,2,0,2,1,A,-,01,23152,A,N,F,I,A,A,H,-,A,D,0,,,,,Y,Y,A,01,2,0,0,0,0,0,0,0,0,"- ","- ",,,"EL DORADO",UNINCORPORATED,-121.04377083,38.761677499999998