CASE_ID,ACCIDENT_YEAR,PROC_DATE,JURIS,COLLISION_DATE,COLLISION_TIME,OFFICER_ID,REPORTING_DISTRICT,DAY_OF_WEEK,CHP_SHIFT,POPULATION,CNTY_CITY_LOC,SPECIAL_COND,BEAT_TYPE,CHP_BEAT_TYPE,CITY_DIVISION_LAPD,CHP_BEAT_CLASS,BEAT_NUMBER,PRIMARY_RD,SECONDARY_RD,DISTANCE,DIRECTION,INTERSECTION,WEATHER_1,WEATHER_2,STATE_HWY_IND,CALTRANS_COUNTY,CALTRANS_DISTRICT,STATE_ROUTE,ROUTE_SUFFIX,POSTMILE_PREFIX,POSTMILE,LOCATION_TYPE,RAMP_INTERSECTION,SIDE_OF_HWY,TOW_AWAY,COLLISION_SEVERITY,NUMBER_KILLED,NUMBER_INJURED,PARTY_COUNT,PRIMARY_COLL_FACTOR,PCF_CODE_OF_VIOL,PCF_VIOL_CATEGORY,PCF_VIOLATION,PCF_VIOL_SUBSECTION,HIT_AND_RUN,TYPE_OF_COLLISION,MVIW,PED_ACTION,ROAD_SURFACE,ROAD_COND_1,ROAD_COND_2,LIGHTING,CONTROL_DEVICE,CHP_ROAD_TYPE,PEDESTRIAN_ACCIDENT,BICYCLE_ACCIDENT,MOTORCYCLE_ACCIDENT,TRUCK_ACCIDENT,NOT_PRIVATE_PROPERTY,ALCOHOL_INVOLVED,STWD_VEHTYPE_AT_FAULT,CHP_VEHTYPE_AT_FAULT,COUNT_SEVERE_INJ,COUNT_VISIBLE_INJ,COUNT_COMPLAINT_PAIN,COUNT_PED_KILLED,COUNT_PED_INJURED,COUNT_BICYCLIST_KILLED,COUNT_BICYCLIST_INJURED,COUNT_MC_KILLED,COUNT_MC_INJURED,PRIMARY_RAMP,SECONDARY_RAMP,LATITUDE,LONGITUDE,COUNTY,CITY,POINT_X,POINT_Y
6669846,2014,2014-12-19,9245,2014-10-18,1420,17089,,6,2,9,0900,0,2,4,,2,011,"GREEN VALLEY RD","STEVES WY",1056.00,W,N,A,-,N,,,,,,,,,,Y,2,0,8,3,A,-,01,23152,E,N,B,C,A,A,H,-,A,D,0,,,,,Y,,A,07,3,2,3,0,0,0,0,0,0,"- ","- ",38.713149999999999,-121.0605,"EL DORADO",UNINCORPORATED,-121.06254918,38.712841760000003
6718288,2014,2015-03-17,9245,2014-12-26,1800,17728,,5,2,9,0900,0,3,5,,2,004,"STRAWBERRY CREEK RD","RT 50",6336.00,S,N,B,-,N,,,,,,,,,,Y,1,1,1,1,A,-,01,23152,A,N,E,I,A,C,G,-,D,D,0,,,,,Y,Y,M,96,1,0,0,0,0,0,0,0,0,"- ","- ",38.77834,-120.15577999999999,"EL DORADO",UNINCORPORATED,-120.15577999999999,38.77834
6718541,2014,2015-06-10,9245,2014-09-21,1614,13839,,7,2,9,0900,0,1,3,,1,122,"RT 193","CRAMER RD",1056.00,W,N,A,-,Y,ED,3,193,-,R,1.850,H,-,W,Y,1,2,1,2,A,-,01,23152,E,N,D,C,A,A,H,-,A,D,0,,,,,Y,,A,01,0,1,0,0,0,0,0,0,0,"- ","- ",38.898409999999998,-120.98607,"EL DORADO",UNINCORPORATED,-120.98587874,38.89865382
6726991,2014,2015-01-22,9245,2014-11-27,2243,018240,,4,3,9,0900,0,2,4,,1,032,"SOUTH SHINGLE RD","MILTON RANCH RD",0.00,,Y,A,-,N,,,,,,,,,,Y,2,0,3,2,A,-,01,23152,A,N,A,C,A,A,H,-,D,D,0,,,,,Y,Y,A,01,2,1,0,0,0,0,0,0,0,"- ","- ",38.647779999999997,-120.94336,"EL DORADO",UNINCORPORATED,-120.94338996,38.647669890000003
6752978,2014,2015-01-13,9245,2014-10-25,0140,018466,,6,3,9,0900,0,2,4,,2,031,"LATROBE RD","SUNRIDGE MEADOWS",1056.00,S,N,A,-,N,,,,,,,,,,Y,2,0,3,1,A,-,08,22107,,F,E,I,A,A,H,-,D,D,0,,,,,Y,Y,A,07,1,2,0,0,0,0,0,0,0,"- ","- ",38.570399999999999,-120.99361,"EL DORADO",UNINCORPORATED,-121.00685931,38.584805209999999
6801735,2015,2015-03-05,9245,2015-02-06,0135,18624,9245,5,3,9,0900,0,3,5,,2,001,"WOOD MAR DR","MARINA VIEW DR",200.00,S,N,B,-,N,,,,,,,,,,Y,2,0,1,2,A,-,08,22107,,N,A,C,A,A,H,-,D,D,0,,,Y,,Y,,O,05,1,0,0,0,0,0,0,0,1,"- ","- ",38.717759999999998,-121.0877,"EL DORADO",UNINCORPORATED,-121.08761957,38.717742219999998
6819251,2015,2016-09-06,9245,2015-02-18,1620,018114,,3,2,9,0900,0,1,2,,2,140,"RT 50","CARSON RD",0.00,,Y,A,-,Y,ED,3,50,-,-,4.050,R,4,W,Y,2,0,3,2,A,-,09,21802,A,N,D,C,A,A,H,-,A,D,1,,,,,Y,,A,01,1,0,2,0,0,0,0,0,0,"- ","- ",38.74006,-120.6968,"EL DORADO",UNINCORPORATED,-120.6968,38.74006
6831656,2015,2015-03-18,9245,2015-02-25,0730,12382,,3,1,9,0900,0,3,5,,2,004,"SLY PARK RD","SINGING PINES WY",150.00,S,N,A,-,N,,,,,,,,,,N,2,0,1,1,A,-,03,22350,,N,F,A,A,A,H,-,A,A,0,,,Y,,Y,,C,02,1,0,0,0,0,0,0,0,1,"- ","- ",38.698050000000002,-120.60381,"EL DORADO",UNINCORPORATED,-120.6041975,38.697745660000002
6848185,2015,2015-03-25,9245,2015-02-27,2205,18624,9245,5,3,9,0900,0,3,5,,2,001,"BEECHWOOD DR","BANCROFT DR",300.00,N,N,B,-,N,,,,,,,,,,Y,2,0,1,2,A,-,01,23152,A,N,C,C,A,A,H,-,D,D,0,,,,Y,Y,Y,D,22,1,0,0,0,0,0,0,0,0,"- ","- ",38.715179999999997,-121.07859999999999,"EL DORADO",UNINCORPORATED,-121.07859109,38.714863469999997
6854008,2014,2016-01-14,9245,2014-11-07,1830,13839,,5,2,9,0900,0,2,4,,2,031,"LATROBE RD","CLUBHOUSE DR",2018.00,N,N,A,-,N,,,,,,,,,,Y,1,1,0,1,A,-,01,23152,F,N,E,I,A,A,H,-,D,D,0,,,,,Y,Y,A,01,0,0,0,0,0,0,0,0,0,"- ","- ",38.633589999999998,-121.05925999999999,"EL DORADO",UNINCORPORATED,-121.05914353999999,38.633332459999998
6854131,2014,2015-03-25,0902,2014-11-24,0426,200,0902,1,5,3,0902,0,0,0,,0,,"PIONEER TRL","EDNA ST",0.00,,Y,A,-,N,,,,,,,,,,Y,1,1,2,1,A,-,01,23152,A,N,E,I,A,A,H,-,D,A,0,,,,,Y,Y,A,01,2,0,0,0,0,0,0,0,0,"- ","- ",,,"EL DORADO","SOUTH LAKE TAHOE",-119.95489999,38.927019889999997
6864018,2015,2015-04-15,9245,2015-03-09,1550,18114,,1,2,9,0900,0,3,5,,2,004,"OLD CARSON RD","FOREST DR",3696.00,S,N,A,-,N,,,,,,,,,,Y,2,0,1,2,A,-,03,22350,,N,G,B,-,A,H,-,A,D,0,Y,,,,Y,Y,A,01,1,0,0,0,1,0,0,0,0,"- ","- ",38.756999999999998,-120.54351,"EL DORADO",UNINCORPORATED,-120.54220676,38.758013460000001
6883477,2015,2016-11-02,9245,2015-04-06,1600,015459,,1,2,9,0900,0,1,2,,2,110,"RT 50","CAMBRIDGE RD",3168.00,E,N,A,-,Y,ED,3,50,-,-,5.560,H,-,W,Y,2,0,1,1,A,-,01,23152,A,N,E,I,A,A,H,-,A,D,1,,,,,Y,Y,A,01,1,0,0,0,0,0,0,0,0,"- ","- ",,,"EL DORADO",UNINCORPORATED,-120.98733091,38.657279359999997
6891057,2015,2015-04-27,9245,2015-03-31,1920,015563,,2,2,9,0900,0,2,4,,1,013,"GOLD HILL RD","LOTUS RD",0.00,,Y,A,-,N,,,,,,,,,,Y,2,0,2,2,A,-,09,21802,A,N,D,C,A,A,H,-,B,A,0,,,,,Y,,A,07,1,0,1,0,0,0,0,0,0,"- ","- ",38.768990000000002,-121.92534000000001,"EL DORADO",UNINCORPORATED,-120.92530991,38.76887997
6902714,2015,2015-05-06,9245,2015-04-16,1740,0181114,,4,2,9,0900,0,3,5,,2,003,"CRYSTAL BL","BARITE ST",318.00,S,N,A,-,N,,,,,,,,,,N,2,0,2,1,A,-,01,23152,A,N,E,I,A,A,H,-,A,D,0,,,Y,,Y,Y,C,06,1,1,0,0,0,0,0,0,2,"- ","- ",38.576439999999998,-120.85509,"EL DORADO",UNINCORPORATED,-120.85498241000001,38.576404189999998
6909434,2015,2015-05-18,9245,2015-04-25,2133,015607,,6,2,9,0900,0,3,5,,2,001,"FRANCISCO DR","CAMBRIA WY",0.00,,Y,A,-,N,,,,,,,,,,Y,2,0,3,2,A,-,09,21802,A,N,D,C,A,A,H,-,D,D,0,,,,,Y,,A,01,2,0,1,0,0,0,0,0,0,"- ","- ",38.708100000000002,-121.0849,"EL DORADO",UNINCORPORATED,-121.08480998,38.708269899999998
6943782,2015,2015-06-26,9245,2015-05-09,1400,013028,,6,2,9,0900,0,2,4,,1,045,"NEWTOWN RD","IVY KNOLL DR",2112.00,N,N,A,-,N,,,,,,,,,,Y,2,0,1,1,A,-,01,23152,F,N,E,I,A,A,H,-,A,A,0,,,,,Y,Y,A,01,1,0,0,0,0,0,0,0,0,"- ","- ",38.792639999999999,-120.7495,"EL DORADO",UNINCORPORATED,-120.74202241,38.732462439999999
6961223,2015,2015-07-15,9245,2015-06-10,0910,13929,,3,1,9,0900,0,2,4,,1,041,"PLEASANT VALLEY RD","BIG CUT RD",130.00,W,N,B,-,N,,,,,,,,,,Y,2,0,1,1,A,-,08,22107,,N,F,A,A,A,H,-,A,D,0,,,Y,,Y,,C,02,1,0,0,0,0,0,0,0,1,"- ","- ",38.690170000000002,-120.78751,"EL DORADO",UNINCORPORATED,-120.78778882,38.690255790000002
6987551,2015,2016-12-17,9245,2015-06-29,0013,013028,,1,3,9,0900,0,1,3,,1,115,"RT 49","GREENWOOD CRK",528.00,S,N,A,-,Y,ED,3,49,-,-,26.720,H,-,N,Y,2,0,2,1,A,-,01,23152,A,N,F,A,A,A,D,-,D,D,0,,,,,Y,Y,D,22,1,1,0,0,0,0,0,0,0,"- ","- ",38.827370000000002,-120.94392999999999,"EL DORADO",UNINCORPORATED,-120.94338102,38.827464020000001
7006156,2015,2015-09-25,9245,2015-05-18,0405,13405,,1,3,9,0900,0,1,3,,1,135,"RT 49","CRYSTAL BL",1056.00,S,N,B,-,Y,ED,3,49,-,-,5.950,H,-,N,Y,1,1,0,1,A,-,08,22107,,N,E,I,A,A,H,-,D,D,0,,,,,Y,,A,01,0,0,0,0,0,0,0,0,0,"- ","- ",38.631079999999997,-120.85252,"EL DORADO",UNINCORPORATED,-120.85250852,38.630967380000001
7074119,2015,2017-01-13,0901,2015-08-23,1754,237,0901,7,5,2,0901,0,0,0,,0,PP1,"RT 50","CENTER ST",184.00,E,N,A,-,Y,ED,3,50,-,-,17.820,H,-,W,Y,2,0,2,2,A,-,03,22350,,N,C,C,A,A,H,-,A,A,0,,,Y,,Y,,C,02,1,0,1,0,0,0,0,0,2,"- ","- ",,,"EL DORADO",PLACERVILLE,-120.80269857,38.729116359999999
81367109,2020,2020-12-15,0902,2020-12-12,1415,241,,6,5,3,0902,0,0,0,,0,West,"LAKE TAHOE BLVD","EMERALD BAY RD",0.00,,Y,A,-,Y,,,,,,,,,,Y,2,0,1,2,A,-,12,21453,A,N,D,C,A,A,H,-,A,B,0,,,,,Y,,A,07,1,0,0,0,0,0,0,0,0,"- ","- ",,,"EL DORADO","SOUTH LAKE TAHOE",,
81676124,2022,2022-01-12,0902,2022-01-08,2143,241,,6,5,3,0902,0,0,0,,0,EAST,"PIONEER TRL","KELLER RD",0.00,,Y,A,-,N,,,,,,,,,,Y,2,0,1,2,A,-,08,22107,,N,A,C,A,A,H,-,C,D,0,,,,,Y,Y,D,22,1,0,0,0,0,0,0,0,0,"- ","- ",38.946651458740234,-119.94914245605469,"EL DORADO","SOUTH LAKE TAHOE",-119.94956970214844,38.946689605712891
81729510,2022,2022-03-23,0902,2022-03-13,1755,249,,7,5,3,0902,0,0,0,,0,MID,"STOCKTON AVE","CHRIS AVE",0.00,,Y,A,-,N,,,,,,,,,,N,2,0,1,2,A,-,09,21802,A,N,D,C,A,A,H,-,A,A,0,,,Y,,Y,,A,01,1,0,0,0,0,0,0,0,1,"- ","- ",38.923458099365234,-119.98635864257812,"EL DORADO","SOUTH LAKE TAHOE",-119.98655700683594,38.923488616943359
81789548,2022,2022-06-07,0902,2022-06-03,2316,247,,5,5,3,0902,0,0,0,,0,MID,"LAKE TAHOE BLVD","STOCKTON AVE",60.00,E,N,A,-,Y,,,,,,,,,,N,2,0,1,2,A,-,08,22107,,N,D,G,A,A,H,-,C,D,0,,Y,,,Y,Y,L,04,1,0,0,0,0,0,1,0,0,"- ","- ",38.924789428710938,-119.98795318603516,"EL DORADO","SOUTH LAKE TAHOE",-119.98741149902344,38.924526214599609
82032183,2023,2023-03-30,0902,2023-03-03,2006,247,,5,5,3,0902,0,0,0,,0,WEST,"LAKE TAHOE BLVD","3RD ST",250.00,E,N,A,-,Y,ED,,50," "," ",75.827,H,,L,Y,2,0,1,1,A,-,01,23152,A,N,H,A,A,C,H,-,C,D,0,,,,,Y,Y,A,01,1,0,0,0,0,0,0,0,0,"- ","- ",38.916999816894531,-119.99923706054688,"EL DORADO","SOUTH LAKE TAHOE",-119.99911499023438,38.916885375976562
82176249,2023,2023-09-21,0902,2023-08-13,1730,249,,7,5,3,0902,0,0,0,,0,EAST,"PIONEER TRL","BLACKWOOD RD",0.00,,Y,A,-,N,,,,,,,,,,Y,2,0,1,2,A,-,01,23152,A,N,D,C,A,A,H,-,A,D,0,,,,,Y,Y,A,07,1,0,0,0,0,0,0,0,0,"- ","- ",38.939239501953125,-119.9544677734375,"EL DORADO","SOUTH LAKE TAHOE",-119.95389556884766,38.938392639160156
84381841,2024,2024-09-05,0902,2024-08-21,2332,247,,3,5,3,0902,0,0,0,,0,EAST,"PIONEER TRL","ECHO RD",0.00,,Y,A,-,Y,,,,,,,,,,N,2,0,1,2,A,-,08,22107,,N,D,G,A,A,H,-,C,D,0,,Y,,,Y,,A,01,1,0,0,0,0,0,1,0,0,"- ","- ",38.953231811523438,-119.94637298583984,"EL DORADO","SOUTH LAKE TAHOE",-119.94631195068359,38.953277587890625
84574772,2025,2025-02-12,0902,2025-02-09,1642,235,,7,5,3,0902,0,0,0,,0,EAST,"LAKE TAHOE BLVD","HERBERT AVE",157.00,W,N,A,-,Y,ED,,50," "," ",79.090,H,,L,N,2,0,1,2,A,-,11,21954,A,F,G,B,D,A,H,-,A,D,0,Y,,Y,,Y,,N,60,1,0,0,0,1,0,0,0,0,"- ","- ",38.947219848632812,-119.96089172363281,"EL DORADO","SOUTH LAKE TAHOE",-119.96090698242188,38.947254180908203
8465487,2018,2018-11-16,0902,2018-09-28,1923,,0902,5,5,3,0902,0,0,0,,0,,"RT 50","AL TAHOE BL",272.00,W,N,A,-,Y,ED,3,50,-,-,77.480,H,-,E,Y,1,1,0,2,A,-,11,21954,A,N,G,B,D,A,H,-,D,A,0,Y,,,,Y,,N,60,0,0,0,1,0,0,0,0,0,"- ","- ",,,"EL DORADO","SOUTH LAKE TAHOE",-119.97798919677734,38.93365478515625
8939192,2019,2021-05-24,0902,2019-10-06,1954,,0902,7,5,3,0902,0,0,0,,0,EAST,"LAKE TAHOE BL","FAIRWAY AV",595.00,E,N,A,-,Y,ED,3,50,-,-,79.000,H,-,E,Y,1,1,0,2,A,-,03,22350,,F,G,B,D,A,H,-,C,A,0,Y,,,,Y,Y,A,01,0,0,0,1,0,0,0,0,0,"- ","- ",,,"EL DORADO","SOUTH LAKE TAHOE",-119.96247863769531,38.946731567382812
8984460,2019,2020-05-20,0902,2019-07-23,2121,232,0902,2,5,3,0902,0,0,0,,0,,"LAKE TAHOE BL","EDGEWOOD CIR",175.00,W,N,A,-,Y,ED,3,50,-,-,77.410,H,-,W,N,2,0,1,2,A,-,17,21228,,N,C,C,A,A,H,-,C,D,0,,,,,Y,,M,94,1,0,0,0,0,0,0,0,0,"- ","- ",,,"EL DORADO","SOUTH LAKE TAHOE",-119.97845458984375,38.9326171875
8987895,2019,2019-12-05,0902,2019-10-23,1309,240,SLTPD,3,5,3,0902,0,0,0,,0,MID,"RENO AV","CHRIS AV",9.00,S,N,A,-,N,,,,,,,,,,N,2,0,1,1,C,-,18,,,N,H,A,A,A,H,-,A,D,0,,,,Y,Y,,-,"- ",1,0,0,0,0,0,0,0,0,"- ","- ",,,"EL DORADO","SOUTH LAKE TAHOE",-119.98378753662109,38.92529296875
8990034,2019,2019-12-04,0902,2019-05-27,1921,232,0902,1,5,3,0902,0,0,0,,0,,"BLACKWOOD RD","HERBERT AV",294.00,S,N,B,-,N,,,,,,,,,,N,2,0,1,1,A,-,03,22350,,N,E,I,A,A,B,-,A,D,0,,,Y,,Y,Y,C,02,1,0,0,0,0,0,0,0,1,"- ","- ",,,"EL DORADO","SOUTH LAKE TAHOE",-119.96063995361328,38.943061828613281
90004174,2015,2016-01-27,9246,2015-06-09,1140,010056,,2,1,9,0900,0,2,4,,1,024,"PIONEER TRAIL","JICARILLA DRIVE",373.00,S,N,A,-,N,,,,,,,,,,N,1,1,0,2,A,-,08,22107,,N,B,G,A,A,H,-,A,D,0,,Y,,,Y,,A,07,0,0,0,0,0,1,0,0,0,"- ","- ",38.888289999999998,-119.97702,"EL DORADO",UNINCORPORATED,-119.97786589,38.888457619999997
90004871,2015,2015-10-19,9245,2015-07-01,2500,016451,,3,4,9,0900,0,1,3,,1,115,SR-49,"UNKNOWN LOCATION",0.00,,Y,A,-,Y,,,,,,,,,,N,2,0,1,1,A,-,03,22350,,N,E,I,A,A,H,-,A,D,0,,,Y,,Y,,C,02,1,0,0,0,0,0,0,0,1,"- ","- ",,,"EL DORADO",UNINCORPORATED,,
90007378,2015,2015-10-19,9245,2015-08-01,0910,012382,,6,1,9,0900,0,2,4,,1,026,"ICE HOUSE RD","USFS ROAD 17N12B",50.00,N,N,A,-,N,,,,,,,,,,N,2,0,1,1,A,-,05,21650,,N,F,A,A,A,H,-,A,A,0,,,Y,,Y,,C,02,1,0,0,0,0,0,0,0,1,"- ","- ",38.688670000000002,-120.83099,"EL DORADO",UNINCORPORATED,-120.37478328,38.854656230000003
90008215,2015,2015-10-19,9246,2015-08-01,1630,018006,,6,2,9,0900,0,2,4,,1,025,"NORTH UPPER TRUCKEE RD","W SAN BERNARDINO AVE",21.00,N,N,A,-,N,,,,,,,,,,Y,2,0,1,1,A,-,01,23152,A,N,E,I,A,A,H,-,A,D,0,,,Y,,Y,Y,C,02,1,0,0,0,0,0,0,0,1,"- ","- ",38.853400000000001,-120.03465,"EL DORADO",UNINCORPORATED,-120.03460882,38.853420640000003
90028865,2015,2015-10-19,9245,2015-09-26,1754,018663,,6,2,9,0900,0,3,5,,2,004,"OMO RANCH RD","RANCH CAMP RD",185.00,W,N,A,-,N,,,,,,,,,,Y,2,0,5,1,A,-,01,23152,A,N,F,A,A,A,H,-,A,D,0,,,,,Y,Y,A,07,4,1,0,0,0,0,0,0,0,"- ","- ",38.566679999999998,-120.70484999999999,"EL DORADO",UNINCORPORATED,-120.70554455,38.566649320000003
90030752,2015,2015-10-19,9245,2015-10-01,0952,017897,,4,1,9,0900,0,3,5,,2,003,"LATROBE RD","SUN RIDGE MEADOW RD",700.00,N,N,C,-,N,,,,,,,,,,Y,2,0,1,1,A,-,03,22350,,N,E,I,A,B,H,-,A,D,0,,,,,Y,,A,01,1,0,0,0,0,0,0,0,0,"- ","- ",38.588520000000003,-121.01101,"EL DORADO",UNINCORPORATED,-121.01091409,38.588375910000003
9003381,2018,2019-12-28,0902,2018-06-06,1850,228,ELDOR,3,5,3,0902,0,0,0,,0,,"TAHOE KEYS BL","JEFFREY ST",0.00,,N,A,-,N,,,,,,,,,,N,2,0,1,2,A,-,17,21208,A,F,H,G,A,A,H,-,A,D,0,,Y,,,Y,,L,04,1,0,0,0,0,0,1,0,0,"- ","- ",,,"EL DORADO","SOUTH LAKE TAHOE",-120.00144195556641,38.923698425292969
90063909,2015,2015-12-02,9245,2015-11-08,1815,015421,,7,2,9,0900,0,3,5,,2,004,"FAIRPLAY ROAD","DORADO CANYON RD",893.00,E,N,B,C,N,,,,,,,,,,Y,2,0,1,1,A,-,01,23152,A,N,E,I,A,B,H,-,C,D,0,,,,,Y,Y,A,01,1,0,0,0,0,0,0,0,0,"- ","- ",38.601529999999997,-120.69635,"EL DORADO",UNINCORPORATED,-120.69569749,38.601568039999997
90073459,2015,2015-12-15,9246,2015-12-06,1620,010056,,7,2,9,0900,0,1,3,,1,023,"STATE ROUTE 89","GRASS LAKE RD",3696.00,S,N,B,-,Y,,,89,,,,,,,Y,2,0,1,1,A,-,08,22107,,N,F,I,A,A,H,-,A,D,0,,,,,Y,,A,07,1,0,0,0,0,0,0,0,0,"- ","- ",38.80639,-120.01009000000001,"EL DORADO",UNINCORPORATED,-120.01015596000001,38.806375199999998
90089142,2015,2016-01-06,9245,2015-11-03,0605,012315,,2,1,9,0900,0,1,3,,1,135,"STATE HIGHWAY 49","ORE CT",3087.00,N,N,A,-,Y,,,49,,,,,,,Y,1,2,1,3,A,-,05,21460,A,N,B,C,A,B,H,-,D,D,0,,,,,Y,,A,01,0,1,0,0,0,0,0,0,0,"- ","- ",38.649360000000001,-120.85133999999999,"EL DORADO",UNINCORPORATED,-120.85128152999999,38.649379379999999
90091455,2015,2016-01-08,9245,2015-12-26,1445,018893,,6,2,9,0900,0,3,5,,2,002,"PONY EXPRESS TRL","ANDREWS LN",528.00,W,N,A,-,N,,,,,,,,,,Y,2,0,1,1,A,-,03,22350,,N,F,A,A,C,H,-,A,D,0,,,,,Y,,A,07,1,0,0,0,0,0,0,0,0,"- ","- ",38.748919999999998,-120.62562,"EL DORADO",UNINCORPORATED,-120.62436820000001,38.749566039999998
90149694,2016,2016-04-04,9245,2016-03-26,1100,018502,,6,1,9,0900,0,2,4,,2,011,"GREEN VALLEY RD","TRAVOIS CIR",56.00,E,N,A,-,Y,,,,,,,,,,Y,2,0,3,2,A,-,09,21801,A,N,D,C,A,A,H,-,A,D,0,,,,,Y,,A,07,1,1,1,0,0,0,0,0,0,"- ","- ",38.698540000000001,-121.01441,"EL DORADO",UNINCORPORATED,-121.01446774,38.69849696
90152871,2016,2016-04-07,9245,2016-03-26,1849,017897,,6,2,9,0900,0,1,3,,1,122,"SR-193 (GEORGETOWN RD.)","GARDEN VALLEY RD",110.00,S,N,A,-,Y,,,193,,,,,,,Y,2,0,1,1,A,-,01,23152,A,M,E,I,A,A,H,-,A,D,0,,,,,Y,Y,A,01,1,0,0,0,0,0,0,0,0,"- ","- ",38.815800000000003,-120.82226,"EL DORADO",UNINCORPORATED,-120.82222399,38.81580434
90185320,2016,2016-07-15,9245,2016-04-29,1235,018466,,5,1,9,0900,0,1,2,,2,120,"US-50 W/B","FORNI RD",528.00,W,N,A,-,Y,,,50,,,,,,W,Y,2,0,2,1,A,-,03,22350,,N,E,I,A,A,H,-,A,D,0,,,,,Y,,A,01,1,1,0,0,0,0,0,0,0,"- ","- ",38.720799999999997,-120.83488,"EL DORADO",UNINCORPORATED,-120.83471369,38.720612789999997
90186427,2016,2016-05-25,9245,2016-04-30,2135,018656,,6,2,9,0900,0,1,2,,2,140,"US-50 E/B","PAUL BUNYON RD",323.00,E,N,B,-,Y,,,50,,,,,,E,Y,1,1,0,1,A,-,03,22350,,N,E,I,A,A,H,-,C,D,0,,,,,Y,,A,07,0,0,0,0,0,0,0,0,0,"- ","- ",38.736910000000002,-120.71692,"EL DORADO",UNINCORPORATED,-120.71691,38.736970929999998
90190118,2016,2017-08-11,9246,2016-05-14,1747,018418,,6,2,9,0900,0,1,2,,1,020,"U.S. HIGHWAY 50","SLIPPERY FORD RD",1243.00,E,N,B,-,Y,,,,,,,,,,Y,1,1,0,1,A,-,01,23152,A,N,F,A,A,A,H,-,A,D,0,,,Y,,Y,Y,C,02,0,0,0,0,0,0,0,1,0,"- ","- ",38.802500000000002,-120.12184999999999,"EL DORADO",UNINCORPORATED,,
90191806,2016,2016-05-31,9245,2016-05-14,1742,017897,,6,2,9,0900,0,1,2,,2,140,US-50,"STILL MEADOW RD",0.00,,Y,A,-,Y,,,50,,,,,,,Y,2,0,3,2,A,-,09,21802,A,N,D,C,A,A,H,-,A,A,0,,,,,Y,,A,01,1,1,1,0,0,0,0,0,0,"- ","- ",38.737580000000001,-120.73223,"EL DORADO",UNINCORPORATED,-120.73224297,38.737683429999997
90194941,2016,2016-06-06,9245,2016-06-02,2039,017364,,4,2,9,0900,0,3,5,,2,004,"STRING CANYON RD","EAGLE HILL RD",4224.00,E,N,A,-,N,,,,,,,,,,Y,2,0,4,1,A,-,01,23152,A,N,E,I,A,A,H,-,B,D,0,,,,,Y,Y,A,01,1,3,0,0,0,0,0,0,0,"- ","- ",38.647570000000002,-120.54261,"EL DORADO",UNINCORPORATED,-120.53537301999999,38.639893690000001
90195262,2016,2016-06-06,9245,2016-05-22,1315,013463,,7,1,9,0900,0,1,3,,1,115,"STATE ROUTE 49","RATTLESNAKE BAR RD",27.00,N,N,A,B,Y,,,,,,,,,,Y,2,0,2,2,A,-,03,22350,,N,C,C,A,A,H,-,A,D,0,,,Y,,Y,,C,02,1,1,0,0,0,0,0,0,2,"- ","- ",38.840820000000001,-121.01383,"EL DORADO",UNINCORPORATED,-121.01514061,38.84100377
90197375,2016,2016-06-08,9245,2016-05-26,1630,018466,,4,2,9,0900,0,3,5,,2,003,"EL DORADO RD","SILVER LODE DR",453.00,N,N,A,-,N,,,,,,,,,,Y,2,0,1,1,A,-,01,23152,A,N,E,I,A,A,H,-,A,D,0,,,,,Y,Y,A,01,1,0,0,0,0,0,0,0,0,"- ","- ",38.694429999999997,-120.86189,"EL DORADO",UNINCORPORATED,-120.86181891,38.694448049999998
9020464,2018,2020-01-31,0902,2018-08-19,0012,205,0902,7,5,3,0902,0,0,0,,0,EAST,"LAKE TAHOE BL","LAKEVIEW AV",0.00,,Y,A,-,Y,ED,3,50,-,-,78.210,I,5,E,N,2,0,1,2,A,-,11,21950,B,N,G,B,B,A,H,-,D,A,0,Y,,,,Y,Y,N,60,1,0,0,0,1,0,0,0,0,"- ","- ",,,"EL DORADO","SOUTH LAKE TAHOE",-119.97633361816406,38.944126129150391
9020468,2018,2020-01-31,0902,2018-07-21,1221,208,0902,6,5,3,0902,0,0,0,,0,WEST,"EMERALD BAY RD","F ST",833.00,S,N,A,-,Y,ED,3,50,-,-,74.570,H,-,W,Y,2,0,1,2,A,-,03,22350,,N,C,C,A,A,H,-,A,D,0,,,Y,,Y,,C,02,1,0,0,0,0,0,0,0,0,"- ","- ",,,"EL DORADO","SOUTH LAKE TAHOE",-119.99808502197266,38.901721954345703
90208010,2016,2016-06-23,9245,2016-06-05,2030,017737,,7,2,9,0900,0,3,5,,2,003,"SOUTH SHINGLE ROAD","SILVER OAKS LN",200.00,N,N,A,-,N,,,,,,,,,,Y,2,0,1,1,A,-,01,23152,A,N,F,A,A,A,H,-,B,D,0,,,Y,,Y,Y,C,02,1,0,0,0,0,0,0,0,1,"- ","- ",38.585320000000003,-120.96631000000001,"EL DORADO",UNINCORPORATED,-120.96603768999999,38.585636979999997
90239761,2016,2016-08-08,9245,2016-06-12,1123,013929,,7,1,9,0900,0,2,4,,1,039,"MOTHER LODE DRIVE","FAWN STREET",528.00,W,N,A,-,N,,,,,,,,,,Y,1,1,1,1,C,-,18,,,N,F,A,A,A,H,-,A,D,0,,,Y,,Y,,-,"- ",0,1,0,0,0,0,0,1,1,"- ","- ",38.670119999999997,-120.89530999999999,"EL DORADO",UNINCORPORATED,-120.89483432,38.670236959999997