CASE_ID,ACCIDENT_YEAR,PROC_DATE,JURIS,COLLISION_DATE,COLLISION_TIME,OFFICER_ID,REPORTING_DISTRICT,DAY_OF_WEEK,CHP_SHIFT,POPULATION,CNTY_CITY_LOC,SPECIAL_COND,BEAT_TYPE,CHP_BEAT_TYPE,CITY_DIVISION_LAPD,CHP_BEAT_CLASS,BEAT_NUMBER,PRIMARY_RD,SECONDARY_RD,DISTANCE,DIRECTION,INTERSECTION,WEATHER_1,WEATHER_2,STATE_HWY_IND,CALTRANS_COUNTY,CALTRANS_DISTRICT,STATE_ROUTE,ROUTE_SUFFIX,POSTMILE_PREFIX,POSTMILE,LOCATION_TYPE,RAMP_INTERSECTION,SIDE_OF_HWY,TOW_AWAY,COLLISION_SEVERITY,NUMBER_KILLED,NUMBER_INJURED,PARTY_COUNT,PRIMARY_COLL_FACTOR,PCF_CODE_OF_VIOL,PCF_VIOL_CATEGORY,PCF_VIOLATION,PCF_VIOL_SUBSECTION,HIT_AND_RUN,TYPE_OF_COLLISION,MVIW,PED_ACTION,ROAD_SURFACE,ROAD_COND_1,ROAD_COND_2,LIGHTING,CONTROL_DEVICE,CHP_ROAD_TYPE,PEDESTRIAN_ACCIDENT,BICYCLE_ACCIDENT,MOTORCYCLE_ACCIDENT,TRUCK_ACCIDENT,NOT_PRIVATE_PROPERTY,ALCOHOL_INVOLVED,STWD_VEHTYPE_AT_FAULT,CHP_VEHTYPE_AT_FAULT,COUNT_SEVERE_INJ,COUNT_VISIBLE_INJ,COUNT_COMPLAINT_PAIN,COUNT_PED_KILLED,COUNT_PED_INJURED,COUNT_BICYCLIST_KILLED,COUNT_BICYCLIST_INJURED,COUNT_MC_KILLED,COUNT_MC_INJURED,PRIMARY_RAMP,SECONDARY_RAMP,LATITUDE,LONGITUDE,COUNTY,CITY,POINT_X,POINT_Y
90243778,2016,2016-08-12,9245,2016-08-08,1815,015421,,1,2,9,0900,0,1,2,,2,120,"US-50 E/B","FORNI RD",654.00,W,N,A,-,Y,,,50,,,,,,E,Y,2,0,1,1,A,-,08,22107,,N,E,I,A,A,H,-,A,D,0,,,Y,,Y,,C,02,1,0,0,0,0,0,0,0,1,"- ","- ",38.71996,-120.83512,"EL DORADO",UNINCORPORATED,-120.83507984000001,38.719935329999998
90247836,2016,2016-08-18,9245,2016-08-16,1400,017756,,2,2,9,0900,0,3,5,,2,002,"WENTWORTH SPRINGS RD","RAINTREE RD",0.00,,Y,A,-,N,,,,,,,,,,Y,2,0,3,2,A,-,01,23152,A,N,D,C,A,A,H,-,A,D,0,,,,,Y,Y,A,07,2,1,0,0,0,0,0,0,0,"- ","- ",38.920999999999999,-120.8103,"EL DORADO",UNINCORPORATED,-120.81031996,38.921049969999999
90254550,2016,2016-08-26,9245,2016-08-20,1705,018782,,6,2,9,0900,0,3,5,,2,002,SR-49,"BACCHI RD",20.00,S,N,A,-,Y,,,49,,,,,,,Y,2,0,1,1,C,-,18,,,N,E,H,A,A,H,-,A,D,0,,,Y,,Y,,-,"- ",1,0,0,0,0,0,0,0,1,"- ","- ",38.814,-120.91427,"EL DORADO",UNINCORPORATED,-120.91424795,38.814051739999996
90259200,2016,2016-09-01,9245,2016-08-29,1150,013342,,1,1,9,0900,0,2,4,,2,012,"SALMON FALLS ROAD","GALLAGHER RD",1848.00,S,N,A,-,N,,,,,,,,,,Y,2,0,1,1,C,-,18,,,N,E,H,A,A,H,-,A,D,0,,,Y,,Y,,-,"- ",1,0,0,0,0,0,0,0,1,"- ","- ",38.783430000000003,-121.03246,"EL DORADO",UNINCORPORATED,-121.03211567,38.783513880000001
90268259,2016,2016-09-15,9245,2016-08-14,1232,012315,,7,1,9,0900,0,2,4,,1,026,"ICE HOUSE RD","ICE HOUSE RESORT",2640.00,S,N,A,-,N,,,,,,,,,,Y,1,1,0,2,A,-,05,21460,A,N,A,C,A,A,H,-,A,D,0,,,Y,,Y,Y,C,02,0,0,0,0,0,0,0,1,0,"- ","- ",38.808030000000002,-120.37949,"EL DORADO",UNINCORPORATED,,
90271940,2016,2016-09-20,9245,2016-09-11,0750,013463,,7,1,9,0900,0,3,5,,2,002,"MARSHALL ROAD","MAIN ST",1056.00,S,N,A,-,N,,,,,,,,,,Y,2,0,1,1,A,-,08,22107,,N,F,A,A,A,H,-,B,D,0,,,Y,,Y,,C,02,1,0,0,0,0,0,0,0,1,"- ","- ",38.90372,-120.839,"EL DORADO",UNINCORPORATED,-120.83911657,38.902480709999999
90276089,2016,2016-09-26,9245,2016-09-13,2010,017756,,2,2,9,0900,0,3,5,,2,001,"BEATTY DR","POWERS DRIVE",800.00,N,N,A,-,N,,,,,,,,,,N,2,0,1,1,A,-,05,21650,,N,E,I,A,A,H,-,B,D,0,,,Y,,Y,,C,02,1,0,0,0,0,0,0,0,1,"- ","- ",38.680399999999999,-121.092,"EL DORADO",UNINCORPORATED,-121.09223473,38.680239110000002
90282686,2016,2016-10-03,9245,2016-09-21,2024,017897,,3,2,9,0900,0,2,4,,1,013,"PONDEROSA RD","CACTUS RD",0.00,,Y,A,-,N,,,,,,,,,,Y,2,0,3,2,A,-,08,22107,,N,D,C,A,A,H,-,D,D,0,,,,,Y,,A,01,1,2,0,0,0,0,0,0,0,"- ","- ",38.676659999999998,-120.94311,"EL DORADO",UNINCORPORATED,-120.94316988999999,38.676949989999997
90295838,2016,2016-10-19,9245,2016-10-14,1555,018782,,5,2,9,0900,0,3,5,,2,004,"CEDAR RAVINE ROAD","QUARRY ROAD",1584.00,N,N,B,C,N,,,,,,,,,,Y,2,0,1,1,A,-,03,22350,,N,F,I,A,B,H,-,A,D,0,,,,,Y,,A,01,1,0,0,0,0,0,0,0,0,"- ","- ",38.694180000000003,-120.76049,"EL DORADO",UNINCORPORATED,-120.76014279,38.693216229999997
90311018,2016,2016-11-03,9245,2016-10-23,1530,012366,,7,2,9,0900,0,3,5,,2,002,"WENTWORTH SPRINGS RD","ICE HOUSE RD",18480.00,W,N,A,-,N,,,,,,,,,,Y,2,0,1,1,A,-,03,22350,,N,F,I,A,A,H,-,A,D,0,,,Y,,Y,,C,02,1,0,0,0,0,0,0,0,1,"- ","- ",38.943820000000002,-120.45001000000001,"EL DORADO",UNINCORPORATED,-120.44929925,38.944044179999999
90315541,2016,2016-11-09,9245,2016-11-02,0810,012382,,3,1,9,0900,0,3,5,,2,004,"NEWTOWN RD","FORT JIM RD (NORTH)",105.00,W,N,A,-,N,,,,,,,,,,Y,2,0,1,1,A,-,05,21650,,N,E,I,A,B,H,-,A,A,0,,,,,Y,,A,07,1,0,0,0,0,0,0,0,0,"- ","- ",38.714930000000003,-120.71409,"EL DORADO",UNINCORPORATED,-120.71396659,38.714948290000002
90337112,2016,2016-12-05,9245,2016-11-22,1815,017756,,2,2,9,0900,0,3,5,,2,004,"PLEASANT VALLEY ROAD","LEISURE LANE",22.00,W,N,A,-,N,,,,,,,,,,Y,2,0,2,2,A,-,01,23152,A,N,C,C,A,A,H,-,D,D,0,,,,,Y,Y,D,22,1,0,1,0,0,0,0,0,0,"- ","- ",38.686300000000003,-120.6678,"EL DORADO",UNINCORPORATED,-120.66779956000001,38.686266250000003
90348987,2016,2016-12-20,9245,2016-12-01,1835,018756,,4,2,9,0900,0,1,2,,2,120,"US-50 W/B","EL DORADO RD",8.00,W,N,A,-,Y,,,50,,,,,,W,Y,2,0,1,1,A,-,01,23152,A,N,E,I,A,A,H,-,D,D,0,,,,,Y,Y,A,01,1,0,0,0,0,0,0,0,0,"- ","- ",38.705289999999998,-120.85678,"EL DORADO",UNINCORPORATED,-120.85664017000001,38.704856040000003
90391652,2017,2017-02-13,9245,2017-02-02,1820,017364,,4,2,9,0900,0,3,5,,2,003,"CAMERON PARK DR","COACH LN",0.00,,N,C,-,N,,,,,,,,,,N,2,0,1,2,A,-,11,21954,A,N,G,B,D,B,H,-,C,D,0,Y,,,,Y,Y,N,60,1,0,0,0,1,0,0,0,0,"- ","- ",38.656979999999997,-120.96902,"EL DORADO",UNINCORPORATED,-120.96904992,38.658129889999998
90392835,2017,2017-03-28,9245,2017-01-12,1900,018782,,4,2,9,0900,0,1,2,,2,150,US-50,"SLY PARK ROAD",170.00,E,N,B,-,Y,,,50,,,,,,,Y,1,1,0,1,A,-,03,22350,,N,E,I,A,C,H,-,D,D,0,,,,,Y,,A,07,0,0,0,0,0,0,0,0,0,"- ","- ",38.761220000000002,-120.57470000000001,"EL DORADO",UNINCORPORATED,-120.57469888999999,38.761253250000003
90405580,2017,2017-03-03,9245,2017-02-25,0200,018663,,6,3,9,0900,0,1,2,,2,140,"US-50 E/B","8 MILE RD",500.00,W,N,A,-,Y,,,50,,,,,,E,Y,2,0,1,1,A,-,01,23152,A,N,E,I,A,A,H,-,D,D,0,,,,,Y,Y,D,22,1,0,0,0,0,0,0,0,0,"- ","- ",38.736499999999999,-120.66618,"EL DORADO",UNINCORPORATED,-120.66620648999999,38.736522469999997
90408243,2017,2017-03-08,9245,2017-03-01,1110,012382,,3,1,9,0900,0,2,4,,1,043,"SLY PARK RD","MAYFLOWER RD",311.00,N,N,A,-,N,,,,,,,,,,Y,2,0,1,1,A,-,05,21650,,N,E,I,A,A,H,-,A,A,0,,,,,Y,,A,01,1,0,0,0,0,0,0,0,0,"- ","- ",38.757480000000001,-120.56104000000001,"EL DORADO",UNINCORPORATED,-120.55951,38.75714
90421715,2017,2017-03-27,9245,2017-01-11,1801,015607,,3,2,9,0900,0,2,4,,1,013,"LOTUS RD","RODAN LN",171.00,N,N,B,-,N,,,,,,,,,,Y,1,2,2,2,A,-,01,23152,A,N,B,C,A,A,H,-,D,D,0,,,,Y,Y,Y,A,01,1,0,1,0,0,0,0,0,0,"- ","- ",38.789990000000003,-120.91343000000001,"EL DORADO",UNINCORPORATED,-120.91369817,38.790287249999999
90432778,2017,2017-04-12,9245,2017-04-03,1630,018477,,1,2,9,0900,0,3,5,,2,004,"NORTH SOUTH ROAD","OMO RANCH ROAD",15840.00,N,N,A,-,N,,,,,,,,,,N,2,0,1,1,A,-,03,22350,,N,F,A,A,A,H,-,A,D,0,,,Y,,Y,,C,02,1,0,0,0,0,0,0,0,1,"- ","- ",38.547719999999998,-120.45322,"EL DORADO",UNINCORPORATED,-120.4556036,38.55018759
90449443,2017,2017-05-04,9245,2017-05-01,2319,012833,,1,3,9,0900,0,1,3,,1,122,"SR-193 E/B","CHERRY ACRES RD",273.00,E,N,A,-,Y,,,193,,,,,,E,Y,2,0,1,1,A,-,01,23152,A,N,E,I,A,A,H,-,D,D,0,,,,,Y,Y,A,01,1,0,0,0,0,0,0,0,0,"- ","- ",38.888649999999998,-121.00539999999999,"EL DORADO",UNINCORPORATED,-121.00533793,38.888489229999998
90470802,2017,2017-06-22,9246,2017-02-01,1635,015910,,3,2,9,0900,0,1,3,,1,023,SR-89,"BIG MEADOW TRAILHEAD",7392.00,E,N,A,-,N,,,89,,,,,,,Y,1,1,2,3,A,-,01,23152,F,N,D,C,A,A,H,-,A,D,0,,,,,Y,,D,22,0,0,2,0,0,0,0,0,0,"- ","- ",38.796390000000002,-119.97689,"EL DORADO",UNINCORPORATED,-119.97687732999999,38.796448419999997
90473237,2017,2017-06-07,9245,2017-05-28,1645,017737,,7,2,9,0900,0,3,5,,2,004,"NORTH SOUTH RD","10 B 83 L",3696.00,N,N,A,-,N,,,,,,,,,,N,2,0,1,1,A,-,03,22350,,N,F,A,A,A,H,-,A,D,0,,,Y,,Y,,C,02,1,0,0,0,0,0,0,0,1,"- ","- ",38.570180000000001,-120.43313999999999,"EL DORADO",UNINCORPORATED,-120.42601347,38.574424010000001
90491025,2017,2017-06-29,9245,2017-06-25,0958,016451,,7,1,9,0900,0,1,3,,1,122,"RT 193","ELLINGHOUSE DR",0.00,,Y,A,-,Y,,,193,,,,,,,Y,2,0,2,2,A,-,09,21801,A,N,D,C,A,A,H,-,A,D,0,,,Y,,Y,,A,01,1,1,0,0,0,0,0,0,1,"- ","- ",38.887059999999998,-121.01373,"EL DORADO",UNINCORPORATED,-121.0137532,38.887226429999998
90504976,2017,2017-07-26,9245,2017-07-11,1400,018724,,2,2,9,0900,0,3,5,,2,004,"MT AUKUM ROAD 5951 BLOCK","BUCKS BAR RD",507.00,S,N,A,-,N,,,,,,,,,,Y,2,0,1,2,A,-,01,23152,A,N,A,C,A,A,H,-,A,D,0,,,,Y,Y,Y,A,01,1,0,0,0,0,0,0,0,0,"- ","- ",38.646160000000002,-120.68676000000001,"EL DORADO",UNINCORPORATED,-120.68661579,38.646566319999998
90527366,2017,2017-08-21,9245,2017-05-23,2243,018663,,2,3,9,0900,0,3,5,,2,001,"CAMBRIDGE RD","CIMMARRON RD",0.00,,Y,A,-,N,,,,,,,,,,Y,1,1,1,2,A,-,01,23152,A,N,D,C,A,A,H,-,C,D,0,,,,,Y,Y,D,22,1,0,0,0,0,0,0,0,0,"- ","- ",38.694699999999997,-121.00219,"EL DORADO",UNINCORPORATED,-121.00219998,38.694679919999999
90530198,2017,2017-08-24,9245,2017-06-23,0425,018656,,5,3,9,0900,0,1,3,,1,122,SR-193,"TWIN PINES LOOP",700.00,N,N,A,-,Y,,,193,,,,,,,Y,1,1,0,1,A,-,05,21650,,N,E,I,A,A,H,-,C,D,0,,,,,Y,,D,22,0,0,0,0,0,0,0,0,0,"- ","- ",38.866329999999998,-120.83314,"EL DORADO",UNINCORPORATED,-120.83323984,38.86632985
90536109,2017,2017-08-29,9245,2017-08-19,2045,018466,,6,2,9,0900,0,3,5,,2,001,"SOPHIA PRKY","E. NATOMA STREET",1584.00,N,N,A,-,N,,,,,,,,,,Y,2,0,5,1,A,-,03,22350,,N,F,A,A,A,H,-,D,D,0,,,,,Y,,A,01,1,2,2,0,0,0,0,0,0,"- ","- ",38.676540000000003,-121.09878999999999,"EL DORADO",UNINCORPORATED,-121.09862566,38.67635551
90537965,2017,2017-08-31,9245,2017-08-27,1000,016451,,7,1,9,0900,0,3,5,,2,002,"WENTWORTH SPRINGS RD","UNCLE TOMS CABIN",10560.00,E,N,A,-,N,,,,,,,,,,Y,2,0,1,1,A,-,03,22350,,N,E,I,A,A,H,-,A,D,0,,,Y,,Y,,C,02,1,0,0,0,0,0,0,0,1,"- ","- ",38.95046,-120.46296,"EL DORADO",UNINCORPORATED,-120.4682073,38.944574000000003
90584226,2017,2017-10-31,9245,2017-10-24,0013,016328,,2,3,9,0900,0,3,5,,2,004,"PLEASANT VALLLEY RD","KARL DR",88.00,E,N,A,-,N,,,,,,,,,,Y,2,0,1,1,C,-,18,,,N,E,J,A,A,H,-,D,D,0,,,Y,,Y,,-,"- ",1,0,0,0,0,0,0,0,1,"- ","- ",38.694870000000002,-120.80119000000001,"EL DORADO",UNINCORPORATED,-120.80117485,38.694788699999997
90613578,2017,2017-12-11,9245,2017-12-01,1205,018466,,5,1,9,0900,0,3,5,,2,004,"CEDAR RAVINE RD","CAMP NAUVOO RD",149.00,S,N,A,-,N,,,,,,,,,,Y,2,0,1,1,A,-,03,22350,,N,E,I,A,A,H,-,A,D,0,,,,,Y,,A,01,1,0,0,0,0,0,0,0,0,"- ","- ",38.706519999999998,-120.75275999999999,"EL DORADO",UNINCORPORATED,-120.76267086999999,38.706524649999999
90628946,2017,2017-12-28,9245,2017-12-13,1920,018782,,3,2,9,0900,0,1,2,,2,140,"US-50 WESTBOUND","SCHNELL SCHOOL RD",1026.00,W,N,A,-,Y,,,,,,,,,,Y,1,1,0,1,A,-,08,22107,,N,E,I,A,A,H,-,C,D,0,,,,,Y,,A,01,0,0,0,0,0,0,0,0,0,"- ","- ",38.73292,-120.78317,"EL DORADO",UNINCORPORATED,-120.78299925,38.732883770000001
90635533,2018,2018-01-08,9245,2018-01-07,1450,015421,,7,2,9,0900,0,3,5,,2,003,"VALLEY VIEW PARKWAY","WHITE ROCK ROAD",1153.00,S,N,B,-,N,,,,,,,,,,Y,2,0,4,2,A,-,01,23152,F,N,D,C,A,A,H,-,A,D,0,,,,,Y,,A,01,3,0,1,0,0,0,0,0,0,"- ","- ",38.646759033203125,-121.05880737304688,"EL DORADO",UNINCORPORATED,-121.05876922607422,38.646854400634766
90640531,2018,2018-01-16,9246,2018-01-08,2500,014471,,1,4,9,0900,0,1,2,,1,020,"U. S. HIGHWAY 50 (LINCOLN HWY)","SLIPPERY FORD RD",58.00,W,N,A,-,Y,,,,,,,,,,Y,2,0,1,1,A,-,03,22350,,N,E,I,A,A,H,-,D,A,0,,,,,Y,,A,07,1,0,0,0,0,0,0,0,0,"- ","- ",38.803871154785156,-120.11509704589844,"EL DORADO",UNINCORPORATED,,
90649044,2018,2018-01-26,9245,2018-01-13,1733,018663,,6,2,9,0900,0,1,2,,1,170,US-50,"STRAWBERRY LN",500.00,W,N,A,-,Y,,,50,,,,,,,N,2,0,1,2,A,-,05,21460,C,N,G,B,D,A,H,-,D,D,0,Y,,,,Y,,A,07,1,0,0,0,1,0,0,0,0,"- ","- ",38.796119689941406,-120.14659881591797,"EL DORADO",UNINCORPORATED,-120.14661407470703,38.796142578125
90654820,2018,2018-02-05,9245,2018-01-26,1840,018663,,5,2,9,0900,0,2,4,,1,041,"PLEASANT VALLEY CT","PEARL PL",30.00,W,N,A,-,N,,,,,,,,,,N,2,0,1,2,A,-,11,21954,A,N,G,B,D,A,H,-,D,D,0,Y,,,,Y,Y,N,60,1,0,0,0,1,0,0,0,0,"- ","- ",38.694961547851562,-120.80690765380859,"EL DORADO",UNINCORPORATED,-120.80679321289062,38.694923400878906
90661195,2018,2018-02-14,9246,2018-02-03,1105,017106,,6,1,9,0900,0,2,4,,1,024,"PIONEER TR","VANDERHOOF RD",0.00,,Y,A,-,N,,,,,,,,,,Y,2,0,4,2,A,-,01,23152,F,N,A,C,A,A,H,-,A,D,0,,,,,Y,,A,07,3,1,0,0,0,0,0,0,0,"- ","- ",38.8619384765625,-120.00724029541016,"EL DORADO",UNINCORPORATED,-120.00713348388672,38.862018585205078
90698885,2018,2018-04-13,9245,2018-03-28,1040,016451,,3,1,9,0900,0,2,4,,1,037,"PLEASANT VALLEY RD","RYAN DR",365.00,W,N,A,-,Y,,,,,,,,,,Y,2,0,1,2,A,-,09,21801,A,N,D,C,A,A,H,-,A,D,0,,,Y,,Y,,A,01,1,0,0,0,0,0,0,0,1,"- ","- ",38.686851501464844,-120.83368682861328,"EL DORADO",UNINCORPORATED,,
90699804,2018,2018-04-05,9245,2018-03-28,2100,018466,,3,2,9,0900,0,2,4,,2,011,"GREEN VALLEY RD","FROSTY LN",590.00,W,N,A,-,N,,,,,,,,,,N,2,0,1,1,A,-,08,22107,,N,F,A,A,A,H,-,A,D,0,,,Y,,Y,,C,02,1,0,0,0,0,0,0,0,1,"- ","- ",38.719978332519531,-120.8614501953125,"EL DORADO",UNINCORPORATED,-120.86145782470703,38.720077514648438
90727545,2018,2018-05-16,9245,2018-05-13,1250,018601,,7,1,9,0900,0,1,2,,2,140,"US-50 W/B","5 MILE RD.",0.00,,Y,A,-,Y,,,50,,,,,,W,Y,2,0,6,2,A,-,09,21801,A,N,D,C,A,A,H,-,A,D,0,,,,,Y,,A,01,1,5,0,0,0,0,0,0,0,"- ","- ",38.737300872802734,-120.71795654296875,"EL DORADO",UNINCORPORATED,-120.71795654296875,38.737319946289062
90739328,2018,2018-06-01,9245,2018-05-15,2105,018394,,2,2,9,0900,0,3,5,,2,004,"EIGHT MILE RD","MEYER RD",2640.00,E,N,A,-,N,,,,,,,,,,Y,2,0,2,1,A,-,03,22350,,N,F,A,A,A,H,-,D,D,0,,,,,Y,,A,07,1,0,1,0,0,0,0,0,0,"- ","- ",38.743320465087891,-120.65213775634766,"EL DORADO",UNINCORPORATED,-120.65181732177734,38.743282318115234
90739573,2018,2018-06-01,9245,2018-05-19,1900,018394,,6,2,9,0900,0,2,4,,1,013,"NORTH SHINGLE RD","EASTVIEW DR",1056.00,N,N,A,-,N,,,,,,,,,,Y,2,0,6,1,A,-,08,22107,,N,F,A,A,A,H,-,A,D,0,,,,,Y,,A,07,2,4,0,0,0,0,0,0,0,"- ","- ",38.674610137939453,-120.92822265625,"EL DORADO",UNINCORPORATED,-120.92805480957031,38.674232482910156
90747090,2018,2018-06-13,9245,2018-06-02,1608,018663,,6,2,9,0900,0,1,3,,1,135,SR-49,"QUARRY TRAIL",0.00,,Y,A,-,Y,,,49,,,,,,,Y,2,0,1,2,A,-,01,23152,A,N,D,C,A,A,H,-,A,D,0,,,Y,,Y,Y,C,02,1,0,0,0,0,0,0,0,1,"- ","- ",38.912208557128906,-121.03578948974609,"EL DORADO",UNINCORPORATED,-121.03580474853516,38.912197113037109
90747594,2018,2018-06-13,9245,2018-06-04,0400,013405,,1,3,9,0900,0,1,3,,1,122,"SR-193 N/B","MINERS SPRING RD",175.00,N,N,A,-,Y,,,,,,,,,,Y,2,0,1,1,A,-,03,22350,,N,F,A,A,A,H,-,D,D,0,,,,Y,Y,,F,79,1,0,0,0,0,0,0,0,0,"- ","- ",38.761730194091797,-120.82048797607422,"EL DORADO",UNINCORPORATED,-120.82045745849609,38.761707305908203
90761264,2018,2018-07-02,9245,2018-06-23,1705,018756,,6,2,9,0900,0,2,4,,1,037,"PLEASANT VALLEY RD","LUMPY LANE",100.00,W,N,A,-,N,,,,,,,,,,Y,2,0,2,1,A,-,08,22107,,N,E,I,A,A,H,-,A,A,0,,,,,Y,,D,22,1,1,0,0,0,0,0,0,0,"- ","- ",38.691841125488281,-120.79261779785156,"EL DORADO",UNINCORPORATED,-120.79214477539062,38.691818237304688
90762086,2018,2018-07-03,9245,2018-05-06,1916,018663,,7,2,9,0900,0,2,4,,1,032,"S. SHINGLE RD","COYOTE PASS RD",88.00,N,N,A,-,N,,,,,,,,,,Y,1,2,2,1,A,-,01,23152,F,N,E,I,A,A,H,-,A,D,0,,,,,Y,,A,07,1,1,0,0,0,0,0,0,0,"- ","- ",38.609401702880859,-120.95612335205078,"EL DORADO",UNINCORPORATED,-120.95609283447266,38.60931396484375
90766157,2018,2018-07-10,9245,2018-07-02,1744,018756,,1,2,9,0900,0,2,4,,1,043,"SLY PARK RD","BUCKHORN RD",528.00,S,N,A,-,N,,,,,,,,,,Y,2,0,1,1,A,-,01,23152,A,N,E,I,A,A,H,-,A,A,0,,,,,Y,Y,A,01,1,0,0,0,0,0,0,0,0,"- ","- ",38.714141845703125,-120.58905029296875,"EL DORADO",UNINCORPORATED,-120.58583068847656,38.713871002197266
90769788,2018,2018-07-16,9245,2018-07-05,1630,017897,,4,2,9,0900,0,3,5,,2,001,"BASSI RD","LOTUS RD",2640.00,W,N,A,-,N,,,,,,,,,,Y,2,0,2,1,A,-,03,22350,,N,E,I,A,A,H,-,A,D,0,,,Y,,Y,,C,06,1,1,0,0,0,0,0,0,2,"- ","- ",38.80133056640625,-120.91779327392578,"EL DORADO",UNINCORPORATED,-120.91786956787109,38.801387786865234
90771925,2018,2018-09-18,9246,2018-07-07,0530,017106,,6,3,9,0900,0,1,2,,1,020,"US-50 (LINCOLN HWY)","SLIPPERY FORD RD",222.00,W,N,A,-,Y,,,50,,,,,,,Y,2,0,1,1,A,-,03,22350,,N,E,I,A,A,H,-,D,D,0,,,,,Y,,A,07,1,0,0,0,0,0,0,0,0,"- ","- ",38.806491851806641,-120.12264251708984,"EL DORADO",UNINCORPORATED,-120.12346649169922,38.80670166015625
90777337,2018,2018-07-26,9245,2018-07-24,0940,013929,,2,1,9,0900,0,2,4,,1,041,"CEDAR RAVINE ROAD","QUARRY ROAD",2482.00,S,N,A,-,N,,,,,,,,,,Y,2,0,1,2,A,-,05,21460,A,N,A,C,A,A,H,-,A,D,0,,,,,Y,,D,22,1,0,0,0,0,0,0,0,0,"- ","- ",38.689071655273438,-120.75039672851562,"EL DORADO",UNINCORPORATED,-120.75025177001953,38.688934326171875
90780104,2018,2018-07-30,9245,2018-07-19,2340,018893,,4,3,9,0900,0,2,4,,2,011,"GREEN VALLEY RD","DEER VALLEY RD",358.00,E,N,A,-,N,,,,,,,,,,Y,2,0,1,1,A,-,01,23152,A,N,E,J,A,A,H,-,D,D,0,,,,,Y,Y,D,22,1,0,0,0,0,0,0,0,0,"- ","- ",38.711479187011719,-120.95168304443359,"EL DORADO",UNINCORPORATED,-121.03045654296875,38.702716827392578
90782684,2018,2018-08-02,9245,2018-07-26,2225,018624,,4,3,9,0900,0,1,3,,1,115,SR-49,"SALMON FALLS RD",840.00,N,N,A,-,Y,,,49,,,,,,,Y,2,0,1,1,A,-,01,23152,A,N,E,I,A,A,H,-,D,D,0,,,,,Y,Y,A,01,1,0,0,0,0,0,0,0,0,"- ","- ",38.837348937988281,-121.01466369628906,"EL DORADO",UNINCORPORATED,-121.0146484375,38.837364196777344
90783970,2018,2018-09-03,9245,2018-08-02,1025,017728,,4,1,9,0900,0,3,5,,2,001,"SALMON FALLS RD","OLD BRIDGE RD",300.00,S,N,A,-,N,,,,,,,,,,Y,2,0,1,2,A,-,09,21804,B,N,A,C,A,A,H,-,A,D,0,,,Y,,Y,,C,02,1,0,0,0,0,0,0,0,1,"- ","- ",38.751621246337891,-121.05670166015625,"EL DORADO",UNINCORPORATED,-121.05496215820312,38.751792907714844
90789221,2018,2018-08-29,9245,2018-08-05,1430,018624,,7,2,9,0900,0,3,5,,2,004,"MORMON EMIGRANT TRL","SILVER FORK RD",11616.00,W,N,A,-,N,,,,,,,,,,Y,2,0,2,2,A,-,08,22105,,N,D,C,A,A,H,-,A,D,0,,,Y,,Y,,C,02,1,1,0,0,0,0,0,0,2,"- ","- ",38.666580200195312,-120.28822326660156,"EL DORADO",UNINCORPORATED,-120.23930358886719,38.636211395263672
90789584,2018,2018-08-13,9245,2018-07-30,1500,018601,,1,2,9,0900,0,3,5,,2,003,"OLD FRENCH TOWN ROAD","FRENCH CREEK RD.",1584.00,N,N,A,-,N,,,,,,,,,,Y,1,1,0,1,A,-,08,22107,,N,E,I,A,A,H,-,A,D,0,,,,,Y,,A,07,0,0,0,0,0,0,0,0,0,"- ","- ",38.645721435546875,-120.90908813476562,"EL DORADO",UNINCORPORATED,-120.90951538085938,38.644950866699219
90804200,2018,2018-09-03,9245,2018-08-27,1840,016451,,1,2,9,0900,0,2,S,,2,005,"LOG CABIN LN","CABLE VIEW COURT",65.00,N,N,A,-,N,,,,,,,,,,N,1,1,0,1,A,-,03,22350,,N,E,H,A,A,H,-,A,D,0,,,Y,,Y,,C,02,0,0,0,0,0,0,0,1,0,"- ","- ",38.792091369628906,-120.6962890625,"EL DORADO",UNINCORPORATED,-120.69618225097656,38.792186737060547
90804255,2018,2019-12-10,9245,2018-08-26,1432,018724,,7,2,9,0900,0,1,3,,1,122,SR-193,"GARDEN VALLEY RD",2640.00,N,N,A,-,Y,,,193,,,,,,,Y,1,1,0,1,A,-,03,22350,,N,F,I,A,A,H,-,A,D,0,,,Y,,Y,,C,02,0,0,0,0,0,0,0,1,0,"- ","- ",38.822441101074219,-120.8199462890625,"EL DORADO",UNINCORPORATED,-120.82000732421875,38.822509765625
90807395,2018,2018-09-06,9245,2018-09-01,0235,017364,,6,3,9,0900,0,1,2,,2,120,"US-50 W/B","PLACERVILLE DR",0.00,,N,A,-,Y,,,50,,,,,,W,Y,2,0,1,1,A,-,01,23152,A,N,F,A,A,A,H,-,D,D,0,,,Y,,Y,Y,C,02,1,0,0,0,0,0,0,0,1,"- ","- ",38.720420837402344,-120.83499908447266,"EL DORADO",UNINCORPORATED,-120.83494567871094,38.720371246337891