CASE_ID,ACCIDENT_YEAR,PROC_DATE,JURIS,COLLISION_DATE,COLLISION_TIME,OFFICER_ID,REPORTING_DISTRICT,DAY_OF_WEEK,CHP_SHIFT,POPULATION,CNTY_CITY_LOC,SPECIAL_COND,BEAT_TYPE,CHP_BEAT_TYPE,CITY_DIVISION_LAPD,CHP_BEAT_CLASS,BEAT_NUMBER,PRIMARY_RD,SECONDARY_RD,DISTANCE,DIRECTION,INTERSECTION,WEATHER_1,WEATHER_2,STATE_HWY_IND,CALTRANS_COUNTY,CALTRANS_DISTRICT,STATE_ROUTE,ROUTE_SUFFIX,POSTMILE_PREFIX,POSTMILE,LOCATION_TYPE,RAMP_INTERSECTION,SIDE_OF_HWY,TOW_AWAY,COLLISION_SEVERITY,NUMBER_KILLED,NUMBER_INJURED,PARTY_COUNT,PRIMARY_COLL_FACTOR,PCF_CODE_OF_VIOL,PCF_VIOL_CATEGORY,PCF_VIOLATION,PCF_VIOL_SUBSECTION,HIT_AND_RUN,TYPE_OF_COLLISION,MVIW,PED_ACTION,ROAD_SURFACE,ROAD_COND_1,ROAD_COND_2,LIGHTING,CONTROL_DEVICE,CHP_ROAD_TYPE,PEDESTRIAN_ACCIDENT,BICYCLE_ACCIDENT,MOTORCYCLE_ACCIDENT,TRUCK_ACCIDENT,NOT_PRIVATE_PROPERTY,ALCOHOL_INVOLVED,STWD_VEHTYPE_AT_FAULT,CHP_VEHTYPE_AT_FAULT,COUNT_SEVERE_INJ,COUNT_VISIBLE_INJ,COUNT_COMPLAINT_PAIN,COUNT_PED_KILLED,COUNT_PED_INJURED,COUNT_BICYCLIST_KILLED,COUNT_BICYCLIST_INJURED,COUNT_MC_KILLED,COUNT_MC_INJURED,PRIMARY_RAMP,SECONDARY_RAMP,LATITUDE,LONGITUDE,COUNTY,CITY,POINT_X,POINT_Y
90808013,2018,2018-09-07,9245,2018-09-05,0725,013342,,3,1,9,0900,0,1,2,,2,110,"US-50 W/B","EL DORADO HILLS BLVD.",2165.00,E,N,A,-,Y,,,,,,,,,,Y,2,0,3,3,A,-,03,22350,,N,C,C,A,A,H,-,A,D,0,,,,,Y,,D,23,1,1,1,0,0,0,0,0,0,"- ","- ",36.655311584472656,-121.06371307373047,"EL DORADO",UNINCORPORATED,-121.07054901123047,38.653030395507812
90821685,2018,2018-09-26,9245,2018-09-20,1358,018624,,4,1,9,0900,0,1,2,,2,140,"US-50 EASTBOUND","CARSON ROAD",4224.00,E,N,A,-,Y,,,50,,,,,,E,Y,2,0,2,2,A,-,03,22350,,N,C,C,A,A,H,-,A,D,0,,,,,Y,,D,22,1,1,0,0,0,0,0,0,0,"- ","- ",38.735740661621094,-120.66689300537109,"EL DORADO",UNINCORPORATED,-120.66690063476562,38.735748291015625
90825434,2018,2018-10-01,9245,2018-08-12,2500,017364,,7,4,9,0900,0,3,5,,2,002,"WENTWORTH SPRINGS RD","LOOP RD",0.00,,N,A,-,N,,,,,,,,,,Y,1,1,0,1,A,-,08,22107,,N,E,I,A,A,H,-,D,D,0,,,Y,,Y,,C,02,0,0,0,0,0,0,0,1,0,"- ","- ",38.913768768310547,-120.67862701416016,"EL DORADO",UNINCORPORATED,-120.67813110351562,38.913490295410156
90849031,2018,2018-10-30,9245,2018-10-26,1249,015328,,5,1,9,0900,0,3,5,,2,003,"PATTERSON DR","ARGONAUT DR",228.00,S,N,A,-,N,,,,,,,,,,Y,2,0,2,2,A,-,01,23153,A,N,A,C,A,A,H,-,A,D,0,,,,,Y,,A,01,1,1,0,0,0,0,0,0,0,"- ","- ",38.682430267333984,-120.82395935058594,"EL DORADO",UNINCORPORATED,-120.82418060302734,38.682590484619141
90861450,2018,2018-11-19,9245,2018-11-11,1420,018724,,7,2,9,0900,0,3,5,,2,004,"COSUMNES MINE RD","SCIARONI RD",4224.00,S,N,A,-,N,,,,,,,,,,Y,2,0,1,2,A,-,03,22350,,N,F,A,A,A,H,-,A,D,0,,,Y,,Y,,C,02,1,0,0,0,0,0,0,0,1,"- ","- ",38.663459777832031,-120.54213714599609,"EL DORADO",UNINCORPORATED,-120.54438781738281,38.65875244140625
90866727,2018,2018-11-26,9245,2018-11-18,1820,19071,,7,2,9,0900,0,1,2,,2,120,"US-50 E/B","SHINGLE SPRINGS DR",400.00,W,N,A,-,Y,,,50,,,,,,E,Y,2,0,2,1,A,-,08,22107,,N,F,A,A,A,C,-,D,D,0,,,,,Y,,A,07,1,0,1,0,0,0,0,0,0,"- ","- ",38.679168701171875,-120.91545867919922,"EL DORADO",UNINCORPORATED,-120.91567993164062,38.679389953613281
90881946,2018,2018-12-13,9245,2018-12-04,1925,013405,,2,2,9,0900,0,3,5,,2,003,"PLEASANT VALLEY ROAD","MOTHER LODE DRIVE",1056.00,E,N,B,-,N,,,,,,,,,,Y,2,0,2,2,A,-,01,23152,A,N,C,C,A,A,H,-,D,D,0,,,Y,,Y,Y,C,02,1,0,1,0,0,0,0,0,2,"- ","- ",38.681930541992188,-120.86553955078125,"EL DORADO",UNINCORPORATED,-120.86644744873047,38.681568145751953
90894925,2018,2019-01-30,9245,2018-12-23,1705,018466,,7,2,9,0900,0,2,4,,1,015,"CAMERON PARK DRIVE","MAPLE DRIVE",0.00,,Y,C,-,N,,,,,,,,,,N,2,0,1,2,A,-,11,21954,A,N,G,B,D,B,H,-,C,D,0,Y,,,,Y,,N,60,1,0,0,0,1,0,0,0,0,"- ","- ",38.698379516601562,-120.99536895751953,"EL DORADO",UNINCORPORATED,-120.99535369873047,38.698238372802734
90901147,2019,2019-03-04,9245,2019-01-07,0730,013929,,1,1,9,0900,0,1,2,,1,160,"RT 50","BULL CREEK ROAD",4224.00,E,N,B,C,Y,,,50,,,,,,,Y,2,0,2,1,A,-,08,22107,,N,E,I,A,B,H,-,A,D,0,,,,,Y,,A,07,2,0,0,0,0,0,0,0,0,"- ","- ",38.774021148681641,-120.42771911621094,"EL DORADO",UNINCORPORATED,-120.42763519287109,38.773746490478516
90904022,2019,2019-01-14,9245,2019-01-06,1935,018466,,7,2,9,0900,0,3,5,,2,003,"PATTERSON DR","PATTERSON CT",118.00,S,N,C,-,N,,,,,,,,,,Y,2,0,3,2,A,-,05,21460,A,N,A,C,A,B,H,-,D,D,0,,,,,Y,,A,07,2,1,0,0,0,0,0,0,0,"- ","- ",38.687858581542969,-120.82729339599609,"EL DORADO",UNINCORPORATED,-120.82720947265625,38.687801361083984
90905978,2018,2019-01-16,9245,2018-11-15,2350,018466,,4,3,9,0900,0,2,4,,2,011,"GREEN VALLEY RD","MULBERRY DR",528.00,E,N,A,-,N,,,,,,,,,,Y,1,1,0,1,A,-,01,23152,F,N,E,I,A,A,H,-,D,D,0,,,,,Y,,A,01,0,0,0,0,0,0,0,0,0,"- ","- ",38.712799072265625,-120.90081024169922,"EL DORADO",UNINCORPORATED,-120.90108489990234,38.712871551513672
90947675,2019,2019-03-18,9245,2019-03-10,1935,19071,,7,2,9,0900,0,1,3,,1,135,SR-49,"DOLOMITE DR",94.00,S,N,B,-,Y,,,49,,,,,,,Y,2,0,1,1,A,-,01,23152,A,N,F,A,A,A,H,-,D,D,0,,,,,Y,Y,D,22,1,0,0,0,0,0,0,0,0,"- ","- ",38.639389038085938,-120.85059356689453,"EL DORADO",UNINCORPORATED,-120.85063171386719,38.639381408691406
90958105,2019,2019-04-01,9245,2019-03-25,1605,018076,,1,2,9,0900,0,2,4,,1,024,"CARSON RD. WB","PSYLLA LN",1510.00,E,N,B,-,N,,,,,,,,,,Y,2,0,3,2,A,-,05,21460,A,N,A,C,A,A,H,-,A,D,0,,,,,Y,,D,22,1,1,1,0,0,0,0,0,0,"- ","- ",38.739471435546875,-120.68470001220703,"EL DORADO",UNINCORPORATED,-120.68338775634766,38.739250183105469
90961732,2019,2019-04-05,9245,2019-03-31,1340,018782,,7,1,9,0900,0,1,3,,1,135,SR-49,"MICA ST",800.00,S,N,A,-,Y,,,49,,,,,,,Y,2,0,1,1,A,-,08,22107,,N,F,A,A,A,H,-,A,D,0,,,Y,,Y,,C,02,1,0,0,0,0,0,0,0,1,"- ","- ",38.600429534912109,-120.85012817382812,"EL DORADO",UNINCORPORATED,-120.85014343261719,38.600318908691406
90963134,2019,2019-04-08,9245,2019-04-03,2005,018601,,3,2,9,0900,0,3,5,,2,001,"CAMBRIDGE RD.","GREEN VALLEY RD.",528.00,S,N,A,-,N,,,,,,,,,,Y,2,0,1,1,A,-,01,23152,A,N,E,I,A,A,H,-,D,D,0,,,,,Y,Y,A,01,1,0,0,0,0,0,0,0,0,"- ","- ",38.696758270263672,-121.00360107421875,"EL DORADO",UNINCORPORATED,-121.00347900390625,38.696571350097656
90973669,2019,2019-04-23,9245,2019-04-15,0415,19071,,1,3,9,0900,0,1,2,,2,120,"US-50 E/B","SHINGLE SPRINGS DR",1584.00,W,N,B,-,Y,,,50,,,,,,E,Y,2,0,1,1,A,-,01,23152,F,N,F,A,A,A,H,-,D,D,0,,,,,Y,,A,07,1,0,0,0,0,0,0,0,0,"- ","- ",38.676658630371094,-120.91857147216797,"EL DORADO",UNINCORPORATED,-120.91851043701172,38.676601409912109
91007935,2019,2019-06-11,9245,2019-06-07,1942,019071,,5,2,9,0900,0,2,4,,1,037,"GOLDEN CENTER DR","MISSOURI FLAT RD",0.00,,Y,A,-,N,,,,,,,,,,N,2,0,1,2,A,-,12,21453,A,N,D,G,A,A,H,-,A,D,0,,Y,,,Y,,L,04,1,0,0,0,0,0,1,0,0,"- ","- ",38.704608917236328,-120.82775115966797,"EL DORADO",UNINCORPORATED,-120.82762908935547,38.704498291015625
91011086,2019,2019-06-17,9245,2019-06-02,1505,019119,,7,2,9,0900,0,1,2,,2,140,"US-50 E/B","SMITH FLAT RD",1162.00,E,N,A,-,Y,,,50,,,,,,E,Y,2,0,1,1,A,-,03,22350,,N,E,I,A,A,H,-,A,D,0,,,Y,,Y,,C,02,1,0,0,0,0,0,0,0,1,"- ","- ",38.731658935546875,-120.74662017822266,"EL DORADO",UNINCORPORATED,-120.74662780761719,38.731674194335938
91024396,2019,2019-07-04,9245,2019-04-16,0025,013405,,2,3,9,0900,0,2,S,,2,005,"FOREBAY ROAD","SHERMAN WAY",560.00,S,N,B,C,N,,,,,,,,,,Y,1,1,0,1,A,-,01,23152,A,N,E,I,A,B,H,-,D,D,0,,,,,Y,Y,A,01,0,0,0,0,0,0,0,0,0,"- ","- ",38.770301818847656,-120.58184051513672,"EL DORADO",UNINCORPORATED,-120.58164978027344,38.770633697509766
91041368,2019,2019-07-30,9245,2019-07-27,0745,017728,,6,1,9,0900,0,2,4,,2,011,"GREEN VALLEY RD","MALCOLM DIXON RD",0.00,,Y,A,-,N,,,,,,,,,,N,2,0,1,2,A,-,09,21804,A,N,D,G,A,A,H,-,A,D,0,,Y,Y,,Y,,L,04,1,0,0,0,0,0,1,0,0,"- ","- ",38.713100433349609,-121.04519653320312,"EL DORADO",UNINCORPORATED,-121.04559326171875,38.713348388671875
91049677,2019,2019-08-12,9245,2019-06-01,2006,018076,,6,2,9,0900,0,3,5,,2,001,"BASS LAKE RD. NB","SANDHURST HILL RD",28.00,N,N,B,-,N,,,,,,,,,,Y,1,1,1,2,A,-,03,22350,,N,F,A,A,A,H,-,A,D,0,,,Y,,Y,Y,C,02,1,0,0,0,0,0,0,1,1,"- ","- ",38.681789398193359,-121.01657867431641,"EL DORADO",UNINCORPORATED,-121.01664733886719,38.681716918945312
91049768,2019,2019-08-12,9245,2019-08-02,1146,015328,,5,1,9,0900,0,2,4,,2,012,"SALMON FALLS RD","FREDLENA LN",250.00,S,N,A,-,N,,,,,,,,,,Y,2,0,8,2,A,-,08,22107,,N,A,C,A,A,H,-,A,D,0,,,,,Y,,A,08,2,5,1,0,0,0,0,0,0,"- ","- ",38.742198944091797,-121.060302734375,"EL DORADO",UNINCORPORATED,-121.06033325195312,38.742954254150391
91061731,2019,2019-08-28,9245,2019-08-25,0155,018724,,7,3,9,0900,0,3,5,,2,002,"13N16A FOREST SERVICE ROAD","WENTWORTH SPRINGS RD",528.00,N,N,A,-,N,,,,,,,,,,Y,2,0,3,1,A,-,03,22350,,N,E,I,A,A,H,-,D,D,0,,,,,Y,,A,07,1,0,2,0,0,0,0,0,0,"- ","- ",38.931171417236328,-120.7613525390625,"EL DORADO",UNINCORPORATED,-120.76120758056641,38.931163787841797
91065908,2019,2019-09-03,9245,2019-08-29,0020,018782,,4,3,9,0900,0,2,4,,1,045,"NEWTOWN ROAD","HARMONY HILL RD",1056.00,E,N,A,-,N,,,,,,,,,,Y,2,0,1,1,A,-,03,22350,,N,E,I,A,A,H,-,D,D,0,,,,,Y,,A,01,1,0,0,0,0,0,0,0,0,"- ","- ",38.711200714111328,-120.70905303955078,"EL DORADO",UNINCORPORATED,-120.70973968505859,38.711418151855469
91073405,2019,2019-09-12,9245,2019-09-05,1455,018466,,4,2,9,0900,0,1,2,,2,120,US-50,"PLACERVILLE DR",251.00,W,N,A,-,Y,,,50,,,,,,,Y,2,0,1,1,A,-,08,22107,,N,E,I,A,A,H,-,A,D,0,,,,,Y,,D,22,1,0,0,0,0,0,0,0,0,"- ","- ",38.721218109130859,-120.83405303955078,"EL DORADO",UNINCORPORATED,-120.83400726318359,38.721145629882812
91088245,2019,2019-10-01,9246,2019-09-24,1649,015992,,2,2,9,0900,0,1,3,,1,030,"SR-89 (EMERALD BAY RD)","FALLEN LEAF RD",0.00,,Y,A,-,Y,,,89,,,,,,,N,2,0,1,2,A,-,09,21801,A,N,D,G,A,A,H,-,A,D,0,,Y,,,Y,Y,D,22,1,0,0,0,0,0,1,0,0,"- ","- ",38.933589935302734,-120.04940032958984,"EL DORADO",UNINCORPORATED,-120.04940795898438,38.933639526367188
91127799,2019,2019-11-22,9245,2019-11-19,1920,017364,,2,2,9,0900,0,2,4,,1,021,"MARSHALL RD","RICH GULCH MINE RD",250.00,N,N,B,-,N,,,,,,,,,,Y,2,0,1,1,A,-,03,22350,,N,E,I,A,A,H,-,D,D,0,,,,,Y,Y,A,01,1,0,0,0,0,0,0,0,0,"- ","- ",38.883399963378906,-120.84380340576172,"EL DORADO",UNINCORPORATED,-120.84354400634766,38.883792877197266
91130201,2019,2020-01-21,9245,2019-09-15,0820,016328,,7,1,9,0900,0,2,4,,2,012,"SALMON FALLS RD","OLD BRIDGE RD",1608.00,N,N,A,-,N,,,,,,,,,,Y,1,1,0,1,A,-,03,22350,,N,F,A,A,A,H,-,A,D,0,,,Y,,Y,,C,02,0,0,0,0,0,0,0,1,0,"- ","- ",38.751060485839844,-121.04946899414062,"EL DORADO",UNINCORPORATED,-121.05010986328125,38.751441955566406
91136848,2019,2019-12-05,9245,2019-11-29,1920,019631,,5,2,9,0900,0,3,5,,2,003,"UNION MINE RD",SR-49,15.00,E,N,B,-,N,,,,,,,,,,Y,2,0,1,1,A,-,01,23152,A,N,F,A,A,A,H,-,D,D,0,,,Y,,Y,Y,C,02,1,0,0,0,0,0,0,0,1,"- ","- ",38.680080413818359,-120.84760284423828,"EL DORADO",UNINCORPORATED,-120.84764099121094,38.680179595947266
91149648,2019,2019-12-23,9245,2019-12-15,0830,015419,,7,1,9,0900,0,1,2,,2,120,"EB US 50","GREENSTONE RD",1146.00,W,N,B,-,Y,,,,,,,,,,Y,2,0,2,1,A,-,08,22107,,N,E,I,A,B,H,-,A,D,0,,,,,Y,,A,08,1,0,1,0,0,0,0,0,0,"- ","- ",38.695140838623047,-120.89176940917969,"EL DORADO",UNINCORPORATED,-120.89176177978516,38.695465087890625
91153908,2019,2019-12-27,9245,2019-12-24,0705,013929,,2,1,9,0900,0,1,2,,2,150,"RT 50","SLY PARK RD",290.00,E,N,B,-,Y,,,50,,,,,,,Y,2,0,2,3,C,-,18,,,N,C,B,F,C,G,-,B,D,0,Y,,,,Y,,-,"- ",1,1,0,0,1,0,0,0,0,"- ","- ",38.761211395263672,-120.57453918457031,"EL DORADO",UNINCORPORATED,-120.57453918457031,38.761249542236328
91168422,2020,2020-01-24,9245,2020-01-10,2310,018656,,5,3,9,0900,0,3,5,,2,004,"CEDAR RAVINE RD","TECOLOTE DR",0.00,,Y,B,-,N,,,,,,,,,,Y,2,0,1,2,A,-,05,21650,,N,B,C,A,A,H,-,D,D,0,,,,,Y,,D,22,1,0,0,0,0,0,0,0,0,"- ","- ",38.703330993652344,-120.76187133789062,"EL DORADO",UNINCORPORATED,-120.76188659667969,38.703239440917969
91180849,2020,2020-02-05,9245,2020-02-02,2120,019793,,7,2,9,0900,0,2,4,,1,041,"CEDAR RAVINE RD","GEMSTONE RD",95.00,N,N,A,-,N,,,,,,,,,,Y,2,0,1,1,A,-,01,23152,A,F,E,I,A,A,H,-,D,D,0,,,,,Y,Y,A,07,1,0,0,0,0,0,0,0,0,"- ","- ",38.699180603027344,-120.76068115234375,"EL DORADO",UNINCORPORATED,-120.76065063476562,38.698963165283203
91186798,2020,2020-02-14,9246,2020-02-13,1120,014471,,4,1,9,0900,0,1,2,,1,021,"US 50 (LINCOLN HWY)","CHIAPA DR",528.00,W,N,A,-,Y,,,,,,,,,,N,2,0,1,2,D,-,00,,,N,B,C,A,A,H,-,A,D,0,,,,,Y,,-,"- ",1,0,0,0,0,0,0,0,0,"- ","- ",38.844398498535156,-120.03230285644531,"EL DORADO",UNINCORPORATED,-120.03239440917969,38.844272613525391
91215546,2020,2020-03-25,9245,2020-03-19,1915,018656,,4,2,9,0900,0,2,4,,1,013,"PONDEROSA RD","GREEN VALLEY RD",100.00,S,N,B,-,N,,,,,,,,,,N,2,0,1,1,A,-,08,22107,,N,F,A,A,A,H,-,B,D,0,,,Y,,Y,,C,02,1,0,0,0,0,0,0,0,1,"- ","- ",38.710258483886719,-120.94477081298828,"EL DORADO",UNINCORPORATED,-120.94554901123047,38.711139678955078
91224260,2020,2020-05-07,9245,2020-04-03,1630,019193,,5,2,9,0900,0,1,3,,1,122,SR-193,"ZDOLSEK PL",644.00,S,N,A,-,Y,,,193,,,,,,,Y,2,0,1,1,A,-,08,22107,,N,E,I,A,A,H,-,A,D,0,,,Y,,Y,,C,02,1,0,0,0,0,0,0,0,1,"- ","- ",38.903648376464844,-120.91761016845703,"EL DORADO",UNINCORPORATED,-120.91763305664062,38.903648376464844
91233329,2020,2020-05-04,9245,2020-02-06,1820,017728,,4,2,9,0900,0,1,2,,2,150,"US-50 W/B","STACY LN",2112.00,E,N,A,-,Y,,,50,,,,,,W,Y,1,1,2,2,A,-,05,21460,A,N,A,C,A,A,H,-,A,D,0,,,,,Y,,A,01,1,1,0,0,0,0,0,0,0,"- ","- ",38.766498565673828,-120.55180358886719,"EL DORADO",UNINCORPORATED,-120.55178070068359,38.766513824462891
91238332,2020,2020-05-15,9246,2020-05-09,1240,017757,,6,1,9,0900,0,1,2,,1,020,"US-50 (LINCOLN HWY)","SAYLES CANYON TR/TAMARACK PARK TR",528.00,W,N,A,-,Y,,,50,,,,,,,N,2,0,1,1,A,-,03,22350,,N,E,I,A,A,H,-,A,D,0,,,Y,,Y,,C,02,1,0,0,0,0,0,0,0,1,"- ","- ",38.802249908447266,-120.11920166015625,"EL DORADO",UNINCORPORATED,-120.11929321289062,38.802322387695312
91239202,2020,2020-05-18,9245,2020-04-16,1520,016328,,4,2,9,0900,0,2,4,,1,026,"ICE HOUSE RD","WHITE MEADOW RD",360.00,E,N,A,-,N,,,,,,,,,,Y,1,1,0,1,A,-,01,23152,A,N,E,I,A,A,H,-,A,D,0,,,,,Y,Y,D,22,0,0,0,0,0,0,0,0,0,"- ","- ",38.773399353027344,-120.45455169677734,"EL DORADO",UNINCORPORATED,-120.45475006103516,38.773506164550781
91241324,2020,2020-05-22,9245,2020-05-01,1445,016032,,5,2,9,0900,0,2,4,,1,013,"LOTUS RD","SPRINGVALE RD",0.00,,Y,A,-,N,,,,,,,,,,Y,1,1,0,2,A,-,08,22107,,N,A,C,A,A,H,-,A,A,0,,,Y,,Y,,D,22,0,0,0,0,0,0,0,1,0,"- ","- ",38.748748779296875,-120.93250274658203,"EL DORADO",UNINCORPORATED,-120.93245697021484,38.748691558837891
91242893,2020,2020-05-27,9245,2020-05-25,1830,018601,,1,2,9,0900,0,1,3,,1,122,SR-193,"ROCK CREEK RD",3696.00,N,N,A,-,Y,,,193,,,,,,,Y,2,0,1,1,A,-,01,23152,A,N,E,I,A,A,H,-,A,D,0,,,,,Y,Y,A,07,1,0,0,0,0,0,0,0,0,"- ","- ",38.77349853515625,-120.82302856445312,"EL DORADO",UNINCORPORATED,-120.82302856445312,38.773487091064453
91246130,2020,2020-06-01,9245,2020-05-24,1435,017897,,7,2,9,0900,0,2,4,,2,012,"SALMON FALLS RD","SALMON FALLS BRIDGE",2112.00,N,N,A,-,N,,,,,,,,,,Y,2,0,1,2,A,-,03,22350,,N,A,C,A,A,H,-,A,D,0,,,Y,,Y,,C,02,1,0,0,0,0,0,0,0,1,"- ","- ",38.776248931884766,-121.03311920166016,"EL DORADO",UNINCORPORATED,-121.07611846923828,38.715797424316406
91246436,2020,2020-06-02,9245,2020-05-30,0220,017040,,6,3,9,0900,0,2,4,,1,032,"DUROCK RD.","ROBIN LN",469.00,S,N,B,-,N,,,,,,,,,,Y,2,0,1,1,A,-,08,22107,,N,E,I,A,A,H,-,D,D,0,,,Y,,Y,Y,C,02,1,0,0,0,0,0,0,0,1,"- ","- ",38.654609680175781,-120.96900177001953,"EL DORADO",UNINCORPORATED,-120.96897125244141,38.654838562011719
91255126,2020,2020-06-22,9245,2020-05-10,2500,017364,,7,4,9,0900,0,1,3,,1,115,SR-49,"RIVERWOOD DR",0.00,,N,A,-,Y,,,49,,,,,,,Y,1,1,0,1,A,-,01,23152,A,N,E,I,A,A,H,-,A,D,0,,,Y,,Y,Y,C,02,0,0,0,0,0,0,0,1,0,"- ","- ",38.77288818359375,-120.86666870117188,"EL DORADO",UNINCORPORATED,-120.86675262451172,38.772895812988281
91272953,2020,2020-08-14,9245,2020-07-15,1009,017040,,3,1,2,0901,0,1,3,,1,122,"SR-193 E/B","FIREVIEW CIR.",216.00,W,N,A,-,Y,,,,,,,,,,N,2,0,1,2,A,-,08,22107,,F,G,B,E,A,H,-,A,D,0,Y,,,,Y,,A,01,1,0,0,0,1,0,0,0,0,"- ","- ",38.900531768798828,-120.89620971679688,"EL DORADO",PLACERVILLE,-120.89613342285156,38.900405883789062
91282068,2020,2020-08-06,9245,2020-08-02,1108,017897,,7,1,9,0900,0,1,3,,1,135,SR-49,"POST RD",1056.00,S,N,A,-,Y,,,49,,,,,,,Y,2,0,3,2,A,-,08,22107,,N,A,C,A,A,H,-,A,D,0,,,,,Y,,A,01,2,0,1,0,0,0,0,0,0,"- ","- ",38.620059967041016,-120.85153198242188,"EL DORADO",UNINCORPORATED,-120.85146331787109,38.620071411132812
91323646,2020,2020-10-14,9245,2020-08-07,1451,017364,,5,2,9,0900,0,3,5,,2,003,"FORNI RD","CRIBBS RD",2112.00,E,N,A,-,N,,,,,,,,,,Y,1,1,0,2,A,-,01,23152,A,N,D,C,A,A,H,-,A,D,0,,,,,Y,Y,A,07,0,0,0,0,0,0,0,0,0,"- ","- ",38.728328704833984,-120.81571960449219,"EL DORADO",UNINCORPORATED,-120.82018280029297,38.727909088134766
91325212,2020,2020-10-16,9245,2020-10-10,1616,021379,,6,2,9,0900,0,1,2,,2,140,"US-50 W/B","5 MILE RD",0.00,,Y,A,-,Y,,,50,,,,,,W,Y,2,0,5,2,A,-,09,21801,A,N,D,C,A,A,H,-,A,D,0,,,,,Y,,A,07,1,2,2,0,0,0,0,0,0,"- ","- ",38.737350463867188,-120.71785736083984,"EL DORADO",UNINCORPORATED,-120.71787261962891,38.737297058105469
91325926,2020,2020-10-19,9245,2020-10-11,0935,018656,,7,1,9,0900,0,3,5,,2,003,"GREENSTONE RD","MOTHER LODE DR",150.00,N,N,A,-,N,,,,,,,,,,N,2,0,1,1,C,-,18,,,N,F,A,A,A,H,-,A,D,0,,,Y,,Y,,-,"- ",1,0,0,0,0,0,0,0,1,"- ","- ",38.67462158203125,-120.887451171875,"EL DORADO",UNINCORPORATED,-120.887451171875,38.674556732177734
91329522,2020,2020-10-22,9245,2020-09-09,2005,016328,,3,2,9,0900,0,2,4,,2,011,"GREEN VALLEY RD","MELODYE LN",416.00,W,N,A,-,N,,,,,,,,,,Y,1,1,0,1,C,-,18,,,N,E,H,A,A,H,-,D,D,0,,,Y,,Y,Y,-,"- ",0,0,0,0,0,0,0,1,0,"- ","- ",38.700271606445312,-120.98811340332031,"EL DORADO",UNINCORPORATED,-120.98788452148438,38.700214385986328
91329773,2020,2020-10-22,9245,2020-10-17,2235,019193,,6,3,9,0900,0,1,3,,1,135,"SR-49 S/B","BRADLEY DR",236.00,S,N,A,-,Y,,,49,,,,,,S,Y,2,0,1,1,A,-,01,23152,A,N,E,I,A,A,H,-,D,D,0,,,,,Y,Y,A,01,1,0,0,0,0,0,0,0,0,"- ","- ",38.701450347900391,-120.81143188476562,"EL DORADO",UNINCORPORATED,-120.81137847900391,38.701457977294922
91332172,2020,2020-10-27,9245,2020-10-19,0038,019793,,1,3,9,0900,0,2,4,,2,011,"GREEN VALLEY RD","OAK LANE DR",950.00,E,N,A,-,N,,,,,,,,,,Y,2,0,1,1,A,-,01,23152,A,N,E,I,A,A,H,-,D,D,0,,,,,Y,Y,A,01,1,0,0,0,0,0,0,0,0,"- ","- ",38.707698822021484,-120.95896911621094,"EL DORADO",UNINCORPORATED,-120.95894622802734,38.707736968994141
91333759,2020,2020-10-29,9245,2020-10-27,1430,016451,,2,2,9,0900,0,3,5,,2,002,14N35G,"VOLCANOVILLE RD",10560.00,N,N,A,-,Y,,,,,,,,,,N,2,0,1,1,A,-,03,22350,,N,F,A,A,A,A,-,A,D,0,,,Y,,Y,,C,06,1,0,0,0,0,0,0,0,1,"- ","- ",38.990089416503906,-120.80420684814453,"EL DORADO",UNINCORPORATED,,
91337885,2020,2020-11-03,9246,2020-10-28,1320,014471,,3,1,9,0900,0,1,2,,1,020,"US 50 (LINCOLN HWY)","TAMARACK PINES RD",2112.00,E,N,A,-,Y,,,,,,,,,,N,2,0,1,1,C,-,18,,,N,H,A,A,A,H,-,A,D,0,,,,,Y,,-,"- ",1,0,0,0,0,0,0,0,0,"- ","- ",38.807968139648438,-120.09571838378906,"EL DORADO",UNINCORPORATED,-120.09640502929688,38.807430267333984
91343142,2020,2020-11-10,9245,2020-10-27,1500,016032,,2,2,9,0900,0,3,5,,2,001,"MOSSRIDGE WAY","POWERS DR",250.00,E,N,A,-,N,,,,,,,,,,N,2,0,1,2,A,-,11,21954,A,N,G,B,D,A,H,-,A,A,0,Y,,,,Y,,N,60,1,0,0,0,1,0,0,0,0,"- ","- ",38.677608489990234,-121.08834075927734,"EL DORADO",UNINCORPORATED,-121.08828735351562,38.677604675292969