CASE_ID,ACCIDENT_YEAR,PROC_DATE,JURIS,COLLISION_DATE,COLLISION_TIME,OFFICER_ID,REPORTING_DISTRICT,DAY_OF_WEEK,CHP_SHIFT,POPULATION,CNTY_CITY_LOC,SPECIAL_COND,BEAT_TYPE,CHP_BEAT_TYPE,CITY_DIVISION_LAPD,CHP_BEAT_CLASS,BEAT_NUMBER,PRIMARY_RD,SECONDARY_RD,DISTANCE,DIRECTION,INTERSECTION,WEATHER_1,WEATHER_2,STATE_HWY_IND,CALTRANS_COUNTY,CALTRANS_DISTRICT,STATE_ROUTE,ROUTE_SUFFIX,POSTMILE_PREFIX,POSTMILE,LOCATION_TYPE,RAMP_INTERSECTION,SIDE_OF_HWY,TOW_AWAY,COLLISION_SEVERITY,NUMBER_KILLED,NUMBER_INJURED,PARTY_COUNT,PRIMARY_COLL_FACTOR,PCF_CODE_OF_VIOL,PCF_VIOL_CATEGORY,PCF_VIOLATION,PCF_VIOL_SUBSECTION,HIT_AND_RUN,TYPE_OF_COLLISION,MVIW,PED_ACTION,ROAD_SURFACE,ROAD_COND_1,ROAD_COND_2,LIGHTING,CONTROL_DEVICE,CHP_ROAD_TYPE,PEDESTRIAN_ACCIDENT,BICYCLE_ACCIDENT,MOTORCYCLE_ACCIDENT,TRUCK_ACCIDENT,NOT_PRIVATE_PROPERTY,ALCOHOL_INVOLVED,STWD_VEHTYPE_AT_FAULT,CHP_VEHTYPE_AT_FAULT,COUNT_SEVERE_INJ,COUNT_VISIBLE_INJ,COUNT_COMPLAINT_PAIN,COUNT_PED_KILLED,COUNT_PED_INJURED,COUNT_BICYCLIST_KILLED,COUNT_BICYCLIST_INJURED,COUNT_MC_KILLED,COUNT_MC_INJURED,PRIMARY_RAMP,SECONDARY_RAMP,LATITUDE,LONGITUDE,COUNTY,CITY,POINT_X,POINT_Y
91347961,2020,2020-11-18,9245,2020-10-05,1330,019252,,1,1,9,0900,0,3,5,,2,004,"UNION MINE RD","RATTLER RIDGE RD",1680.00,S,N,B,-,N,,,,,,,,,,Y,1,1,0,1,A,-,08,22107,,N,F,A,A,A,H,-,A,D,0,,,,,Y,Y,A,07,0,0,0,0,0,0,0,0,0,"- ","- ",38.638408660888672,-120.82662200927734,"EL DORADO",UNINCORPORATED,-120.83660125732422,38.638370513916016
91378610,2020,2020-12-31,9245,2020-12-28,1710,017040,,1,2,9,0900,0,1,2,,2,140,"US-50 W/B","CARSON RD.",0.00,,Y,B,-,Y,,,50,,,,,,W,Y,2,0,1,2,A,-,01,23152,A,N,D,C,A,A,H,-,D,A,0,,,,,Y,Y,A,01,1,0,0,0,0,0,0,0,0,"- ","- ",38.737991333007812,-120.66554260253906,"EL DORADO",UNINCORPORATED,-120.66530609130859,38.737796783447266
91388248,2021,2021-01-15,9245,2021-01-07,1445,018782,,4,2,9,0900,0,1,2,,1,160,US-50,"ALDER CREEK ROAD",2640.00,W,N,B,-,Y,,,50,,,,,,,Y,2,0,2,2,A,-,08,22107,,N,E,I,A,A,H,-,A,D,0,,,,,Y,,A,07,1,1,0,0,0,0,0,0,0,"- ","- ",38.763500213623047,-120.33193969726562,"EL DORADO",UNINCORPORATED,-120.33193969726562,38.763500213623047
91390124,2021,2021-01-18,9245,2021-01-17,1100,013929,,7,1,9,0900,0,2,4,,2,031,"LATROBE ROAD","RYAN RANCH ROAD",4224.00,S,N,A,-,N,,,,,,,,,,Y,2,0,1,2,A,-,05,21460,A,N,A,C,A,A,H,-,A,D,0,,,Y,,Y,,C,02,1,0,0,0,0,0,0,0,1,"- ","- ",38.593948364257812,-121.01548767089844,"EL DORADO",UNINCORPORATED,-121.01557922363281,38.593997955322266
91402035,2021,2021-02-03,9245,2021-01-31,1600,018656,,7,2,9,0900,0,1,2,,2,150,US-50,"RANDALL TRACT BRG",1000.00,E,N,A,-,Y,,,50,,,,,,,N,2,0,1,3,A,-,01,23152,A,N,C,C,A,B,H,-,A,D,0,,,,,Y,Y,D,22,1,0,0,0,0,0,0,0,0,"- ","- ",38.773818969726562,-120.39325714111328,"EL DORADO",UNINCORPORATED,-120.39326477050781,38.773788452148438
91406822,2021,2021-02-11,9245,2021-02-04,1235,016032,,4,1,9,0900,0,1,2,,2,140,"US 50 W/B TO MOSQUITO RD","MOSQUITO RD",310.00,E,N,A,-,Y,,,,,,,,,,Y,2,0,1,2,A,-,03,22350,,N,A,C,A,A,H,-,A,A,0,,,,,Y,,A,01,1,0,0,0,0,0,0,0,0,"- ","- ",38.7318115234375,-120.78913116455078,"EL DORADO",UNINCORPORATED,-120.79007720947266,38.73175048828125
91430313,2021,2021-03-18,9245,2021-03-13,1500,018782,,6,2,9,0900,0,2,4,,2,031,"LATROBE ROAD","COTHRIN RANCH RD",372.00,N,N,A,-,N,,,,,,,,,,Y,2,0,2,2,A,-,03,22350,,N,D,C,A,A,H,-,A,D,0,,,Y,,Y,,C,02,2,0,0,0,0,0,0,0,2,"- ","- ",38.60028076171875,-121.02259826660156,"EL DORADO",UNINCORPORATED,-121.02315521240234,38.600868225097656
91432504,2021,2021-03-22,9245,2021-01-22,1236,017897,,5,1,9,0900,0,3,5,,2,002,"WENTWORTH SPRINGS RD","STEAMER LN",528.00,W,N,B,-,N,,,,,,,,,,Y,1,1,0,1,A,-,08,22107,,N,E,I,A,B,H,-,A,D,0,,,,,Y,Y,A,01,0,0,0,0,0,0,0,0,0,"- ","- ",38.924968719482422,-120.78888702392578,"EL DORADO",UNINCORPORATED,-120.78886413574219,38.925025939941406
91432623,2021,2021-03-22,9245,2021-03-20,1400,018782,,6,2,9,0900,0,3,5,,2,004,"SLUG GULCH RD","KIRK LANE",20.00,W,N,B,-,N,,,,,,,,,,Y,2,0,1,1,A,-,03,22350,,N,F,A,A,A,H,-,A,D,0,,,Y,,Y,,C,02,1,0,0,0,0,0,0,0,1,"- ","- ",38.595531463623047,-120.6163330078125,"EL DORADO",UNINCORPORATED,-120.61574554443359,38.595314025878906
91444125,2021,2021-04-06,9246,2021-04-03,1250,017106,,6,1,9,0900,0,1,2,,1,020,"US-50 (LINCOLN HWY)","ALPINE AVENUE",1400.00,W,N,A,-,Y,,,50,,,,,,,Y,2,0,2,1,A,-,01,23152,A,N,F,A,A,A,H,-,A,D,0,,,,,Y,Y,A,07,1,1,0,0,0,0,0,0,0,"- ","- ",38.81549072265625,-120.08216857910156,"EL DORADO",UNINCORPORATED,-120.08266448974609,38.816024780273438
91444308,2021,2021-09-27,9245,2021-04-01,0650,016451,,4,1,9,0900,0,2,4,,1,014,"COLD SPRINGS RD","GOLD HILL RD",402.00,S,N,A,-,N,,,,,,,,,,Y,1,1,0,1,A,-,01,23152,A,N,E,I,A,A,H,-,A,D,0,,,,,Y,Y,A,01,0,0,0,0,0,0,0,0,0,"- ","- ",38.760410308837891,-120.88381958007812,"EL DORADO",UNINCORPORATED,-120.88362121582031,38.760368347167969
91448169,2021,2021-04-12,9245,2021-01-17,2108,016328,,7,2,9,0900,0,2,4,,1,037,"MISSOURI FLAT ROAD","OLD DEPOT RD",413.00,S,N,A,-,N,,,,,,,,,,Y,1,1,0,2,A,-,11,21956,,N,G,B,E,A,H,-,D,D,0,Y,,,,Y,Y,N,60,0,0,0,1,0,0,0,0,0,"- ","- ",38.702041625976562,-120.82373809814453,"EL DORADO",UNINCORPORATED,-120.82316589355469,38.701431274414062
91458078,2021,2021-04-26,9245,2021-04-14,1935,018394,,3,2,9,0900,0,2,4,,1,024,"CARSON RD","US-50 W/B TRANSITION TO CARSON RD",0.00,,Y,A,-,Y,,,,,,,,,,Y,2,0,1,2,A,-,12,22450,A,N,D,C,A,A,H,-,A,A,0,,,Y,,Y,,C,02,1,0,0,0,0,0,0,0,1,"- ","- ",38.738029479980469,-120.66555023193359,"EL DORADO",UNINCORPORATED,-120.66582489013672,38.738105773925781
91459497,2021,2021-04-27,9245,2021-04-24,1300,018601,,6,1,9,0900,0,1,2,,2,140,"US-50 W/B","SIERRA BLANCA DR",0.00,,Y,A,-,Y,,,50,,,,,,W,Y,2,0,3,2,A,-,09,21801,A,N,A,C,A,A,H,-,A,D,0,,,,,Y,,A,07,1,2,0,0,0,0,0,0,0,"- ","- ",38.736850738525391,-120.70818328857422,"EL DORADO",UNINCORPORATED,-120.70818328857422,38.737030029296875
91488828,2021,2021-06-03,9245,2021-05-28,1705,019793,,5,2,9,0900,0,2,4,,1,026,"ICE HOUSE ROAD","PICKETT PEN ROAD",22.00,N,N,A,-,N,,,,,,,,,,Y,2,0,1,2,A,-,03,22350,,N,A,C,A,A,H,-,A,D,0,,,Y,,Y,,C,02,1,0,0,0,0,0,0,0,1,"- ","- ",38.86309814453125,-120.37811279296875,"EL DORADO",UNINCORPORATED,-120.37828826904297,38.868415832519531
91489007,2021,2021-06-03,9245,2021-05-29,0419,021379,,6,3,9,0900,0,2,4,,2,031,"LATROBE RD","WHITE ROCK RD",250.00,S,N,A,-,N,,,,,,,,,,N,2,0,1,1,A,-,08,22107,,N,E,I,A,A,H,-,C,D,0,,,,,Y,Y,A,01,1,0,0,0,0,0,0,0,0,"- ","- ",38.645870208740234,-121.06790924072266,"EL DORADO",UNINCORPORATED,-121.06826019287109,38.645965576171875
91504510,2021,2021-06-23,9245,2021-06-19,1945,018601,,6,2,9,0900,0,2,S,,2,005,"PERRY CREEK RD.","SLUG GULCH RD.",4752.00,W,N,A,-,N,,,,,,,,,,N,2,0,1,1,A,-,03,22350,,N,F,A,A,A,H,-,A,D,0,,,Y,,Y,,C,02,1,0,0,0,0,0,0,0,1,"- ","- ",38.605419158935547,-120.66271209716797,"EL DORADO",UNINCORPORATED,-120.66286468505859,38.605270385742188
91507920,2021,2021-08-27,9245,2021-05-15,0035,018656,,6,3,9,0900,0,2,4,,1,025,"PONY EXPRESS TRAIL","MANZANITA STREET",195.00,E,N,B,-,N,,,,,,,,,,Y,1,1,1,5,A,-,01,23152,A,N,E,I,A,A,H,-,D,D,0,,,,,Y,Y,A,01,1,0,0,0,0,0,0,0,0,"- ","- ",38.759521484375,-120.58888244628906,"EL DORADO",UNINCORPORATED,-120.58914184570312,38.759429931640625
91510166,2021,2021-06-30,9245,2021-06-25,2310,021493,,5,3,9,0900,0,2,4,,1,013,"LOTUS RD.","HEAVEN'S GATE",30.00,S,N,A,-,N,,,,,,,,,,Y,2,0,1,1,A,-,01,23152,A,N,E,I,A,A,H,-,D,D,0,,,,,Y,Y,A,01,1,0,0,0,0,0,0,0,0,"- ","- ",38.794071197509766,-120.9132080078125,"EL DORADO",UNINCORPORATED,-120.91322326660156,38.793830871582031
91528827,2021,2021-07-26,9245,2021-07-15,2040,018782,,4,2,9,0900,0,1,3,,1,115,SR-49,"SALMON FALLS CUTOFF RD",0.00,,Y,A,-,N,,,49,,,,,,,Y,2,0,1,2,A,-,03,22350,,N,C,C,A,A,H,-,D,D,0,,,Y,,Y,,D,22,1,0,0,0,0,0,0,0,1,"- ","- ",38.836078643798828,-121.01252746582031,"EL DORADO",UNINCORPORATED,-121.01253509521484,38.836071014404297
91529050,2021,2021-07-26,9245,2021-07-17,2028,019252,,6,2,9,0900,0,1,2,,2,120,"WESTBOUND US-50","SHINGLE SPRINGS DRIVE",895.00,E,N,A,-,Y,,,50,,,,,,,Y,2,0,2,1,A,-,01,23152,A,N,F,A,A,A,H,-,A,D,0,,,,,Y,Y,D,22,2,0,0,0,0,0,0,0,0,"- ","- ",38.682891845703125,-120.91282653808594,"EL DORADO",UNINCORPORATED,-120.91270446777344,38.682762145996094
91529075,2021,2021-07-26,9245,2021-07-18,1220,019252,,7,1,9,0900,0,2,4,,1,026,"ICE HOUSE ROAD",13N20,1600.00,N,N,A,-,N,,,,,,,,,,Y,2,0,1,1,A,-,08,22107,,N,E,I,A,A,H,-,A,D,0,,,Y,,Y,,C,02,1,0,0,0,0,0,0,0,1,"- ","- ",38.966739654541016,-120.36351776123047,"EL DORADO",UNINCORPORATED,-120.36373901367188,38.966648101806641
91531006,2021,2021-07-28,9245,2021-07-21,1616,017364,,3,2,9,0900,0,2,4,,1,042,"BUCKS BAR ROAD","SAND RIDGE RD",600.00,W,N,A,-,N,,,,,,,,,,N,2,0,1,2,A,-,13,22515,A,N,G,B,E,A,H,-,A,D,0,Y,,,,Y,,A,07,1,0,0,0,1,0,0,0,0,"- ","- ",38.646999359130859,-120.69354248046875,"EL DORADO",UNINCORPORATED,-120.69351196289062,38.646961212158203
91541582,2021,2021-08-10,9245,2021-08-01,1407,018756,,7,2,9,0900,0,1,3,,1,122,SR-193,"PENOBSCOT RD",528.00,E,N,A,-,N,,,193,,,,,,,Y,2,0,1,1,C,-,18,,,N,E,H,A,A,H,-,A,A,0,,,Y,,Y,,-,"- ",1,0,0,0,0,0,0,0,1,"- ","- ",38.898998260498047,-120.94454956054688,"EL DORADO",UNINCORPORATED,-120.94455718994141,38.899036407470703
91544700,2021,2021-08-13,9245,2021-08-05,1835,015609,,4,2,9,0900,0,2,4,,1,013,"LOTUS RD","OLIVE RIDGE RD",528.00,N,N,A,-,N,,,,,,,,,,Y,2,0,3,2,A,-,01,23152,A,N,A,C,A,A,H,-,A,D,0,,,,,Y,Y,D,22,3,0,0,0,0,0,0,0,0,"- ","- ",38.744808197021484,-120.93402099609375,"EL DORADO",UNINCORPORATED,,
91549621,2021,2021-08-19,9245,2021-08-12,0900,015419,,4,1,9,0900,0,3,5,,2,001,"RATTLESNAKE BAR RD","OAK VIEW DR",275.00,E,N,A,-,N,,,,,,,,,,N,2,0,1,1,A,-,08,22107,,N,E,I,A,A,H,-,A,D,0,,,,,Y,,D,22,1,0,0,0,0,0,0,0,0,"- ","- ",38.841541290283203,-121.02644348144531,"EL DORADO",UNINCORPORATED,-121.02666473388672,38.841533660888672
91557528,2021,2022-01-21,9246,2021-07-22,1714,018172,,4,2,9,0900,0,1,2,,1,020,"US-50 (LINCOLN HWY)","TAMARACK PINES RD",2640.00,E,N,A,-,Y,,,50,,,,,,,Y,1,2,5,3,A,-,08,22107,,N,A,C,A,A,H,-,A,D,0,,,,,Y,,A,07,4,0,1,0,0,0,0,0,0,"- ","- ",38.808109283447266,-120.09526062011719,"EL DORADO",UNINCORPORATED,-120.09528350830078,38.808147430419922
91558317,2021,2021-08-30,9245,2021-08-22,0050,019252,,7,3,9,0900,0,1,2,,2,110,"US-50 W/B","ARTHUR CT",105.00,W,N,A,-,Y,,,50,,,,,,W,Y,2,0,2,1,A,-,01,23152,A,N,E,I,A,A,H,-,C,D,0,,,,,Y,Y,D,22,1,1,0,0,0,0,0,0,0,"- ","- ",38.659191131591797,-120.98032379150391,"EL DORADO",UNINCORPORATED,-120.98027801513672,38.659072875976562
91565706,2021,2021-09-08,9245,2021-07-08,0220,021415,,4,3,9,0900,0,1,2,,1,170,"US 50 EB","KYBURZ DR",372.00,W,N,A,-,Y,,,,,,,,,,Y,1,1,2,2,A,-,01,23152,A,N,A,C,A,A,H,-,D,D,0,,,,,Y,,D,22,0,2,0,0,0,0,0,0,0,"- ","- ",38.774410247802734,-120.29933929443359,"EL DORADO",UNINCORPORATED,-120.29889678955078,38.774494171142578
91570130,2021,2021-09-14,9245,2021-09-07,1335,017320,,2,1,9,0900,0,1,3,,1,122,"SR-193 EASTBOUND","GUNPOWDER LANE",528.00,E,N,A,-,N,,,193,,,,,,E,Y,2,0,1,2,A,-,05,21460,A,N,A,C,A,A,H,-,A,D,0,,,Y,Y,Y,,C,02,1,0,0,0,0,0,0,0,1,"- ","- ",38.893730163574219,-120.88426971435547,"EL DORADO",UNINCORPORATED,-120.88425445556641,38.893764495849609
91573250,2021,2021-09-17,9245,2021-09-10,2205,019793,,5,3,9,0900,0,2,4,,2,031,"LATROBE RD","FALCON HAVEN ROAD",1000.00,S,N,A,-,N,,,,,,,,,,N,2,0,1,1,C,-,18,,,N,E,H,A,A,H,-,D,D,0,,,Y,,Y,,-,"- ",1,0,0,0,0,0,0,0,1,"- ","- ",38.523719787597656,-120.95542144775391,"EL DORADO",UNINCORPORATED,-120.95804595947266,38.53271484375
91591910,2021,2021-10-08,9245,2021-08-21,2200,015419,,6,3,9,0900,0,1,3,,1,135,"SR 49 (PLEASANT VALLEY RD)","LONG BRANCH  LN.",103.00,W,N,A,-,Y,,,49,,,,,,,Y,1,1,0,1,A,-,01,23152,A,N,E,I,A,A,H,-,D,D,0,,,Y,,Y,,C,02,0,0,0,0,0,0,0,1,0,"- ","- ",38.681358337402344,-120.84221649169922,"EL DORADO",UNINCORPORATED,-120.84225463867188,38.681510925292969
91591984,2021,2021-10-08,9245,2021-10-03,2130,018601,,7,2,9,0900,0,1,2,,2,120,"US-50 W/B","SHINGLE SPRINGS DR.",528.00,E,N,A,-,Y,,,50,,,,,,W,Y,2,0,1,1,A,-,01,23152,A,N,F,A,A,A,H,-,D,D,0,,,,,Y,Y,D,22,1,0,0,0,0,0,0,0,0,"- ","- ",38.681419372558594,-120.91416931152344,"EL DORADO",UNINCORPORATED,-120.91411590576172,38.681365966796875
91594171,2021,2021-10-12,9245,2021-10-08,0020,019793,,5,3,9,0900,0,2,4,,1,013,"LOTUS ROAD","GRANITE CREEK ROAD",137.00,W,N,A,-,N,,,,,,,,,,Y,2,0,1,1,A,-,01,23152,A,N,E,I,A,A,H,-,D,D,0,,,,,Y,Y,A,01,1,0,0,0,0,0,0,0,0,"- ","- ",38.787910461425781,-120.91445922851562,"EL DORADO",UNINCORPORATED,-120.91443634033203,38.787929534912109
91612514,2021,2021-11-01,9245,2021-10-22,2300,016328,,5,3,9,0900,0,2,4,,1,043,"SLY PARK RD","ROLAND CT",200.00,S,N,A,-,N,,,,,,,,,,Y,2,0,1,3,A,-,08,22107,,M,C,E,A,B,H,-,D,A,0,,,,,Y,,A,01,1,0,0,0,0,0,0,0,0,"- ","- ",38.757659912109375,-120.57200622558594,"EL DORADO",UNINCORPORATED,-120.57431030273438,38.756832122802734
91647916,2021,2021-12-09,9245,2021-12-02,1710,015419,,4,2,9,0900,0,3,5,,2,003,"WHITE ROCK RD","TERRA ALTA DR",0.00,,Y,B,-,N,,,,,,,,,,Y,2,0,2,2,A,-,03,22350,,N,D,C,A,A,H,-,D,D,0,,,Y,,Y,,C,02,1,1,0,0,0,0,0,0,1,"- ","- ",38.633419036865234,-121.07877349853516,"EL DORADO",UNINCORPORATED,-121.07868000000001,38.633600000000001
91657696,2021,2021-12-21,9245,2021-12-10,2030,019252,,5,2,9,0900,0,1,2,,1,170,US-50,"33 MILESTONE",454.00,E,N,A,-,Y,,,50,,,,,,,Y,2,0,6,4,A,-,05,21460,A,N,A,C,A,A,H,-,D,D,0,,,,,Y,Y,A,01,1,0,5,0,0,0,0,0,0,"- ","- ",38.772369384765625,-120.29048919677734,"EL DORADO",UNINCORPORATED,-120.29049682617188,38.772350311279297
91671227,2021,2022-01-05,9245,2021-12-23,0950,015563,,4,1,9,0900,0,1,2,,1,170,US-50,"41 MILE STONE TRACT",475.00,E,N,D,-,Y,,,50,,,,,,,Y,2,0,3,3,A,-,03,22350,,N,G,B,E,C,H,-,A,D,0,Y,,,,Y,,A,07,2,1,0,0,1,0,0,0,0,"- ","- ",38.788871765136719,-120.17936706542969,"EL DORADO",UNINCORPORATED,-120.17935943603516,38.788921356201172
91679601,2021,2022-01-18,9245,2021-12-30,1530,019252,,4,2,9,0900,0,2,4,,2,011,"GREEN VALLEY RD","MILLER ROAD",447.00,W,N,A,-,N,,,,,,,,,,Y,2,0,1,1,A,-,08,22107,,N,E,I,A,A,H,-,A,D,0,,,,,Y,,D,22,1,0,0,0,0,0,0,0,0,"- ","- ",38.708831787109375,-121.09369659423828,"EL DORADO",UNINCORPORATED,-121.09355163574219,38.708625793457031
91693128,2022,2022-02-03,9245,2022-01-22,1805,019252,,6,2,9,0900,0,1,2,,2,110,"US-50 W/B","CAMERON PARK DRIVE",3696.00,E,N,A,-,Y,ED,,50,,,7.247,H,,L,Y,2,0,5,1,A,-,08,22107,,N,E,I,A,A,H,-,D,D,0,,,,,Y,Y,D,22,2,2,1,0,0,0,0,0,0,"- ","- ",38.659599304199219,-120.95675659179688,"EL DORADO",UNINCORPORATED,-120.95676422119141,38.659736633300781
91701921,2022,2022-02-16,9245,2022-02-04,1615,019252,,5,2,9,0900,0,2,4,,2,012,"SALMON FALLS RD","POND VIEW ROAD",144.00,N,N,A,-,N,,,,,,,,,,Y,2,0,1,1,A,-,01,23152,A,M,E,I,A,A,H,-,A,D,0,,,,,Y,Y,D,22,1,0,0,0,0,0,0,0,0,"- ","- ",38.8255615234375,-121.01380157470703,"EL DORADO",UNINCORPORATED,-121.01381683349609,38.825515747070312
91704172,2022,2022-02-18,9245,2022-02-09,1615,015609,,3,2,9,0900,0,1,3,,1,135,"RT 49","GALENA DR",0.00,,Y,A,-,Y,ED,,49,,,6.299,H,,R,Y,2,0,1,2,A,-,09,21801,A,N,D,C,A,A,H,-,A,D,0,,,Y,,Y,,D,22,1,0,0,0,0,0,0,0,1,"- ","- ",38.635738372802734,-120.85075378417969,"EL DORADO",UNINCORPORATED,-120.85077667236328,38.635746002197266
91719104,2022,2022-03-09,9245,2022-02-20,1645,019252,,7,2,9,0900,0,3,5,,2,001,"EL DORADO RD","MISSOURI FLAT RD",425.00,N,N,A,-,N,,,,,,,,,,Y,2,0,1,1,A,-,01,23152,A,N,F,A,A,A,H,-,A,D,0,,,Y,,Y,Y,C,02,1,0,0,0,0,0,0,0,1,"- ","- ",38.71820068359375,-120.84710693359375,"EL DORADO",UNINCORPORATED,-120.84706878662109,38.718093872070312
9172108,2020,2020-11-02,0901,2020-10-14,0210,320,901,3,5,2,0901,0,0,0,,0,PP1,"PLACERVILLE DR","A & A RD",0.00,,Y,A,-,N,,,,,,,,,,Y,2,0,1,2,A,-,00,23153,F,N,A,I,A,A,H,-,C,D,0,,,,,Y,,A,01,1,0,0,0,0,0,0,0,0,"- ","- ",,,"EL DORADO",PLACERVILLE,-120.83695220947266,38.726970672607422
91722951,2022,2022-03-15,9245,2022-03-13,1900,021493,,7,2,9,0900,0,2,4,,1,041,"PLEASANT VALLEY RD.","NEWTOWN RD.",800.00,E,N,A,-,N,,,,,,,,,,Y,2,0,1,1,A,-,01,23152,A,N,E,I,A,A,H,-,B,D,0,,,,,Y,Y,D,22,1,0,0,0,0,0,0,0,0,"- ","- ",38.69219970703125,-120.97411346435547,"EL DORADO",UNINCORPORATED,-120.67401885986328,38.691963195800781
91736593,2022,2022-04-04,9245,2022-03-21,1600,019252,,1,2,9,0900,0,2,4,,1,041,"PLEASANT VALLEY RD","JAMAL WAY",0.00,,Y,A,-,N,,,,,,,,,,Y,2,0,1,2,A,-,05,21460,A,N,A,C,A,A,H,-,A,D,0,,,,,Y,,A,01,1,0,0,0,0,0,0,0,0,"- ","- ",38.675960540771484,-120.75650787353516,"EL DORADO",UNINCORPORATED,-120.7564697265625,38.676033020019531
91771112,2022,2022-05-12,9245,2022-05-02,2149,021379,,1,2,9,0900,0,1,2,,2,120,"US-50 E/B FROM EL DORADO","EL DORADO RD",0.00,,N,A,-,Y,,,,,,,,,,Y,2,0,1,1,A,-,01,23152,A,N,E,8,A,A,H,-,D,D,0,,,,,Y,Y,A,07,1,0,0,0,0,0,0,0,0,"- ","- ",38.704261779785156,-120.85636901855469,"EL DORADO",UNINCORPORATED,-120.85649871826172,38.704616546630859
91789434,2022,2022-06-06,9245,2022-05-17,1400,018756,,2,2,9,0900,0,2,4,,1,032,"SOUTH SHINGLE ROAD","SUNSET LANE",0.00,,Y,B,-,N,,,,,,,,,,N,2,0,1,2,A,-,09,21802,,F,D,D,A,A,H,-,A,A,0,,,Y,,Y,,-,99,1,0,0,0,0,0,0,0,1,"- ","- ",38.658878326416016,-120.93599700927734,"EL DORADO",UNINCORPORATED,-120.93595886230469,38.658897399902344
91794066,2022,2022-06-13,9245,2022-03-08,1854,019252,,2,2,9,0900,0,2,4,,1,015,"CAMERON PARK DRIVE","GREEN VALLEY RD",166.00,S,N,A,-,N,,,,,,,,,,N,1,1,0,2,A,-,11,21954,A,N,G,B,D,A,H,-,C,D,0,Y,,,,Y,,N,60,0,0,0,1,0,0,0,0,0,"- ","- ",38.698459625244141,-120.99542999267578,"EL DORADO",UNINCORPORATED,-120.99546051025391,38.698570251464844
91797090,2022,2022-06-16,9245,2022-06-08,1620,021493,,3,2,9,0900,0,2,S,,2,005,"WENTWORTH SPRINGS RD","SLEIGH BELL",565.00,E,N,A,-,N,,,,,,,,,,Y,2,0,2,1,A,-,03,22350,,N,E,I,A,A,H,-,A,D,0,,,,Y,Y,,F,27,2,0,0,0,0,0,0,0,0,"- ","- ",38.942680358886719,-120.71730804443359,"EL DORADO",UNINCORPORATED,-120.71717834472656,38.942562103271484
91814325,2022,2022-07-11,9245,2022-06-26,1300,017897,,7,1,9,0900,0,2,4,,1,026,"ICE HOUSE RD","WHITE MEADOW RD",0.00,,Y,A,-,N,,,,,,,,,,Y,2,0,2,2,A,-,05,21650,,N,D,C,A,A,H,-,A,D,0,,,Y,,Y,,C,02,1,1,0,0,0,0,0,0,2,"- ","- ",38.773880004882812,-120.45584869384766,"EL DORADO",UNINCORPORATED,-120.45574951171875,38.774051666259766
91815539,2022,2022-07-13,9245,2022-07-01,1630,018601,,5,2,9,0900,0,2,4,,2,011,"GREEN VALLEY RD.","ULENKAMP RD.",528.00,E,N,A,-,N,,,,,,,,,,N,2,0,1,1,C,-,18,,,N,F,A,A,A,H,-,A,D,0,,,Y,,Y,,-,"- ",1,0,0,0,0,0,0,0,1,"- ","- ",38.707000732421875,-120.95951080322266,"EL DORADO",UNINCORPORATED,-120.968994140625,38.707054138183594
91822160,2022,2022-08-19,9245,2022-07-09,1839,018756,,6,2,9,0900,0,2,4,,1,013,"LOTUS ROAD","FIREHOUSE ROAD",528.00,N,N,A,-,N,,,,,,,,,,Y,2,0,2,3,A,-,03,22350,,F,C,C,F,A,H,-,A,D,0,Y,,,,Y,Y,-,99,1,1,0,0,1,0,0,0,0,"- ","- ",38.803180694580078,-120.90711212158203,"EL DORADO",UNINCORPORATED,-120.90754699707031,38.802906036376953
91823309,2022,2022-07-22,9245,2022-07-14,1400,018656,,4,2,9,0900,0,3,5,,2,004,"CAMINO CT","CAMINO HEIGHTS DR",10.00,E,N,A,-,N,,,,,,,,,,N,2,0,5,1,A,-,08,22107,,N,F,A,A,A,H,-,A,D,0,,,,,Y,,M,96,1,4,0,0,0,0,0,0,0,"- ","- ",38.733039855957031,-120.71495056152344,"EL DORADO",UNINCORPORATED,-120.71455383300781,38.733005523681641