CASE_ID,ACCIDENT_YEAR,PROC_DATE,JURIS,COLLISION_DATE,COLLISION_TIME,OFFICER_ID,REPORTING_DISTRICT,DAY_OF_WEEK,CHP_SHIFT,POPULATION,CNTY_CITY_LOC,SPECIAL_COND,BEAT_TYPE,CHP_BEAT_TYPE,CITY_DIVISION_LAPD,CHP_BEAT_CLASS,BEAT_NUMBER,PRIMARY_RD,SECONDARY_RD,DISTANCE,DIRECTION,INTERSECTION,WEATHER_1,WEATHER_2,STATE_HWY_IND,CALTRANS_COUNTY,CALTRANS_DISTRICT,STATE_ROUTE,ROUTE_SUFFIX,POSTMILE_PREFIX,POSTMILE,LOCATION_TYPE,RAMP_INTERSECTION,SIDE_OF_HWY,TOW_AWAY,COLLISION_SEVERITY,NUMBER_KILLED,NUMBER_INJURED,PARTY_COUNT,PRIMARY_COLL_FACTOR,PCF_CODE_OF_VIOL,PCF_VIOL_CATEGORY,PCF_VIOLATION,PCF_VIOL_SUBSECTION,HIT_AND_RUN,TYPE_OF_COLLISION,MVIW,PED_ACTION,ROAD_SURFACE,ROAD_COND_1,ROAD_COND_2,LIGHTING,CONTROL_DEVICE,CHP_ROAD_TYPE,PEDESTRIAN_ACCIDENT,BICYCLE_ACCIDENT,MOTORCYCLE_ACCIDENT,TRUCK_ACCIDENT,NOT_PRIVATE_PROPERTY,ALCOHOL_INVOLVED,STWD_VEHTYPE_AT_FAULT,CHP_VEHTYPE_AT_FAULT,COUNT_SEVERE_INJ,COUNT_VISIBLE_INJ,COUNT_COMPLAINT_PAIN,COUNT_PED_KILLED,COUNT_PED_INJURED,COUNT_BICYCLIST_KILLED,COUNT_BICYCLIST_INJURED,COUNT_MC_KILLED,COUNT_MC_INJURED,PRIMARY_RAMP,SECONDARY_RAMP,LATITUDE,LONGITUDE,COUNTY,CITY,POINT_X,POINT_Y
91830132,2022,2022-08-01,9246,2022-07-29,1050,014471,,5,1,9,0900,0,1,2,,1,020,"US 50 (LINCOLN HWY)","ALPINE AVE",2112.00,W,N,A,-,Y,ED,,50,,,63.247,H,,R,Y,2,0,2,2,A,-,06,21755,A,N,D,C,A,A,H,-,A,D,0,,,Y,,Y,,C,02,2,0,0,0,0,0,0,0,2,"- ","- ",38.814949035644531,-120.08379364013672,"EL DORADO",UNINCORPORATED,-120.08377075195312,38.814933776855469
91830356,2022,2022-08-01,9245,2022-07-28,1250,018656,,4,1,9,0900,0,2,4,,1,042,"BUCKS BAR RD","SPRINGER RD",0.00,,Y,A,-,N,,,,,,,,,,N,2,0,1,2,A,-,05,21460,A,M,B,C,A,A,H,-,A,D,0,,,,,Y,,D,22,1,0,0,0,0,0,0,0,0,"- ","- ",38.675079345703125,-120.72917938232422,"EL DORADO",UNINCORPORATED,-120.72915649414062,38.675086975097656
91832226,2022,2022-08-03,9245,2022-07-27,1540,019252,,3,2,9,0900,0,1,2,,1,170,US-50,"WRIGHTS LAKE ROAD",2737.00,E,N,A,-,Y,ED,,50,,,54.383,H,,R,Y,2,0,3,4,A,-,06,21755,A,N,B,C,A,A,H,-,A,D,0,,,,,Y,,A,01,1,1,1,0,0,0,0,0,0,"- ","- ",38.787609100341797,-120.20468139648438,"EL DORADO",UNINCORPORATED,-120.20464324951172,38.787551879882812
91836764,2022,2022-08-10,9245,2022-08-01,0205,019793,,1,3,9,0900,0,1,2,,2,120,"US-50 W/B TO EL DORADO ROAD","EL DORADO ROAD",50.00,E,N,A,-,Y,,,,,,,,,,Y,2,0,1,1,A,-,01,23152,A,N,E,I,A,A,H,-,D,D,0,,,,,Y,Y,D,22,1,0,0,0,0,0,0,0,0,"- ","- ",38.705341339111328,-120.85635375976562,"EL DORADO",UNINCORPORATED,-120.85635375976562,38.705341339111328
91842899,2022,2022-08-17,9245,2022-08-06,2107,021379,,6,2,9,0900,0,1,3,,1,115,"WENTWORTH SPRINGS RD","CHIPMUNK TRL",1584.00,E,N,A,-,N,,,,,,,,,,Y,2,0,1,1,A,-,01,23152,A,N,E,I,A,A,H,-,D,D,0,,,,,Y,Y,A,01,1,0,0,0,0,0,0,0,0,"- ","- ",38.921871185302734,-120.81378936767578,"EL DORADO",UNINCORPORATED,-120.81428527832031,38.921329498291016
91847908,2022,2022-08-24,9245,2022-08-14,1500,019252,,7,2,9,0900,0,1,2,,2,140,"US-50 W/B","MOSQUITO RD",512.00,E,N,A,-,Y,ED,,50,,,18.664,H,,L,Y,2,0,2,3,A,-,07,21658,A,N,B,C,A,A,H,-,A,D,0,,,,,Y,,D,22,1,1,0,0,0,0,0,0,0,"- ","- ",38.731430053710938,-120.78778839111328,"EL DORADO",UNINCORPORATED,-120.78778839111328,38.731426239013672
91866499,2022,2022-09-16,9245,2022-09-08,1915,017040,,4,2,9,0900,0,1,3,,1,122,SR-193,"SHOEMAKER RD.",335.00,S,N,A,-,N,,,,,,,,,,Y,2,0,1,1,A,-,08,22107,,N,F,A,A,A,H,-,B,D,0,,,Y,,Y,,C,02,1,0,0,0,0,0,0,0,1,"- ","- ",38.892898559570312,-120.82991790771484,"EL DORADO",UNINCORPORATED,-120.82989501953125,38.892898559570312
91892163,2022,2022-10-17,9245,2022-10-05,1650,019252,,3,2,9,0900,0,2,4,,2,012,"SALMON FALLS RD","HIDDEN BRIDGE ROAD",0.00,,Y,A,-,N,,,,,,,,,,Y,2,0,1,1,A,-,08,22107,,N,E,I,A,A,H,-,A,D,0,,,,,Y,,A,01,1,0,0,0,0,0,0,0,0,"- ","- ",38.760551452636719,-121.04370880126953,"EL DORADO",UNINCORPORATED,-121.043701171875,38.760318756103516
91904482,2022,2022-10-28,9245,2022-10-19,1115,017728,,3,1,9,0900,0,3,5,,2,001,"SERRANO PKWY","PPENELA WAY",200.00,W,N,A,-,N,,,,,,,,,,N,2,0,1,2,A,-,08,22107,,N,B,G,A,A,H,-,A,D,0,,Y,,,Y,,D,22,1,0,0,0,0,0,1,0,0,"- ","- ",38.659999847412109,-121.06829833984375,"EL DORADO",UNINCORPORATED,-121.06824493408203,38.660110473632812
91906092,2022,2022-10-31,9245,2022-10-19,0520,021379,,3,3,9,0900,0,1,2,,2,150,US-50,"RIDGEWAY DR",3696.00,E,N,A,-,Y,ED,,50,,R,29.649,H,,R,Y,2,0,1,2,A,-,03,22350,,N,D,C,A,A,C,-,D,D,0,,,,,Y,,-,"- ",1,0,0,0,0,0,0,0,0,"- ","- ",38.751739501953125,-120.60346221923828,"EL DORADO",UNINCORPORATED,-120.60344696044922,38.751724243164062
91913686,2022,2022-11-09,9245,2022-10-30,1400,022185,,7,2,9,0900,0,3,5,,2,001,"EL DORADO HILLS BLVD","LASSEN LANE",0.00,,Y,A,-,N,,,,,,,,,,Y,2,0,1,2,A,-,12,21453,A,N,D,C,A,A,H,-,A,A,0,,,,,Y,,A,01,1,0,0,0,0,0,0,0,0,"- ","- ",38.660118103027344,-121.07196044921875,"EL DORADO",UNINCORPORATED,-121.07199859619141,38.66015625
91921901,2022,2022-11-18,9245,2022-11-10,1429,018756,,4,2,9,0900,0,2,4,,2,012,"EL DORADO HILLS BLVD","ST ANDREWS DRIVE",13.00,S,N,B,-,N,,,,,,,,,,N,2,0,1,2,A,-,11,21950,B,N,G,B,B,A,H,-,A,A,0,Y,,,,Y,,N,60,1,0,0,0,1,0,0,0,0,"- ","- ",38.686470031738281,-121.07972717285156,"EL DORADO",UNINCORPORATED,-121.07978820800781,38.686531066894531
92030837,2023,2023-03-28,9245,2023-03-15,1350,017364,,3,1,9,0900,0,2,4,,2,011,"GREEN VALLEY RD","LODE RD",215.00,W,N,B,-,N,,,,,,,,,,Y,2,0,1,1,A,-,01,23152,A,N,E,I,A,A,H,-,A,D,0,,,,,Y,Y,A,01,1,0,0,0,0,0,0,0,0,"- ","- ",38.722690582275391,-120.84651947021484,"EL DORADO",UNINCORPORATED,-120.84645080566406,38.722621917724609
92033081,2023,2023-03-30,9245,2023-03-25,1410,018601,,6,2,9,0900,0,2,4,,2,012,"SALMON FALLS RD","GALLAGHER RD",2640.00,S,N,A,-,N,,,,,,,,,,N,2,0,1,1,A,-,03,22350,,N,E,I,A,A,H,-,A,D,0,,,Y,,Y,,C,02,1,0,0,0,0,0,0,0,1,"- ","- ",38.782699584960938,-121.03295135498047,"EL DORADO",UNINCORPORATED,-121.03414154052734,38.782207489013672
92038951,2023,2023-04-06,9245,2023-03-31,1202,018601,,5,1,9,0900,0,2,4,,2,031,"LATROBE RD.","GOLDEN FOOTHILL PKWY",0.00,,Y,A,-,N,,,,,,,,,,Y,2,0,2,2,A,-,12,21453,A,N,D,C,A,A,H,-,A,A,0,,,,,Y,,A,08,1,0,1,0,0,0,0,0,0,"- ","- ",38.641288757324219,-121.06562042236328,"EL DORADO",UNINCORPORATED,-121.06561279296875,38.641319274902344
92051715,2023,2023-04-24,9245,2023-04-18,1315,015419,,2,1,9,0900,0,2,4,,2,011,"GREEN VALLEY RD","CAMERON PARK",50.00,E,N,A,-,N,,,,,,,,,,N,2,0,2,2,A,-,09,21801,A,N,D,C,A,A,H,-,A,D,0,,,Y,,Y,,C,02,1,0,1,0,0,0,0,0,2,"- ","- ",38.699108123779297,-120.99504852294922,"EL DORADO",UNINCORPORATED,-120.99543762207031,38.699039459228516
92057082,2023,2023-04-28,9245,2023-04-24,1720,021050,,1,2,9,0900,0,2,4,,1,026,"ICE HOUSE ROAD","WHITE MEADOWS RD",480.00,N,N,A,-,N,,,,,,,,,,Y,2,0,1,1,A,-,03,22350,,N,E,I,A,A,H,-,A,D,0,,,Y,,Y,,C,02,1,0,0,0,0,0,0,0,1,"- ","- ",38.773990631103516,-120.45427703857422,"EL DORADO",UNINCORPORATED,-120.454345703125,38.774082183837891
92066003,2023,2023-05-10,9245,2023-03-02,1518,022589,,4,2,9,0900,0,1,2,,2,150,"US-50 E/B","ICE HOUSE ROAD",6336.00,W,N,A,-,Y,ED,,50," "," ",38.585,H,,R,Y,1,2,1,2,A,-,03,22350,,N,D,C,A,C,H,-,A,D,0,,,,,Y,,A,07,0,1,0,0,0,0,0,0,0,"- ","- ",38.776378631591797,-120.4644775390625,"EL DORADO",UNINCORPORATED,-120.4644775390625,38.776363372802734
92086334,2023,2023-10-02,9245,2023-05-26,"25  ",021520,,5,3,9,0900,0,1,2,,2,120,"US-50 WESTBOUND","GREENSTONE RD UNDERCROSSING",12.00,E,N,B,-,Y,ED,,50," ",R,12.198,H,,L,Y,1,1,1,2,A,-,01,23152,F,N,A,C,A,A,H,-,D,A,0,,,,,Y,,A,07,1,0,0,0,0,0,0,0,0,"- ","- ",38.696060180664062,-120.88784027099609,"EL DORADO",UNINCORPORATED,-120.88784027099609,38.696037292480469
92086991,2023,2023-06-06,9245,2023-05-23,1550,022589,,2,2,9,0900,0,3,5,,2,002,"HEATHER HILL ROAD","HEATHER HILL CT",650.00,N,N,A,-,N,,,,,,,,,,N,2,0,1,1,A,-,03,22350,,N,E,8,A,A,H,-,A,D,0,,,,,Y,,D,22,1,0,0,0,0,0,0,0,0,"- ","- ",38.736061096191406,-120.86041259765625,"EL DORADO",UNINCORPORATED,-120.86041259765625,38.735931396484375
92092957,2023,2023-06-13,9245,2023-04-19,2500,022169,,3,4,9,0900,0,3,5,,2,004,"UNION MINE ROAD","RATTLER RIDGE RD",1584.00,S,N,A,-,N,,,,,,,,,,Y,2,0,2,2,A,-,17,21662,A,F,A,C,A,A,H,-,B,D,0,,,,,Y,,D,22,1,0,1,0,0,0,0,0,0,"- ","- ",38.638679504394531,-120.83667755126953,"EL DORADO",UNINCORPORATED,-120.83662414550781,38.638587951660156
92116254,2023,2023-07-13,9246,2023-07-04,1630,019119,,2,2,9,0900,0,1,2,,1,021,"US-50 (LINCOLN HWY)","ECHO DR",145.00,E,N,A,-,Y,ED,,50," "," ",66.846,H,,R,Y,2,0,1,1,A,-,03,22350,,N,E,I,A,A,H,-,A,D,0,,,Y,,Y,,C,02,1,0,0,0,0,0,0,0,1,"- ","- ",38.813220977783203,-120.029296875,"EL DORADO",UNINCORPORATED,-120.02934265136719,38.813259124755859
92132332,2023,2023-07-31,9246,2023-07-26,1737,018085,,3,2,9,0900,0,1,2,,1,022,"US-50 (LINCOLN HWY)","ELKS CLUB DR.",25.00,W,N,A,-,Y,ED,,50," "," ",72.555,H,,R,N,2,0,1,2,A,-,08,22100,B,N,B,G,A,A,H,-,A,D,0,,Y,,,Y,,L,04,1,0,0,0,0,0,1,0,0,"- ","- ",38.874130249023438,-120.00566864013672,"EL DORADO",UNINCORPORATED,-120.00563049316406,38.874126434326172
92154767,2023,2023-08-25,9245,2023-08-17,1855,017364,,4,2,9,0900,0,2,4,,1,014,"COLD SPRINGS ROAD","THOMPSON HILL ROAD",0.00,,N,A,-,N,,,,,,,,,,Y,2,0,1,1,C,-,18,,,N,H,H,A,A,H,-,A,D,0,,,Y,,Y,,-,"- ",1,0,0,0,0,0,0,0,1,"- ","- ",38.778411865234375,-120.89261627197266,"EL DORADO",UNINCORPORATED,-120.89266204833984,38.779270172119141
92166097,2023,2023-09-11,9245,2023-08-27,1530,022185,,7,2,9,0900,0,3,5,,2,004,"PENNYROYAL DRIVE","BEGONIA DR",1000.00,S,N,A,-,N,,,,,,,,,,N,2,0,1,1,A,-,03,22350,,N,H,G,A,A,H,-,A,D,0,,Y,,,Y,,L,04,1,0,0,0,0,0,1,0,0,"- ","- ",38.706550598144531,-120.61309051513672,"EL DORADO",UNINCORPORATED,-120.61285400390625,38.704113006591797
92174078,2022,2023-10-11,9245,2022-11-11,1935,021520,,5,2,9,0900,0,1,2,,2,140,"US-50 WESTBOUND","MOSQUITO ROAD UNDERCROSSING",200.00,W,N,A,-,Y,ED,,50,,,18.495,H,,L,Y,1,1,2,2,A,-,01,23152,A,F,C,C,A,A,H,-,D,D,0,,,,,Y,Y,A,07,0,0,2,0,0,0,0,0,0,"- ","- ",38.7318115234375,-120.7908935546875,"EL DORADO",UNINCORPORATED,-120.79088592529297,38.731773376464844
92188244,2023,2023-10-02,9245,2023-05-03,2340,018656,,3,3,9,0900,0,1,2,,2,140,"US-50 E/B","EL DORADO BIKE TRAIL OVERCROSSING",346.00,W,N,B,-,Y,ED,,50," "," ",21.013,H,,R,Y,1,1,0,1,A,-,03,22350,,N,E,8,A,A,H,-,D,D,0,,,,,Y,,A,01,0,0,0,0,0,0,0,0,0,"- ","- ",38.731288909912109,-120.74729919433594,"EL DORADO",UNINCORPORATED,-120.74732208251953,38.731315612792969
92245812,2023,2023-11-27,9245,2023-11-15,1400,020197,,3,2,9,0900,0,3,5,,2,004,"GRIZZLY FLAT ROAD","OLD SCHOOL HOUSE ROAD",95.00,E,N,B,C,N,,,,,,,,,,Y,2,0,2,1,C,-,18,,,N,H,J,A,B,G,-,A,D,0,,,,,Y,,-,"- ",1,0,1,0,0,0,0,0,0,"- ","- ",38.621368408203125,-120.59950256347656,"EL DORADO",UNINCORPORATED,,
92261491,2023,2023-12-13,9245,2023-12-05,"930 ",015419,,2,1,9,0900,0,1,2,,2,120,"US 50 EASTBOUND","REDHAWK PKWY",1600.00,W,N,A,-,Y,ED,,50," ",R,10.848,H,,R,Y,2,0,1,1,A,-,08,22107,,N,E,I,A,A,H,-,A,D,0,,,,,Y,,A,07,1,0,0,0,0,0,0,0,0,"- ","- ",38.686378479003906,-120.90850067138672,"EL DORADO",UNINCORPORATED,-120.90860748291016,38.686447143554688
92263250,2023,2024-06-11,9245,2023-12-02,1930,021103,,6,2,9,0900,0,2,4,,1,037,"MISSOURI FLAT ROAD","OLD DEPOT ROAD",50.00,N,N,B,-,N,,,,,,,,,,N,2,0,1,2,A,-,08,22107,,F,G,B,E,B,H,-,D,A,0,Y,,,,Y,,-,99,1,0,0,0,1,0,0,0,0,"- ","- ",38.702510833740234,-120.8243408203125,"EL DORADO",UNINCORPORATED,-120.82423400878906,38.702369689941406
92267174,2023,2023-12-20,9245,2023-12-07,"200 ",019793,,4,3,9,0900,0,1,2,,2,110,"US-50 E/B","SILVA VALLEY PKY",1514.00,E,N,A,-,Y,ED,,50," ",R,2.127,H,,R,Y,2,0,1,1,A,-,03,22350,,N,E,I,A,A,H,-,D,D,0,,,,,Y,,A,01,1,0,0,0,0,0,0,0,0,"- ","- ",38.658309936523438,-121.04889678955078,"EL DORADO",UNINCORPORATED,-121.04891204833984,38.658229827880859
92296943,2024,2024-01-25,9245,2024-01-12,1540,019252,,5,2,9,0900,0,3,5,,2,003,"CHINA GARDEN RD","LIME KILN RD",61.00,N,N,B,-,N,,,,,,,,,,Y,2,0,1,1,A,-,03,22350,,N,E,I,A,A,H,-,A,A,0,,,Y,,Y,,C,02,1,0,0,0,0,0,0,0,1,"- ","- ",38.696659088134766,-120.81775665283203,"EL DORADO",UNINCORPORATED,-120.81768798828125,38.696605682373047
92302949,2024,2024-02-01,9245,2024-01-21,1445,021969,,7,2,9,0900,0,3,5,,2,001,"COUNTRY CLUB DR","TRINIDAD DR",739.00,W,N,B,-,N,,,,,,,,,,N,2,0,1,1,B,-,22,,,N,E,I,A,A,H,-,A,D,0,,,,,Y,,M,93,1,0,0,0,0,0,0,0,0,"- ","- ",38.656158447265625,-121.01338195800781,"EL DORADO",UNINCORPORATED,-121.0133056640625,38.656139373779297
92316124,2024,2024-02-16,9245,2024-02-06,1828,017364,,2,2,9,0900,0,3,5,,2,001,"OXFORD RD","WOOD LN",1320.00,W,N,B,C,N,,,,,,,,,,N,2,0,1,2,A,-,11,21956,A,N,G,B,E,B,H,-,D,D,0,Y,,,,Y,,N,60,1,0,0,0,1,0,0,0,0,"- ","- ",38.679351806640625,-120.9869384765625,"EL DORADO",UNINCORPORATED,-120.98517608642578,38.679531097412109
92316317,2024,2024-02-16,9245,2024-02-07,2110,021493,,3,2,9,0900,0,3,5,,2,003,"DUROCK RD","SHINGLE LIME MINE RD",1667.00,W,N,B,-,N,,,,,,,,,,Y,2,0,1,1,A,-,08,22107,,N,E,8,A,B,H,-,D,D,0,,,,,Y,,A,01,1,0,0,0,0,0,0,0,0,"- ","- ",38.653179168701172,-120.96273040771484,"EL DORADO",UNINCORPORATED,-120.96260833740234,38.653141021728516
92347205,2024,2024-03-26,9245,2024-03-17,"230 ",022589,,7,3,9,0900,0,3,5,,2,003,"SR-49 S/B","MAISY LANE",1400.00,N,N,A,-,N,,,,,,,,,,Y,2,0,1,1,A,-,01,23152,A,N,E,I,A,A,H,-,D,D,0,,,,,Y,Y,A,01,1,0,0,0,0,0,0,0,0,"- ","- ",38.671539306640625,-120.85224914550781,"EL DORADO",UNINCORPORATED,-120.85212707519531,38.671516418457031
92363235,2024,2024-04-12,9245,2024-03-30,1320,022169,,6,1,9,0900,0,2,S,,2,005,"PONY EXPRESS TRAIL","PONY EXPRESS CT",1056.00,W,N,B,F,N,,,,,,,,,,Y,2,0,8,2,A,-,01,23152,A,N,D,C,A,C,H,-,A,D,0,,,,,Y,Y,D,22,6,2,0,0,0,0,0,0,0,"- ","- ",38.750030517578125,-120.61210632324219,"EL DORADO",UNINCORPORATED,-120.6103515625,38.750465393066406
92377255,2024,2024-04-29,9245,2024-04-16,"334 ",021379,,2,3,9,0900,0,3,5,,2,001,"DEER VALLEY RD","DEER OAK RD",700.00,N,N,A,-,N,,,,,,,,,,Y,2,0,2,1,A,-,01,23152,A,N,E,I,A,A,H,-,D,D,0,,,,,Y,Y,A,01,1,1,0,0,0,0,0,0,0,"- ","- ",38.708930969238281,-121.02236938476562,"EL DORADO",UNINCORPORATED,,
92386843,2024,2024-05-10,9245,2024-04-20,"120 ",019441,,6,3,9,0900,0,2,4,,1,015,"CAMERON PARK DR","TORONTO RD",413.00,S,N,A,-,N,,,,,,,,,,N,2,0,1,1,A,-,01,23152,A,N,F,A,A,A,H,-,C,D,0,,,,,Y,Y,A,07,1,0,0,0,0,0,0,0,0,"- ","- ",38.665298461914062,-120.97630310058594,"EL DORADO",UNINCORPORATED,-120.97618865966797,38.665420532226562
92414175,2024,2024-06-13,9245,2024-04-30,1010,017752,,2,1,9,0900,0,2,4,,1,042,"BUCKS BAR RD","PALACE LANE",390.00,W,N,A,-,N,,,,,,,,,,Y,1,1,2,2,A,-,05,21460,A,N,A,C,A,A,H,-,A,D,0,,,,,Y,Y,A,07,1,1,0,0,0,0,0,0,0,"- ","- ",38.674110412597656,-120.72382354736328,"EL DORADO",UNINCORPORATED,-120.72403717041016,38.674079895019531
92420585,2024,2024-06-21,9245,2024-06-13,2345,021379,,4,3,9,0900,0,3,5,,2,001,"COOLWATER CREEK RD","NOEL CT",65.00,N,N,A,-,N,,,,,,,,,,Y,2,0,1,1,A,-,08,22107,,N,F,0,A,A,H,-,D,D,0,,,Y,,Y,,C,02,1,0,0,0,0,0,0,0,1,"- ","- ",38.733680725097656,-120.84841156005859,"EL DORADO",UNINCORPORATED,-120.84842681884766,38.733695983886719
92436213,2024,2024-07-11,9245,2024-07-01,1703,020781,,1,2,9,0900,0,3,5,,2,003,SR-49,"CHINA HILL RD",0.00,,Y,A,-,Y,ED,,49," "," ",8.350,H,,R,Y,2,0,1,2,A,-,06,21750,A,F,D,C,A,A,H,-,A,D,0,,,Y,,Y,,C,02,1,0,0,0,0,0,0,0,1,"- ","- ",38.664501190185547,-120.85350799560547,"EL DORADO",UNINCORPORATED,-120.85350036621094,38.664497375488281
93768197,2024,2024-08-07,9245,2024-06-03,1830,020602,,1,2,9,0900,0,1,2,,2,110,"RT 50","CAMERON PARK DR",2640.00,W,N,A,-,Y,ED,,50," "," ",5.762,H,,R,Y,1,1,0,1,A,-,08,22107,,N,F,I,A,A,H,-,A,D,0,,,Y,,Y,,C,02,0,0,0,0,0,0,0,1,0,"- ","- ",38.657661437988281,-120.98377990722656,"EL DORADO",UNINCORPORATED,-120.98373413085938,38.657585144042969
9392553,2022,2022-02-10,0901,2022-01-03,0217,341,0901,1,5,2,0901,0,0,0,,0,PP1,"PLACERVILLE DR","FORNI RD",619.00,W,N,A,-,N,,,,,,,,,,Y,2,0,1,1,A,-,03,22350,,N,E,I,A,C,H,-,C,D,0,,,Y,,Y,,C,06,1,0,0,0,0,0,0,0,1,"- ","- ",,,"EL DORADO",PLACERVILLE,-120.83397674560547,38.722278594970703
94365897,2024,2024-08-22,9245,2024-05-16,1417,015419,,4,2,9,0900,0,2,4,,1,037,"MISSOURI FLAT ROAD","FORNI ROAD",0.00,,Y,A,-,N,,,,,,,,,,Y,1,1,2,2,A,-,12,21453,A,N,D,C,A,A,H,-,A,A,0,,,,,Y,,D,22,0,2,0,0,0,0,0,0,0,"- ","- ",38.706409454345703,-120.83081817626953,"EL DORADO",UNINCORPORATED,-120.83074951171875,38.706424713134766
94372353,2024,2024-08-27,9245,2024-08-19,1427,022658,,1,2,9,0900,0,2,4,,1,025,"PONY EXPRESS TRL","PIAZZA CT.",50.00,E,N,A,-,N,,,,,,,,,,Y,2,0,2,2,A,-,09,21804,A,N,D,C,A,A,H,-,A,D,0,,,,,Y,,A,07,1,1,0,0,0,0,0,0,0,"- ","- ",38.756458282470703,-120.59651947021484,"EL DORADO",UNINCORPORATED,-120.59612274169922,38.756572723388672
94374936,2024,2024-08-29,9245,2024-08-17,1500,022658,,6,2,9,0900,0,3,5,,2,004,"FOREST SERVICE ROAD 10N39","SILVER FORK RD",1000.00,N,N,A,-,N,,,,,,,,,,N,2,0,1,1,A,-,03,22350,,N,E,I,A,A,A,-,A,D,0,,,Y,,Y,,C,02,1,0,0,0,0,0,0,0,1,"- ","- ",38.658111572265625,-120.23882293701172,"EL DORADO",UNINCORPORATED,-120.23764038085938,38.657466888427734
94392718,2024,2024-09-13,9245,2024-09-06,1225,021493,,5,1,9,0900,0,2,4,,2,031,"LANDES LANE","NORTH SHINGLE ROAD",0.00,,Y,A,-,N,,,,,,,,,,Y,2,0,2,2,A,-,09,21801,A,N,D,C,A,A,H,-,A,A,0,,,,,Y,,D,22,1,0,1,0,0,0,0,0,0,"- ","- ",38.683631896972656,-120.92906188964844,"EL DORADO",UNINCORPORATED,-120.92900848388672,38.683601379394531
94392824,2024,2024-09-13,9245,2024-09-10,1620,020602,,2,2,9,0900,0,3,5,,2,004,"UNION MINE RD","RATTLER RIDGE RD",400.00,S,N,A,-,N,,,,,,,,,,N,2,0,1,1,A,-,21,22106,,N,F,0,A,A,H,-,A,D,0,,,,,Y,,A,01,1,0,0,0,0,0,0,0,0,"- ","- ",38.641681671142578,-120.83599090576172,"EL DORADO",UNINCORPORATED,-120.83599853515625,38.641597747802734
94396081,2024,2024-09-16,9245,2024-09-11,"836 ",020368,,3,1,9,0900,0,3,5,,2,001,"FRANCISCO DR (2500 BLOCK)","EL DORADO HILLS BLVD",528.00,W,N,A,-,N,,,,,,,,,,Y,2,0,2,2,A,-,05,21460,,N,A,C,A,A,H,-,A,D,0,,,,,Y,,A,07,1,0,1,0,0,0,0,0,0,"- ","- ",38.703498840332031,-121.08386993408203,"EL DORADO",UNINCORPORATED,-121.08377838134766,38.703380584716797
94399627,2024,2024-09-18,9245,2024-07-28,2110,019236,,7,2,9,0900,0,2,4,,1,042,"BUCKS BAR RD","SAND RIDGE RD",140.00,E,N,A,-,N,,,,,,,,,,N,2,0,1,1,A,-,08,22107,,N,F,I,A,A,H,-,D,D,0,,,Y,,Y,,C,02,1,0,0,0,0,0,0,0,1,"- ","- ",38.646770477294922,-120.69093322753906,"EL DORADO",UNINCORPORATED,-120.69100189208984,38.646755218505859
94406061,2024,2024-09-24,9245,2024-09-07,"0   ",022589,,6,3,9,0900,0,3,5,,2,001,"BASS LAKE RD","BRIDLEWOOD DR",0.00,,Y,A,-,N,,,,,,,,,,Y,2,0,1,2,A,-,09,21804,A,F,D,C,A,A,H,-,C,A,0,,,Y,,Y,,A,01,1,0,0,0,0,0,0,0,1,"- ","- ",38.678249359130859,-121.01748657226562,"EL DORADO",UNINCORPORATED,-121.01750183105469,38.678272247314453
94406766,2024,2024-09-24,9245,2024-09-13,"751 ",018756,,5,1,9,0900,0,3,5,,2,001,"HALIFAX WAY","TEMPLETON DRIVE",0.00,,Y,A,-,N,,,,,,,,,,N,2,0,1,2,A,-,12,22450,A,N,D,C,A,A,H,-,A,A,0,,,,,Y,,M,94,1,0,0,0,0,0,0,0,0,"- ","- ",38.722091674804688,-121.08866119384766,"EL DORADO",UNINCORPORATED,-121.09078979492188,38.722293853759766
94419496,2024,2024-10-04,9245,2024-09-21,1524,022903,,6,2,9,0900,0,3,5,,2,001,"VILLAGE CENTER DR","FRANCISCO DR",540.00,E,N,A,-,N,,,,,,,,,,N,2,0,1,1,A,-,08,22107,,N,F,A,A,A,H,-,A,D,0,,,,,Y,,M,94,1,0,0,0,0,0,0,0,0,"- ","- ",38.711948394775391,-121.08412933349609,"EL DORADO",UNINCORPORATED,-121.08437347412109,38.712245941162109
94431974,2024,2024-10-15,9246,2024-09-28,1120,021208,,6,1,9,0900,0,1,2,,1,020,"US 50 (LINCOLN HWY)","SAYLES CANYON TRACT",283.00,W,N,A,-,Y,ED,,50," "," ",61.319,H,,R,Y,2,0,1,1,A,-,08,22107,,N,E,I,A,A,H,-,A,D,0,,,Y,,Y,,C,02,1,0,0,0,0,0,0,0,1,"- ","- ",38.802650451660156,-120.11145782470703,"EL DORADO",UNINCORPORATED,-120.11148834228516,38.80267333984375