CASE_ID,ACCIDENT_YEAR,PROC_DATE,JURIS,COLLISION_DATE,COLLISION_TIME,OFFICER_ID,REPORTING_DISTRICT,DAY_OF_WEEK,CHP_SHIFT,POPULATION,CNTY_CITY_LOC,SPECIAL_COND,BEAT_TYPE,CHP_BEAT_TYPE,CITY_DIVISION_LAPD,CHP_BEAT_CLASS,BEAT_NUMBER,PRIMARY_RD,SECONDARY_RD,DISTANCE,DIRECTION,INTERSECTION,WEATHER_1,WEATHER_2,STATE_HWY_IND,CALTRANS_COUNTY,CALTRANS_DISTRICT,STATE_ROUTE,ROUTE_SUFFIX,POSTMILE_PREFIX,POSTMILE,LOCATION_TYPE,RAMP_INTERSECTION,SIDE_OF_HWY,TOW_AWAY,COLLISION_SEVERITY,NUMBER_KILLED,NUMBER_INJURED,PARTY_COUNT,PRIMARY_COLL_FACTOR,PCF_CODE_OF_VIOL,PCF_VIOL_CATEGORY,PCF_VIOLATION,PCF_VIOL_SUBSECTION,HIT_AND_RUN,TYPE_OF_COLLISION,MVIW,PED_ACTION,ROAD_SURFACE,ROAD_COND_1,ROAD_COND_2,LIGHTING,CONTROL_DEVICE,CHP_ROAD_TYPE,PEDESTRIAN_ACCIDENT,BICYCLE_ACCIDENT,MOTORCYCLE_ACCIDENT,TRUCK_ACCIDENT,NOT_PRIVATE_PROPERTY,ALCOHOL_INVOLVED,STWD_VEHTYPE_AT_FAULT,CHP_VEHTYPE_AT_FAULT,COUNT_SEVERE_INJ,COUNT_VISIBLE_INJ,COUNT_COMPLAINT_PAIN,COUNT_PED_KILLED,COUNT_PED_INJURED,COUNT_BICYCLIST_KILLED,COUNT_BICYCLIST_INJURED,COUNT_MC_KILLED,COUNT_MC_INJURED,PRIMARY_RAMP,SECONDARY_RAMP,LATITUDE,LONGITUDE,COUNTY,CITY,POINT_X,POINT_Y
94442712,2024,2025-01-28,9245,2024-07-25,1341,017897,,4,1,9,0900,0,1,3,,1,122,"SR-193 (GEORGETOWN RD)","COON CREEK RD",1056.00,E,N,A,-,Y,ED,,193," ",R,4.980,H,,R,Y,1,1,1,2,A,-,09,21804,A,N,D,C,A,A,H,-,A,D,0,,,,Y,Y,,A,07,1,0,0,0,0,0,0,0,0,"- ","- ",38.902839660644531,-120.93357086181641,"EL DORADO",UNINCORPORATED,-120.93360900878906,38.902847290039062
94462155,2024,2024-11-07,9245,2024-10-28,1650,021493,,1,2,9,0900,0,3,5,,2,003,"FORNI RD","FORNI CT",20.00,W,N,A,-,N,,,,,,,,,,Y,2,0,1,1,A,-,01,23152,A,N,E,8,A,A,H,-,A,D,0,,,Y,,Y,Y,C,02,1,0,0,0,0,0,0,0,1,"- ","- ",38.685508728027344,-120.84329986572266,"EL DORADO",UNINCORPORATED,-120.84317016601562,38.685638427734375
94471192,2024,2024-11-15,9245,2024-11-01,1035,018656,,5,1,9,0900,0,3,5,,2,004,"CAMINO HEIGHTS DR","PIEDMONT DR",175.00,S,N,A,-,N,,,,,,,,,,N,2,0,1,1,A,-,13,22515,A,N,E,I,A,A,H,-,A,D,0,,,,,Y,,A,01,1,0,0,0,0,0,0,0,0,"- ","- ",38.735130310058594,-120.71073913574219,"EL DORADO",UNINCORPORATED,-120.71076202392578,38.73492431640625
94507802,2024,2024-12-17,9245,2024-12-11,1855,020602,,3,2,9,0900,0,2,4,,2,012,"EL DORADO HILLS BLVD","CROWN DR",0.00,,Y,A,-,N,,,,,,,,,,Y,2,0,1,2,A,-,09,21801,A,N,D,C,A,A,H,-,D,D,0,,,Y,,Y,,A,08,1,0,0,0,0,0,0,0,1,"- ","- ",38.697311401367188,-121.08315277099609,"EL DORADO",UNINCORPORATED,-121.08306121826172,38.69732666015625
94510463,2024,2024-12-19,9245,2024-12-09,1740,020781,,1,2,9,0900,0,2,4,,2,031,"LATROBE RD","COTHRIN RANCH RD",2112.00,S,N,A,-,N,,,,,,,,,,Y,2,0,2,2,A,-,08,22107,,N,A,C,A,A,H,-,D,D,0,,,,,Y,,A,01,1,1,0,0,0,0,0,0,0,"- ","- ",38.595489501953125,-121.01801300048828,"EL DORADO",UNINCORPORATED,-121.01793670654297,38.595493316650391
94521914,2024,2025-04-10,9246,2024-11-28,1730,018415,,4,2,9,0900,0,1,2,,1,021,"US-50 (LINCOLN HWY)","AUDRAIN WAY",1950.00,E,N,A,-,Y,ED,,50," "," ",65.174,H,,R,Y,1,2,4,2,A,-,05,21460,A,N,A,C,A,C,H,-,D,D,0,,,,,Y,,A,07,3,1,0,0,0,0,0,0,0,"- ","- ",38.825939178466797,-120.05210876464844,"EL DORADO",UNINCORPORATED,-120.05211639404297,38.825916290283203
94528502,2024,2025-01-07,9245,2024-09-21,"230 ",022185,,6,3,9,0900,0,2,4,,1,021,"GARDEN VALLEY RD","HACKOMILLER RD",710.00,W,N,A,-,N,,,,,,,,,,Y,1,1,0,1,A,-,01,23152,A,N,E,I,A,A,H,-,D,D,0,,,,,Y,Y,A,07,0,0,0,0,0,0,0,0,0,"- ","- ",38.8277587890625,-120.83746337890625,"EL DORADO",UNINCORPORATED,-120.83723449707031,38.827812194824219
94531430,2024,2025-01-09,9245,2024-12-29,1330,018601,,7,1,9,0900,0,1,3,,1,115,SR-49,SR-193,0.00,,Y,B,-,Y,ED,,49," "," ",34.474,H,,R,Y,2,0,1,2,A,-,12,22450,A,N,D,C,A,B,H,-,A,A,0,,,,,Y,,E,22,1,0,0,0,0,0,0,0,0,"- ","- ",38.887081146240234,-121.01576232910156,"EL DORADO",UNINCORPORATED,-121.01592254638672,38.887058258056641
94569364,2025,2025-02-06,9245,2025-01-30,1800,017752,,4,2,9,0900,0,1,2,,1,170,"US-50 W/B","37 MILE STONE MARKER",200.00,E,N,B,-,Y,ED,,50," "," ",53.202,H,,L,Y,2,0,1,1,A,-,08,22107,,N,E,8,A,A,H,-,D,D,0,,,,,Y,,-,"- ",1,0,0,0,0,0,0,0,0,"- ","- ",38.783149719238281,-120.22393798828125,"EL DORADO",UNINCORPORATED,-120.22393798828125,38.783187866210938
94582370,2025,2025-02-18,9246,2025-02-07,1000,017757,,5,1,9,0900,0,1,2,,1,020,"US-50 (LINCOLN HWY)","SLIPPERY FORD RD.",100.00,W,N,B,D,Y,ED,,50," "," ",60.349,H,,R,Y,2,0,3,3,A,-,03,22350,,N,B,C,E,C,G,-,A,D,0,Y,,,,Y,,A,01,1,2,0,0,1,0,0,0,0,"- ","- ",38.805721282958984,-120.12330627441406,"EL DORADO",UNINCORPORATED,-120.12325286865234,38.805763244628906
94586429,2025,2025-02-21,9245,2025-02-12,1815,017364,,3,2,9,0900,0,1,3,,1,122,"SR-193 (GEORGETOWN RD)","LOOKOUT LN",15.00,S,N,C,-,Y,ED,,193," "," ",18.327,H,,R,Y,2,0,1,1,A,-,08,22107,,N,E,I,A,B,H,-,B,D,0,,,,,Y,,A,01,1,0,0,0,0,0,0,0,0,"- ","- ",38.829319000244141,-120.81857299804688,"EL DORADO",UNINCORPORATED,-120.81852722167969,38.829315185546875
94597482,2025,2025-03-05,9245,2025-02-24,1750,021969,,1,2,9,0900,0,3,5,,2,002,"DEER VALLEY RD","FAWN WAY",73.00,N,N,B,-,N,,,,,,,,,,Y,2,0,2,1,A,-,03,22350,,N,E,I,A,A,H,-,D,D,0,,,,,Y,,A,01,1,1,0,0,0,0,0,0,0,"- ","- ",38.711341857910156,-121.02076721191406,"EL DORADO",UNINCORPORATED,-121.02082824707031,38.711345672607422
94642127,2025,2025-04-08,9245,2025-03-26,1650,017364,,3,2,9,0900,0,1,3,,1,115,"STATE HIGHWAY 49","ROYAL VIEW DR",1584.00,S,N,A,-,Y,ED,,49," "," ",16.984,H,,R,Y,2,0,1,1,A,-,01,23152,A,N,E,I,A,A,H,-,A,D,0,,,,,Y,Y,A,07,1,0,0,0,0,0,0,0,0,"- ","- ",38.752571105957031,-120.82283782958984,"EL DORADO",UNINCORPORATED,-120.82283020019531,38.752578735351562
94669049,2025,2025-04-29,9245,2025-04-18,2130,022169,,5,2,9,0900,0,2,4,,1,025,"PONY EXPRESS TRAIL","SANDERS DR",10.00,E,N,A,-,N,,,,,,,,,,N,2,0,1,2,A,-,11,21954,A,N,G,B,E,A,H,-,D,D,0,Y,,,,Y,,N,60,1,0,0,0,1,0,0,0,0,"- ","- ",38.758548736572266,-120.59092712402344,"EL DORADO",UNINCORPORATED,-120.59097290039062,38.758445739746094
94671723,2025,2025-05-01,9245,2025-04-20,1850,023059,,7,2,9,0900,0,2,4,,1,023,"MOSQUITO ROAD","HIGHGRADE ST",500.00,S,N,A,-,N,,,,,,,,,,N,2,0,1,1,A,-,08,22107,,N,F,A,A,A,H,-,A,D,0,,,Y,,Y,,C,02,1,0,0,0,0,0,0,0,1,"- ","- ",38.798938751220703,-120.72579193115234,"EL DORADO",UNINCORPORATED,-120.72572326660156,38.798995971679688
94719697,2025,2025-06-10,9245,2025-05-25,2345,022424,T206,7,3,9,0900,0,1,2,,2,120,"HONPIE RD","RED HAWK PKWY",1233.00,W,N,A,-,N,,,,,,,,,,Y,2,0,1,1,A,-,08,22107,,N,F,I,A,A,H,-,C,D,0,,,Y,,Y,,C,02,1,0,0,0,0,0,0,0,1,"- ","- ",38.696498870849609,-120.90706634521484,"EL DORADO",UNINCORPORATED,-120.90720367431641,38.696468353271484
94720075,2025,2025-06-10,9245,2025-05-31,1605,023059,,6,2,9,0900,0,3,5,,2,001,"BASS LAKE ROAD","LAMBETH DR",200.00,N,N,A,-,N,,,,,,,,,,N,2,0,1,1,B,-,22,,,N,F,A,A,A,H,-,A,D,0,,Y,,,Y,,L,04,1,0,0,0,0,0,1,0,0,"- ","- ",38.694480895996094,-121.00840759277344,"EL DORADO",UNINCORPORATED,-121.00832366943359,38.694419860839844
94724161,2025,2025-06-13,9245,2025-06-09,1447,018756,,1,2,9,0900,0,3,5,,2,002,"GILMORE ROAD","LITTLE JOHN WAY",50.00,W,N,A,-,N,,,,,,,,,,Y,2,0,2,1,C,-,18,,,N,E,I,A,A,H,-,A,A,0,,,,,Y,,-,"- ",1,1,0,0,0,0,0,0,0,"- ","- ",38.754409790039062,-120.61849975585938,"EL DORADO",UNINCORPORATED,-120.61798095703125,38.754085540771484
94742241,2025,2025-06-27,9245,2025-06-21,1950,022658,,6,2,9,0900,0,3,5,,2,002,"WENTWORTH SPRINGS RD","SLEIGHBELL CT.",315.00,W,N,A,-,N,,,,,,,,,,Y,2,0,1,1,A,-,03,22350,,N,E,I,A,A,H,-,A,D,0,,,Y,,Y,,C,02,1,0,0,0,0,0,0,0,1,"- ","- ",38.943191528320312,-120.72042846679688,"EL DORADO",UNINCORPORATED,-120.72015380859375,38.943149566650391
9541232,2023,2023-02-16,0901,2023-01-08,1903,336,2,7,5,2,0901,0,0,0,,0,001,"BROADWAY DR","POLE 585",23.00,W,N,A,-,N,,,,,,,,,,N,2,0,1,2,A,-,00,21954,,N,G,B,D,A,H,-,C,D,0,Y,,,,Y,,N,60,1,0,0,0,1,0,0,0,0,"- ","- ",,,"EL DORADO",PLACERVILLE,,
9588488,2023,2023-06-08,0901,2023-04-23,2226,349,0901,7,5,2,0901,0,0,0,,0,PP1,"PLACERVILLE DR","GREEN VALLEY RD",210.00,N,N,A,-,N,,,,,,,,,,N,2,0,1,2,A,-,11,21956,,N,G,B,E,A,H,-,C,A,0,Y,,,,Y,,N,60,1,0,0,0,1,0,0,0,0,"- ","- ",,,"EL DORADO",PLACERVILLE,-120.83698272705078,38.728904724121094
9702305,2024,2024-07-11,0901,2024-05-07,1715,336,1,2,5,2,0901,0,0,0,,0,001,"RT 50","BEDFORD AV",525.00,W,N,A,-,Y,ED,3,50,-,-,17.930,H,-,W,Y,2,0,2,3,A,-,04,21703,,N,C,C,A,A,H,-,A,A,0,,,,,Y,,A,01,1,1,0,0,0,0,0,0,0,"- ","- ",38.731178283691406,-120.8038330078125,"EL DORADO",PLACERVILLE,-120.80068969726562,38.730106353759766
9751514,2023,2025-02-25,0902,2023-10-11,2049,248,,3,5,3,0902,0,0,0,,0,EAST,"LAKE TAHOE BL","PIONEER TRL",0.00,,Y,A,-,Y,,,,,,,,,,Y,1,1,0,3,A,-,11,21950,B,F,G,B,B,A,H,-,C,A,0,Y,,,,Y,,N,60,0,0,0,1,0,0,0,0,0,"- ","- ",38.953788757324219,-119.94564819335938,"EL DORADO","SOUTH LAKE TAHOE",-119.94622039794922,38.953781127929688
9774149,2025,2025-02-04,0901,2025-01-18,2300,356,1,6,5,2,0901,0,0,0,,0,001,"TUNNEL ST","MARIA VISTA WY",0.00,,Y,A,-,N,,,,,,,,,,N,2,0,1,1,A,-,03,22350,,N,C,E,A,A,H,-,C,D,0,,,,,Y,,A,01,1,0,0,0,0,0,0,0,0,"- ","- ",38.733470916748047,-120.80342102050781,"EL DORADO",PLACERVILLE,-120.80299377441406,38.732975006103516
9808392,2025,2025-07-31,0901,2025-05-18,1930,295,1,7,5,2,0901,0,0,0,,0,001,"RT 50","SPRING ST",0.00,,Y,A,-,Y,ED,3,49,-,-,14.891,I,5,N,Y,2,0,1,2,A,-,12,21453,,N,D,C,A,A,H,-,B,A,0,,,Y,,Y,Y,C,03,1,0,0,0,0,0,0,0,1,"- ","- ",38.731010437011719,-120.80377960205078,"EL DORADO",PLACERVILLE,-120.80538940429688,38.728137969970703
6291150,2014,2014-08-20,9245,2014-01-25,1335,15563,,6,1,9,0900,0,3,5,,2,002,"COLD SPRINGS RD","SALLY LN",175.00,N,N,A,-,N,,,,,,,,,,Y,1,1,0,1,A,-,01,23152,A,N,E,I,A,A,H,-,A,D,0,,,,,Y,Y,A,07,0,0,0,0,0,0,0,0,0,"- ","- ",38.740560000000002,-120.86859,"EL DORADO",UNINCORPORATED,-120.86739627999999,38.74112667
6291491,2014,2014-10-31,9245,2014-08-23,1500,17728,,6,2,9,0900,0,1,3,,1,115,"RT 49","FORGOTTEN LOOP",1584.00,S,N,A,-,Y,ED,3,49,-,-,28.360,H,-,S,Y,1,1,0,1,A,-,08,22107,,N,E,I,A,A,H,-,A,D,0,,,Y,,Y,Y,C,02,0,0,0,0,0,0,0,1,0,"- ","- ",38.82779,-120.97207,"EL DORADO",UNINCORPORATED,-120.97320146,38.827563980000001
6291832,2014,2015-01-15,9245,2014-10-11,1214,15607,,6,1,9,0900,0,3,5,,2,004,"MORMON EMIGRANT TRL","US FOREST SERVICE RD FR 10N72",357.00,E,N,A,-,N,,,,,,,,,,Y,1,1,3,2,A,-,01,23152,A,N,A,C,A,A,H,-,A,D,0,,,,,Y,Y,A,01,1,2,0,0,0,0,0,0,0,"- ","- ",38.70973,-120.54777,"EL DORADO",UNINCORPORATED,-120.54738075,38.709782109999999
6292890,2017,2019-04-05,0902,2017-05-13,1943,220,,6,5,3,0902,0,0,0,,0,,"LAKE TAHOE BL","TAKELA DR",125.00,E,N,A,-,Y,ED,3,50,-,-,78.680,H,-,W,N,1,1,0,2,A,-,09,21804,,N,D,G,A,A,H,-,A,D,0,,Y,,,Y,,L,04,0,0,0,0,0,1,0,0,0,"- ","- ",,,"EL DORADO","SOUTH LAKE TAHOE",-119.96812598,38.945569229999997
6330949,2014,2016-02-22,9246,2014-01-05,2105,018418,,7,2,9,0900,0,1,3,,1,030,"RT 89","LUKINS WY",2640.00,N,N,A,-,Y,ED,3,89,-,-,10.180,H,-,S,Y,2,0,1,1,A,-,08,22107,,N,E,I,A,A,H,-,D,D,0,,,,,Y,,D,22,1,0,0,0,0,0,0,0,0,"- ","- ",,,"EL DORADO",UNINCORPORATED,-120.02854795,38.924951219999997
6337469,2014,2016-03-01,9245,2014-01-12,2150,16465,,7,2,9,0900,0,1,3,,1,135,"RT 49","UNION MINE RD",2110.00,N,N,A,-,Y,ED,3,49,-,-,3.500,H,-,S,Y,2,0,1,2,A,-,05,21460,A,F,F,C,A,A,H,-,D,D,0,,,Y,,Y,,-,99,1,0,0,0,0,0,0,0,1,"- ","- ",38.598750000000003,-120.84887999999999,"EL DORADO",UNINCORPORATED,-120.84901536,38.598309579999999
6360843,2014,2014-06-16,9245,2014-01-25,0555,012382,,6,3,9,0900,0,3,5,,2,004,"WENTWORTH SPRINGS RD","MPM 13.50",20.00,W,N,A,-,N,,,,,,,,,,Y,2,0,2,1,A,-,03,22350,,N,E,I,A,C,H,-,D,A,0,,,,,Y,,D,22,1,0,1,0,0,0,0,0,0,"- ","- ",38.906030000000001,-120.64623,"EL DORADO",UNINCORPORATED,,
6370278,2014,2015-11-13,9245,2014-01-31,1625,017935,,5,2,9,0900,0,1,2,,1,170,"RT 50","36 MILE STONE",3168.00,E,N,D,-,Y,ED,3,50,-,R,52.570,H,-,W,Y,2,0,4,3,A,-,03,22350,,N,B,C,A,C,H,-,A,D,0,,,,,Y,,A,01,3,0,1,0,0,0,0,0,0,"- ","- ",38.783299999999997,-120.23,"EL DORADO",UNINCORPORATED,-120.23492241,38.784069029999998
6387265,2014,2014-06-03,9245,2014-01-23,1957,015607,,4,2,9,0900,0,2,4,,1,039,"MOTHER LODE DR","ACORN HILL",289.00,S,N,A,-,N,,,,,,,,,,Y,2,0,1,2,A,-,09,21804,A,N,D,C,A,A,H,-,D,D,0,,,Y,,Y,,A,01,1,0,0,0,0,0,0,0,1,"- ","- ",38.702800000000003,-120.8434,"EL DORADO",UNINCORPORATED,-120.84352998999999,38.702862330000002
6390174,2014,2014-06-13,9245,2014-02-08,0055,018466,,6,3,9,0900,0,1,2,,2,110,"RT 50","EL DORADO HILLS BL",467.00,W,N,C,-,Y,,,50,,,,,,,Y,2,0,1,3,A,-,01,23152,A,N,E,I,A,B,H,-,D,D,0,,,,,Y,Y,D,22,1,0,0,0,0,0,0,0,0,"- ","- ",38.652529999999999,-121.07122,"EL DORADO",UNINCORPORATED,-121.07123925,38.652587740000001
6398153,2014,2016-03-01,9245,2014-02-22,1235,15609,,6,1,9,0900,0,1,2,,2,120,"RT 49","JEEP TRL",800.00,S,N,A,-,Y,ED,3,49,-,-,35.910,H,-,S,Y,2,0,1,1,A,-,08,22107,,N,F,A,A,A,H,-,A,A,0,,,Y,,Y,,C,02,1,0,0,0,0,0,0,0,1,"- ","- ",38.904760000000003,-121.01357,"EL DORADO",UNINCORPORATED,-121.01370295,38.904038679999999
6460431,2014,2014-07-23,9245,2014-04-07,1545,17604,,1,2,9,0900,0,2,4,,2,011,"GREEN VALLEY RD","MULBERRY LN",600.00,E,N,A,-,N,,,,,,,,,,Y,2,0,2,2,A,-,05,21460,A,N,A,C,A,A,H,-,A,D,0,,,,,Y,,A,01,2,0,0,0,0,0,0,0,0,"- ","- ",38.771299999999997,-120.9006,"EL DORADO",UNINCORPORATED,-120.90083507,38.712905390000003
6460553,2014,2016-03-25,9245,2014-04-17,1610,017935,,4,2,9,0900,0,1,2,,2,140,"RT 50","CAMINO HEIGHTS DR",0.00,,Y,A,-,Y,ED,3,50,-,-,23.241,I,5,E,Y,2,0,6,2,A,-,09,21802,A,N,D,C,A,A,H,-,A,A,1,,,,,Y,,A,01,1,5,0,0,0,0,0,0,0,"- ","- ",38.736820000000002,-120.71095,"EL DORADO",UNINCORPORATED,-120.71081147,38.736898580000002
6465298,2014,2014-07-10,9245,2014-04-11,1930,017756,,5,2,9,0900,0,3,5,,2,001,"SUDBURY RD","JOSE CT",68.00,S,N,A,-,N,,,,,,,,,,Y,2,0,2,1,A,-,01,23152,A,N,F,A,A,A,H,-,A,D,0,,,,,Y,Y,D,22,1,1,0,0,0,0,0,0,0,"- ","- ",38.67642,-120.9783,"EL DORADO",UNINCORPORATED,-120.9783233,38.676275570000001
6499116,2014,2014-07-18,9245,2014-04-30,1730,018624,9245,3,2,9,0900,0,3,5,,2,002,"WENTWORTH SPRINGS RD","LOOP RD",3326.00,W,N,A,-,N,,,,,,,,,,Y,2,0,1,1,A,-,03,22350,,N,F,J,A,A,H,-,A,A,0,,,Y,,Y,Y,C,02,1,0,0,0,0,0,0,0,1,"- ","- ",38.40551,-120.65813,"EL DORADO",UNINCORPORATED,-120.68937321,38.915475890000003
6502456,2014,2016-01-05,9245,2014-05-25,2335,012833,,7,3,9,0900,0,3,5,,2,003,"CRYSTAL BL","RT 49",2715.00,W,N,A,-,N,,,,,,,,,,Y,2,0,2,1,A,-,01,23152,A,N,E,I,A,A,H,-,D,D,0,,,,,Y,Y,A,01,2,0,0,0,0,0,0,0,0,"- ","- ",38.627330000000001,-120.85556,"EL DORADO",UNINCORPORATED,-120.85588092,38.627157070000003
6513634,2014,2016-03-25,9245,2014-06-04,1925,17604,,3,2,9,0900,0,1,2,,1,170,"RT 50","40 MILE STONE",2640.00,E,N,A,-,Y,ED,3,50,-,-,56.240,H,-,E,Y,2,0,3,2,A,-,05,21460,A,N,B,C,A,A,H,-,A,D,0,,,,,Y,,A,01,1,1,1,0,0,0,0,0,0,"- ","- ",38.189079999999997,-120.17176000000001,"EL DORADO",UNINCORPORATED,-120.16966299000001,38.789260200000001
6524403,2014,2014-08-07,9245,2014-05-12,1805,17604,,1,2,9,0900,0,3,5,,2,002,"RESERVOIR RD","ACORN VALLEY RD",528.00,W,N,A,-,N,,,,,,,,,,N,2,0,1,2,A,-,03,22350,,F,G,B,E,A,H,-,A,D,0,Y,,,,Y,,A,01,1,0,0,0,1,0,0,0,0,"- ","- ",38.901629999999997,-120.86008,"EL DORADO",UNINCORPORATED,-120.85900164,38.901660829999997
6550277,2014,2014-08-21,9245,2014-06-21,1334,013603,,6,1,9,0900,0,2,4,,1,041,"PLEASANT VALLEY RD","LA SIERRA DR",66.00,W,N,A,-,N,,,,,,,,,,Y,2,0,2,1,C,-,18,,,N,E,H,A,A,H,-,A,D,0,,,Y,,Y,,-,"- ",2,0,0,0,0,0,0,0,2,"- ","- ",38.694949999999999,-120.80168999999999,"EL DORADO",UNINCORPORATED,-120.80213076,38.694969290000003
6572533,2014,2014-08-27,0901,2014-07-11,1146,285,0901,5,5,2,0901,0,0,0,,0,PP2,"BROADWAY DR","CARSON RD",282.00,W,N,A,-,N,,,,,,,,,,Y,2,0,1,2,A,-,08,22107,,N,D,C,A,A,H,-,A,D,0,,,Y,,Y,,A,01,1,0,0,0,0,0,0,0,1,"- ","- ",,,"EL DORADO",PLACERVILLE,-120.78695276000001,38.731099010000001
6572541,2014,2014-08-27,0901,2014-07-18,1107,285,0901,5,5,2,0901,0,0,0,,0,PP1,"PLACERVILLE DR","FORNI RD",1584.00,W,N,A,-,N,,,,,,,,,,Y,2,0,3,2,A,-,09,21801,A,N,A,C,A,A,H,-,A,D,0,,,,,Y,,A,01,3,0,0,0,0,0,0,0,0,"- ","- ",,,"EL DORADO",PLACERVILLE,-120.83356000000001,38.72137
6573969,2014,2014-08-27,9245,2014-07-20,0815,013405,,7,1,9,0900,0,3,5,,2,002,"MARSHALL RD","VEERKAMP WY",330.00,E,N,A,-,N,,,,,,,,,,N,2,0,1,2,A,-,06,21750,,N,C,G,A,A,H,-,A,D,0,,Y,,,Y,,A,01,1,0,0,0,0,0,1,0,0,"- ","- ",,,"EL DORADO",UNINCORPORATED,-120.86663733,38.846967990000003
6580459,2014,2016-05-11,9245,2014-07-04,2315,17756,,5,3,9,0900,0,2,4,,2,031,"LATROBE RD","RT 50",0.00,,Y,A,-,Y,ED,3,50,-,-,1.041,R,4,E,Y,2,0,3,2,A,-,09,21453,C,N,D,C,A,A,D,-,C,A,1,,,,,Y,,J,48,1,1,1,0,0,0,0,0,0,"- ",EO,38.65184,-120.0699,"EL DORADO",UNINCORPORATED,-121.06739413,38.653865860000003
6587440,2014,2014-09-04,9245,2014-08-03,2215,015607,,7,3,9,0900,0,2,4,,1,043,"SLY PARK RD","EAGLE CANYON RD",997.00,E,N,B,-,N,,,,,,,,,,Y,2,0,5,1,A,-,05,21650,,N,E,I,A,A,H,-,D,D,0,,,,,Y,,A,07,1,2,2,0,0,0,0,0,0,"- ","- ",38.6813,-120.6361,"EL DORADO",UNINCORPORATED,-120.63673317,38.681330610000003
6595780,2014,2016-05-11,9245,2014-08-19,1300,13279,,2,1,9,0900,0,1,2,,1,160,"RT 50","WHITEHALL CYN DR",94.00,E,N,A,-,Y,ED,3,50,-,-,42.300,H,-,E,Y,2,0,4,2,A,-,05,21460,A,N,B,C,A,A,H,-,A,A,0,,,,,Y,,A,01,1,1,2,0,0,0,0,0,0,"- ","- ",,,"EL DORADO",UNINCORPORATED,-120.40381619,38.775686839999999
6596728,2014,2014-09-03,9245,2014-08-03,0045,18240,,7,3,9,0900,0,2,4,,1,042,"FAIRPLAY RD","STONEY CREEK RD",348.00,N,N,A,-,N,,,,,,,,,,Y,2,0,1,1,A,-,05,21650,,F,E,I,A,A,H,-,D,D,0,,,,,Y,,D,22,1,0,0,0,0,0,0,0,0,"- ","- ",38.586849999999998,-120.65826,"EL DORADO",UNINCORPORATED,-120.65831350000001,38.587001370000003
6598700,2014,2016-04-25,9245,2014-08-16,2010,18240,,6,2,9,0900,0,1,3,,1,122,"RT 193","GRAYBAR MINE RD",539.00,E,N,A,-,Y,ED,3,193,-,-,10.800,H,-,E,Y,2,0,1,1,C,-,18,,,N,H,A,A,A,H,-,D,D,0,,,Y,,Y,,-,"- ",1,0,0,0,0,0,0,0,1,"- ","- ",38.895009999999999,-120.86045,"EL DORADO",UNINCORPORATED,-120.86047643000001,38.894452639999997
6606869,2014,2014-09-18,9245,2014-08-28,0740,012382,,4,1,9,0900,0,3,5,,2,004,"MOSQUITO RD","HOLIDAY LN",230.00,N,N,A,-,N,,,,,,,,,,Y,2,0,1,1,A,-,05,21650,,N,A,I,A,A,H,-,A,A,0,,,,,Y,,D,22,1,0,0,0,0,0,0,0,0,"- ","- ",38.803739999999998,-120.71317000000001,"EL DORADO",UNINCORPORATED,-120.71315146000001,38.803624339999999
6624575,2014,2016-05-11,9245,2014-09-12,2111,17604,,5,2,9,0900,0,1,2,,2,120,"RT 50","GREENSTONE RD",5280.00,E,N,A,-,Y,ED,3,50,-,R,13.130,H,-,E,Y,2,0,2,1,A,-,01,23152,A,N,E,I,A,A,H,-,D,D,1,,,,,Y,Y,A,01,1,0,1,0,0,0,0,0,0,"- ","- ",,,"EL DORADO",UNINCORPORATED,-120.87136580000001,38.699462230000002
6628669,2014,2014-10-30,9245,2014-09-05,0205,018466,,5,3,9,0900,0,3,5,,2,003,"DUROCK RD","ROBIN LN",411.00,S,N,A,-,N,,,,,,,,,,Y,2,0,2,1,A,-,01,23152,A,N,E,I,A,A,H,-,D,D,0,,,,,Y,Y,A,01,1,1,0,0,0,0,0,0,0,"- ","- ",38.655160000000002,-120.96898,"EL DORADO",UNINCORPORATED,-120.96846342000001,38.654105719999997
6637505,2014,2014-11-04,0901,2014-09-12,2128,296,0901,5,5,2,0901,0,0,0,,0,PP2,"BROADWAY DR","SMITH FLAT RD",100.00,E,N,A,-,N,,,,,,,,,,Y,2,0,4,2,A,-,03,22350,,F,C,C,A,A,H,-,D,D,0,,,,,Y,,A,01,1,3,0,0,0,0,0,0,0,"- ","- ",,,"EL DORADO",PLACERVILLE,-120.77092159,38.732969519999997