CASE_ID,ACCIDENT_YEAR,PROC_DATE,JURIS,COLLISION_DATE,COLLISION_TIME,OFFICER_ID,REPORTING_DISTRICT,DAY_OF_WEEK,CHP_SHIFT,POPULATION,CNTY_CITY_LOC,SPECIAL_COND,BEAT_TYPE,CHP_BEAT_TYPE,CITY_DIVISION_LAPD,CHP_BEAT_CLASS,BEAT_NUMBER,PRIMARY_RD,SECONDARY_RD,DISTANCE,DIRECTION,INTERSECTION,WEATHER_1,WEATHER_2,STATE_HWY_IND,CALTRANS_COUNTY,CALTRANS_DISTRICT,STATE_ROUTE,ROUTE_SUFFIX,POSTMILE_PREFIX,POSTMILE,LOCATION_TYPE,RAMP_INTERSECTION,SIDE_OF_HWY,TOW_AWAY,COLLISION_SEVERITY,NUMBER_KILLED,NUMBER_INJURED,PARTY_COUNT,PRIMARY_COLL_FACTOR,PCF_CODE_OF_VIOL,PCF_VIOL_CATEGORY,PCF_VIOLATION,PCF_VIOL_SUBSECTION,HIT_AND_RUN,TYPE_OF_COLLISION,MVIW,PED_ACTION,ROAD_SURFACE,ROAD_COND_1,ROAD_COND_2,LIGHTING,CONTROL_DEVICE,CHP_ROAD_TYPE,PEDESTRIAN_ACCIDENT,BICYCLE_ACCIDENT,MOTORCYCLE_ACCIDENT,TRUCK_ACCIDENT,NOT_PRIVATE_PROPERTY,ALCOHOL_INVOLVED,STWD_VEHTYPE_AT_FAULT,CHP_VEHTYPE_AT_FAULT,COUNT_SEVERE_INJ,COUNT_VISIBLE_INJ,COUNT_COMPLAINT_PAIN,COUNT_PED_KILLED,COUNT_PED_INJURED,COUNT_BICYCLIST_KILLED,COUNT_BICYCLIST_INJURED,COUNT_MC_KILLED,COUNT_MC_INJURED,PRIMARY_RAMP,SECONDARY_RAMP,LATITUDE,LONGITUDE,COUNTY,CITY,POINT_X,POINT_Y
6640661,2014,2014-10-09,9245,2014-08-27,1235,015609,,3,1,9,0900,0,3,5,,2,003,"WHITE ROCK RD","MONTE VERDE DR",0.00,,Y,A,-,N,,,,,,,,,,Y,2,0,1,2,A,-,09,21802,B,N,D,C,A,A,H,-,A,A,0,,,Y,,Y,,C,02,1,0,0,0,0,0,0,0,1,"- ","- ",38.647539999999999,-121.06603,"EL DORADO",UNINCORPORATED,-121.06549990000001,38.6477699
6645782,2014,2014-10-20,9245,2014-08-16,0910,017935,,6,1,9,0900,0,3,5,,2,002,"BEE HIVE CT","BEE HIVE DR",25.00,E,N,A,-,N,,,,,,,,,,N,2,0,1,2,C,-,18,,,N,G,B,E,A,H,-,A,D,0,Y,,,,Y,,-,"- ",1,0,0,0,1,0,0,0,0,"- ","- ",,,"EL DORADO",UNINCORPORATED,-120.86556037,38.837498220000001
6645951,2014,2014-10-08,9245,2014-09-27,1350,015609,,6,1,9,0900,0,3,5,,2,002,"WENTWORTH SPRINGS RD","VOLCANOVILLE RD",1056.00,E,N,B,-,N,,,,,,,,,,Y,2,0,1,1,A,-,03,22350,,N,E,I,A,A,H,-,A,D,0,,,Y,,Y,,C,02,1,0,0,0,0,0,0,0,1,"- ","- ",38.942140000000002,-120.71689000000001,"EL DORADO",UNINCORPORATED,-120.71921598,38.943082680000003
6647343,2014,2014-10-16,9245,2014-08-30,1830,013028,,6,2,9,0900,0,3,5,,2,002,"WENTWORTH SPRINGS RD","HELIX FLAT AV",6864.00,N,N,A,-,N,,,,,,,,,,Y,2,0,1,1,A,-,05,21650,,N,F,J,A,A,H,-,A,D,0,,,Y,,Y,,C,02,1,0,0,0,0,0,0,0,1,"- ","- ",,,"EL DORADO",UNINCORPORATED,,
6670257,2014,2014-10-27,9245,2014-07-27,2023,013603,,7,2,9,0900,0,2,4,,1,013,"LOTUS RD","MPM 5.03",360.00,N,N,A,-,N,,,,,,,,,,Y,2,0,1,1,A,-,01,23152,A,N,E,I,A,A,H,-,D,D,0,,,,,Y,Y,A,01,1,0,0,0,0,0,0,0,0,"- ","- ",38.788620000000002,-120.91378,"EL DORADO",UNINCORPORATED,,
6678264,2014,2016-01-13,9245,2014-09-22,1140,13279,,1,1,9,0900,0,2,4,,1,042,"MOUNT AUKUM RD","GRIZZLY FLAT RD",94.00,S,N,F,-,N,,,,,,,,,,Y,1,1,0,1,A,-,05,21650,,N,E,I,A,A,H,-,A,A,0,,,,,Y,,A,01,0,0,0,0,0,0,0,0,0,"- ","- ",38.646949999999997,-120.68603,"EL DORADO",UNINCORPORATED,-120.68584500999999,38.647524650000001
6690684,2014,2014-12-29,9245,2014-10-24,2300,17604,,5,3,9,0900,0,3,5,,2,001,"RATTLESNAKE BAR RD","TIGER LILY RD",1584.00,E,N,A,-,N,,,,,,,,,,Y,2,0,1,1,A,-,01,23152,A,N,E,I,A,A,H,-,D,D,0,,,,,Y,Y,A,01,1,0,0,0,0,0,0,0,0,"- ","- ",38.838810000000002,-121.04431,"EL DORADO",UNINCORPORATED,-121.04449577,38.838657619999999
6712174,2014,2016-07-05,9246,2014-10-26,1125,014478,,7,1,9,0900,0,1,3,,1,023,"RT 89","ALPINE COUNTY MILE POST MARKER 89",11774.00,N,N,A,-,Y,ED,3,89,-,-,2.240,H,-,N,Y,2,0,3,2,A,-,01,23152,E,N,A,C,A,B,H,-,A,D,0,,,,,Y,,A,01,2,0,1,0,0,0,0,0,0,"- ","- ",,,"EL DORADO",UNINCORPORATED,-119.98131563,38.796767809999999
6712274,2014,2016-07-05,9246,2014-10-25,1814,18629,,6,2,9,0900,0,1,2,,1,020,"RT 50","TWIN BRIDGES TRACK",96.00,W,N,B,-,Y,ED,3,50,-,-,60.350,H,-,E,Y,2,0,2,2,A,-,08,22107,,N,C,E,A,B,H,-,D,D,0,,,,,Y,,A,01,1,1,0,0,0,0,0,0,0,"- ","- ",38.483319999999999,-120.07396,"EL DORADO",UNINCORPORATED,-120.12317176000001,38.805752689999998
6726514,2014,2015-01-15,9245,2014-11-20,2218,18240,,4,3,9,0900,0,3,5,,2,002,"RESERVOIR RD","SPANISH DRY DIGGINS RD",400.00,W,N,B,-,N,,,,,,,,,,Y,2,0,1,1,A,-,01,23152,A,N,E,I,A,B,H,-,D,D,0,,,,,Y,Y,A,01,1,0,0,0,0,0,0,0,0,"- ","- ",38.906570000000002,-120.85827,"EL DORADO",UNINCORPORATED,-120.89582,38.931249999999999
6729579,2014,2016-06-29,9245,2014-11-23,1540,013028,,7,2,9,0900,0,1,2,,1,160,"RT 50","ICE HOUSE RD",2112.00,E,N,B,-,Y,ED,3,50,-,-,40.170,H,-,E,Y,2,0,5,2,A,-,05,21460,A,N,A,C,A,B,H,-,A,D,0,,,,,Y,,A,01,1,3,1,0,0,0,0,0,0,"- ","- ",38.468000000000004,-120.2633,"EL DORADO",UNINCORPORATED,-120.44056903000001,38.768736179999998
6752513,2014,2016-06-29,9245,2014-12-18,1823,015607,,4,2,9,0900,0,1,2,,2,140,"RT 50","STILL MEADOW RD",1446.00,W,N,A,-,Y,ED,3,50,-,-,21.580,H,-,E,Y,2,0,2,1,A,-,03,22350,,N,E,I,A,A,H,-,D,D,1,,,,,Y,,A,01,2,0,0,0,0,0,0,0,0,"- ","- ",38.441499999999998,-120.4426,"EL DORADO",UNINCORPORATED,-120.74063923,38.737372489999998
6756042,2014,2015-01-08,9245,2014-12-17,1730,15459,,3,2,9,0900,0,2,4,,1,037,"MISSOURI FLAT RD","PLEASANT VALLEY RD",578.00,N,N,B,-,N,,,,,,,,,,Y,2,0,1,2,A,-,11,21954,A,N,G,B,D,B,H,-,D,D,0,Y,,,,Y,,N,60,1,0,0,0,1,0,0,0,0,"- ","- ",38.694580000000002,-120.49257,"EL DORADO",UNINCORPORATED,-120.82378507,38.694428369999997
6758131,2014,2015-01-22,9245,2014-11-17,2110,13405,,1,2,9,0900,0,3,5,,2,004,"SLY PARK RD","ONYX TRL",22.00,N,N,A,-,N,,,,,,,,,,Y,2,0,3,2,A,-,03,22350,,N,A,C,A,A,H,-,D,D,0,,,,,Y,Y,A,01,1,0,2,0,0,0,0,0,0,"- ","- ",38.751429999999999,-120.55759999999999,"EL DORADO",UNINCORPORATED,-120.55770656999999,38.751384360000003
6767266,2014,2016-07-05,9245,2014-12-06,2015,017935,,6,2,9,0900,0,1,3,,1,122,"RT 193","PROSPECT HILL DR",578.00,S,N,B,-,Y,ED,3,193,-,-,13.120,H,-,E,Y,2,0,2,2,A,-,01,23152,A,N,B,C,A,B,H,-,D,D,0,,,,,Y,Y,A,01,2,0,0,0,0,0,0,0,0,"- ","- ",38.902520000000003,-120.83538,"EL DORADO",UNINCORPORATED,-120.83495794,38.901240369999996
6798048,2015,2016-09-06,9246,2015-01-11,0937,014478,,7,1,9,0900,0,1,2,,1,020,"RT 50","CAMP SACRAMENTO",528.00,W,N,A,-,Y,ED,3,50,-,-,60.760,H,-,E,Y,2,0,5,2,A,-,03,22350,,N,A,C,A,B,H,-,A,D,0,,,,,Y,,A,01,2,2,1,0,0,0,0,0,0,"- ","- ",38.802030000000002,-120.11960999999999,"EL DORADO",UNINCORPORATED,-120.11997287,38.801740709999997
6809938,2015,2015-03-04,9245,2015-01-28,0655,013463,,3,1,9,0900,0,2,4,,1,015,"CAMERON PARK DR","MEDER RD",0.00,,Y,A,-,N,,,,,,,,,,Y,2,0,2,2,A,-,09,21453,C,N,D,C,A,A,H,-,A,A,0,,,,,Y,,A,01,1,1,0,0,0,0,0,0,0,"- ","- ",38.678750000000001,-120.98144000000001,"EL DORADO",UNINCORPORATED,-120.98146991999999,38.678719960000002
6821383,2015,2016-09-02,9245,2015-02-10,1410,018114,,2,2,9,0900,0,1,2,,2,140,"RT 50","SCHNELL SCHOOL RD",1056.00,W,N,A,-,Y,ED,3,50,-,-,18.919,H,-,W,Y,2,0,1,1,A,-,08,22107,,N,E,I,A,A,H,-,A,D,1,,,,,Y,,A,01,1,0,0,0,0,0,0,0,0,"- ","- ",38.732869999999998,-120.78319999999999,"EL DORADO",UNINCORPORATED,-120.7831214,38.732861749999998
6854086,2015,2017-04-21,0902,2015-02-13,1824,216,,5,5,3,0902,0,0,0,,0,,"SKI RUN BL","LARCH AV",9.00,S,N,A,-,N,,,,,,,,,,Y,1,1,0,2,A,-,11,21954,A,N,G,B,D,A,H,-,C,A,0,Y,,,,Y,Y,N,60,0,0,0,1,0,0,0,0,0,"- ","- ",,,"EL DORADO","SOUTH LAKE TAHOE",-119.95482402,38.944798689999999
6854590,2015,2015-05-12,9245,2015-01-27,1230,13463,,2,1,9,0900,0,2,4,,2,031,"LATROBE RD","SHINGLE RD",0.00,,Y,B,-,N,,,,,,,,,,Y,1,1,0,3,A,-,09,21801,A,N,D,C,A,A,H,-,A,D,0,,,,Y,Y,,F,26,0,0,0,0,0,0,0,0,0,"- ","- ",,,"EL DORADO",UNINCORPORATED,-120.98255992,38.557699980000002
6870992,2015,2015-04-27,9245,2015-03-27,1235,012382,,5,1,9,0900,0,2,4,,1,043,"SLY PARK RD","WAGON TRL",40.00,S,N,A,-,N,,,,,,,,,,Y,2,0,1,2,A,-,03,22350,,N,D,C,A,A,H,-,A,A,0,,,Y,,Y,Y,C,02,1,0,0,0,0,0,0,0,1,"- ","- ",38.687649999999998,-120.62538000000001,"EL DORADO",UNINCORPORATED,-120.62530171,38.687694139999998
6902718,2015,2016-06-08,9245,2015-04-17,0430,018624,9245,5,3,9,0900,0,2,4,,1,043,"SLY PARK RD","TWO POND RD",300.00,S,N,A,-,N,,,,,,,,,,Y,2,0,1,1,A,-,08,22107,,N,H,I,A,A,H,-,A,D,0,,,,,Y,,A,01,1,0,0,0,0,0,0,0,0,"- ","- ",38.684350000000002,-120.63424000000001,"EL DORADO",UNINCORPORATED,-120.63235677,38.684408269999999
6903580,2015,2015-05-28,9245,2015-04-12,0932,013603,,7,1,9,0900,0,2,4,,2,011,"GREEN VALLEY RD","SALMON FALLS RD",0.00,,Y,A,-,N,,,,,,,,,,Y,2,0,4,3,A,-,12,21453,A,N,D,C,A,A,H,-,A,A,0,,,Y,,Y,,A,01,1,0,3,0,0,0,0,0,1,"- ","- ",38.710160000000002,-121.07855000000001,"EL DORADO",UNINCORPORATED,-121.07858996,38.710099909999997
6908342,2015,2015-10-07,9245,2015-04-30,1530,017089,,4,2,9,0900,0,2,4,,1,032,"CAMERON PARK DR","COACH LN",135.00,S,N,A,-,N,,,,,,,,,,Y,2,0,1,3,A,-,09,21804,A,N,A,C,A,A,H,-,A,A,0,,,Y,,Y,,D,22,1,0,0,0,0,0,0,0,1,"- ","- ",38.657980000000002,-120.96865,"EL DORADO",UNINCORPORATED,-120.96903946,38.657759419999998
6918767,2015,2015-06-08,9245,2015-05-07,2130,013028,,4,2,9,0900,0,3,5,,2,002,"WENTWORTH SPRINGS RD","FOX RUN RD",1056.00,W,N,A,-,N,,,,,,,,,,Y,2,0,1,1,A,-,01,23152,A,N,F,I,A,A,H,-,D,D,0,,,,,Y,Y,D,22,1,0,0,0,0,0,0,0,0,"- ","- ",38.92201,-120.01253,"EL DORADO",UNINCORPORATED,-120.81282759,38.922719649999998
6923868,2015,2016-12-17,9245,2015-05-07,0915,015609,,4,1,9,0900,0,1,3,,1,135,"RT 49","SANDRIDGE RD",2640.00,S,N,B,-,Y,ED,3,49,-,-,2.300,H,-,N,Y,2,0,3,2,A,-,05,21460,A,N,A,C,A,A,H,-,A,D,0,,,,,Y,,D,22,1,1,1,0,0,0,0,0,0,"- ","- ",38.578319999999998,-120.845,"EL DORADO",UNINCORPORATED,-120.84592431,38.58341128
6927909,2015,2015-06-04,9245,2015-05-08,1410,17089,,5,2,9,0900,0,3,5,,2,001,"COUNTRY CLUB DR","CASTANA DR",276.00,W,N,A,-,N,,,,,,,,,,N,2,0,2,3,A,-,11,21954,A,N,G,B,D,A,H,-,A,A,0,Y,,,,Y,,N,60,1,1,0,0,2,0,0,0,0,"- ","- ",38.659799999999997,-121.00748,"EL DORADO",UNINCORPORATED,-121.0073896,38.65980587
6943762,2015,2017-01-04,9245,2015-05-20,1344,013028,,3,1,9,0900,0,1,2,,2,140,"RT 50","COUNTY RD 1022",0.00,,Y,A,-,Y,ED,3,50,-,-,22.200,H,-,E,Y,2,0,2,2,A,-,09,21802,A,N,D,C,A,-,H,-,A,A,1,,,,,Y,,A,01,1,0,1,0,0,0,0,0,0,"- ","- ",38.73798,-120.73090999999999,"EL DORADO",UNINCORPORATED,-120.72991308,38.738340100000002
6975536,2015,2015-07-07,9245,2015-06-16,2230,013028,,2,3,9,0900,0,2,4,,1,041,"PLEASANT ST","BUCKS BAR RD",1056.00,E,N,A,-,N,,,,,,,,,,Y,2,0,1,1,A,-,08,22107,,N,E,I,A,A,H,-,D,D,0,,,,,Y,,A,01,1,0,0,0,0,0,0,0,0,"- ","- ",,,"EL DORADO",UNINCORPORATED,-120.73483229,38.681414359999998
6977000,2014,2016-04-25,0902,2014-07-31,1113,192,ELDOR,4,5,3,0902,0,0,0,,0,WEST,"EMERALD BAY RD","5TH ST",0.00,,Y,A,-,Y,ED,3,89,-,-,8.750,I,5,S,N,2,0,1,2,A,-,07,21658,A,N,A,C,A,A,H,-,A,D,0,,,Y,,Y,,C,03,1,0,0,0,0,0,0,0,0,"- ","- ",,,"EL DORADO","SOUTH LAKE TAHOE",-120.00696797000001,38.915575879999999
7006033,2015,2017-05-09,0902,2015-07-05,2027,219,0902,7,5,3,0902,0,0,0,,0,,"LAKE TAHOE BL","MODESTO AV",0.00,,Y,A,-,Y,ED,3,50,-,-,77.925,I,5,W,Y,1,1,1,2,A,-,09,21801,A,N,A,C,A,A,H,-,B,D,0,,,Y,,Y,,D,22,0,1,0,0,0,0,0,1,0,"- ","- ",,,"EL DORADO","SOUTH LAKE TAHOE",-119.97722235000001,38.940181410000001
7097201,2015,2017-01-14,0902,2015-09-22,1450,131,,2,5,3,0902,0,0,0,,0,,"EMERALD BAY RD","D ST",0.00,,Y,A,-,Y,ED,3,50,-,-,74.980,H,-,W,N,2,0,1,2,A,-,09,21802,A,F,D,C,A,A,H,-,A,A,0,,Y,,Y,Y,,L,04,1,0,0,0,0,0,1,0,0,"- ","- ",,,"EL DORADO","SOUTH LAKE TAHOE",-120.00095717000001,38.907242660000001
7125022,2015,2017-01-31,0901,2015-10-13,1845,264,0901,2,5,2,0901,0,0,0,,0,PP1,"RT 50","SPRING ST",0.00,,Y,A,-,Y,ED,3,50,-,-,14.828,I,5,W,Y,2,0,1,2,A,-,12,21453,A,N,A,C,A,A,H,-,A,A,0,,,,Y,Y,,F,21,1,0,0,0,0,0,0,0,0,"- ","- ",,,"EL DORADO",PLACERVILLE,-120.84244941999999,38.709399329999997
81376471,2020,2020-12-29,0902,2020-12-21,1649,226,0902,1,5,3,0902,0,0,0,,0,East,"3660 LAKE TAHOE BLVD","SKI RUN BLVD",141.00,E,N,A,-,Y,,,,,,,,,,Y,2,0,2,1,A,-,08,22107,,N,E,I,A,A,H,-,B,D,0,,,,,Y,,A,07,2,0,0,0,0,0,0,0,0,"- ","- ",38.948539733886719,-119.95761108398438,"EL DORADO","SOUTH LAKE TAHOE",-119.95713806152344,38.948749542236328
81514103,2021,2021-07-07,0902,2021-06-28,1040,239,,1,5,3,0902,0,0,0,,0,East,"LAKE TAHOE BLVD","TRANSIT WAY",250.00,W,N,A,-,Y,,,,,,,,,,Y,2,0,2,2,A,-,09,21804,A,N,D,C,A,A,H,-,A,D,0,,,,,Y,,A,01,1,0,1,0,0,0,0,0,0,"- ","- ",,,"EL DORADO","SOUTH LAKE TAHOE",-119.94307708740234,38.957672119140625
8159078,2016,2016-12-12,0901,2016-10-20,1549,308,0901,4,5,2,0901,0,0,0,,0,PP1,"CANAL ST","SIMAS WY",325.00,S,N,A,-,N,,,,,,,,,,Y,2,0,1,4,A,-,03,22350,,N,C,C,A,A,H,-,A,D,0,,,,,Y,,D,22,1,0,0,0,0,0,0,0,0,"- ","- ",,,"EL DORADO",PLACERVILLE,-120.80915584,38.730639779999997
8166663,2016,2018-09-27,0902,2016-11-05,2240,213,,6,5,3,0902,0,0,0,,0,,"LAKE TAHOE BL","HEAVENLY VALLEY WY",197.00,E,N,A,-,Y,ED,3,50,-,-,80.180,H,-,E,Y,1,1,0,2,A,-,11,21954,A,N,G,B,D,A,H,-,C,D,0,Y,,,,Y,Y,A,08,0,0,0,1,0,0,0,0,0,"- ","- ",,,"EL DORADO","SOUTH LAKE TAHOE",-119.94439786,38.955737730000003
81883534,2022,2022-10-06,0902,2022-10-01,2105,244,,6,5,3,0902,0,0,0,,0,WEST,"LAKE TAHOE BLVD","2ND ST",160.00,E,N,A,-,Y,ED,,50,,,75.969,H,,L,N,2,0,1,2,D,-,00,,,N,G,B,E,A,H,-,C,D,0,Y,,,,Y,Y,-,"- ",1,0,0,0,1,0,0,0,0,"- ","- ",38.918418884277344,-119.9971923828125,"EL DORADO","SOUTH LAKE TAHOE",-119.99700927734375,38.918254852294922
81904660,2022,2022-10-31,0902,2022-10-20,1344,228,,4,5,3,0902,0,0,0,,0,,"LAKE TAHOE BLVD","EMERALD BAY RD",102.00,W,N,A,-,Y,ED,,50,,,75.443,H,,L,N,2,0,1,2,A,-,11,21950,B,N,G,B,D,A,H,-,A,D,0,Y,,,,Y,,N,60,1,0,0,0,1,0,0,0,0,"- ","- ",38.913421630859375,-120.00467681884766,"EL DORADO","SOUTH LAKE TAHOE",-120.00463104248047,38.913417816162109
81904662,2022,2022-10-31,0902,2022-10-23,0003,249,,7,5,3,0902,0,0,0,,0,EAST,"PARK AVE","MANZANITA AVE",0.00,,Y,A,-,N,,,,,,,,,,Y,2,0,2,2,A,-,01,23153,A,N,D,C,A,A,H,-,C,D,0,,,,,Y,Y,A,01,2,0,0,0,0,0,0,0,0,"- ","- ",38.956161499023438,-119.94673919677734,"EL DORADO","SOUTH LAKE TAHOE",-119.94696807861328,38.956409454345703
81933057,2022,2022-12-05,0902,2022-11-23,1012,216,,3,5,3,0902,0,0,0,,0,MID,"PIONEER TRL","AL TAHOE BLVD",220.00,W,N,A,-,N,,,,,,,,,,N,2,0,1,2,A,-,17,21208,A,N,H,G,A,A,E,-,A,D,0,,Y,,,Y,,L,04,1,0,0,0,0,0,1,0,0,"- ","- ",38.920238494873047,-119.95778656005859,"EL DORADO","SOUTH LAKE TAHOE",-119.95790100097656,38.919456481933594
82069465,2023,2023-05-16,0902,2023-04-25,2005,252,,2,5,3,0902,0,0,0,,0,WEST,"LAKE TAHOE BLVD","WINNEMUCCA AVE",0.00,,Y,A,-,Y,ED,,50," "," ",76.131,H,,L,Y,2,0,1,2,A,-,09,21801,A,N,D,C,A,A,H,-,B,D,0,,,,,Y,,D,22,1,0,0,0,0,0,0,0,0,"- ","- ",38.919929504394531,-119.99498748779297,"EL DORADO","SOUTH LAKE TAHOE",-119.99478149414062,38.91973876953125
82176234,2023,2023-09-21,0902,2023-07-28,2052,233,,5,5,3,0902,0,0,0,,0,EAST,"GLENWOOD WAY","BLACKWOOD RD",0.00,,Y,A,-,N,,,,,,,,,,N,2,0,1,2,A,-,09,21800,A,N,D,G,A,A,H,-,D,D,0,,Y,,,Y,Y,A,07,1,0,0,0,0,0,1,0,0,"- ","- ",38.943809509277344,-119.96240234375,"EL DORADO","SOUTH LAKE TAHOE",-119.96157836914062,38.943073272705078
82176264,2023,2023-09-21,0902,2023-08-28,1354,239,,1,5,3,0902,0,0,0,,0,,"LAKE PKWY","HEAVENLY VILLAGE WAY",430.00,E,N,A,-,N,,,,,,,,,,N,2,0,3,2,A,-,03,22350,,N,D,C,A,A,H,-,A,D,0,,,,,Y,,A,07,1,0,2,0,0,0,0,0,0,"- ","- ",38.954730987548828,-119.94048309326172,"EL DORADO","SOUTH LAKE TAHOE",-119.94020080566406,38.955715179443359
82176269,2023,2023-09-21,0902,2023-09-02,1459,240,,6,5,3,0902,0,0,0,,0,EAST,"PIONEER TRL","MOSS RD",0.00,,Y,A,-,N,,,,,,,,,,N,2,0,1,2,A,-,05,21202,A,N,D,G,A,A,H,-,A,A,0,,Y,,,Y,,L,04,1,0,0,0,0,0,1,0,0,"- ","- ",38.952610015869141,-119.94666290283203,"EL DORADO","SOUTH LAKE TAHOE",-119.94674682617188,38.952709197998047
82257685,2023,2023-12-11,0902,2023-12-03,1731,247,,7,5,3,0902,0,0,0,,0,,"LAKE TAHOE BLVD","PIONEER TRL",0.00,,Y,A,-,Y,,,,,,,,,,Y,2,0,1,2,A,-,08,22107,,N,A,C,A,A,H,-,C,D,0,,,,,Y,,A,01,1,0,0,0,0,0,0,0,0,"- ","- ",38.954990386962891,-119.94699096679688,"EL DORADO","SOUTH LAKE TAHOE",-119.94622039794922,38.953781127929688
82416769,2024,2024-06-18,0902,2024-06-11,1636,237,,2,5,3,0902,0,0,0,,0,WEST,"EMERALD BAY RD","B ST",0.00,,Y,A,-,N,,,,,,,,,,N,2,0,1,2,A,-,05,21202,A,N,A,G,A,A,H,-,A,A,0,,Y,,,Y,Y,L,04,1,0,0,0,0,0,1,0,0,"- ","- ",38.910530090332031,-120.00302124023438,"EL DORADO","SOUTH LAKE TAHOE",-120.00306701660156,38.910610198974609
8283842,2016,2017-04-14,0901,2016-12-04,1426,288,0901,7,5,2,0901,0,0,0,,0,PP1,"SACRAMENTO ST","MAIN ST",174.00,S,N,A,-,N,,,,,,,,,,N,2,0,4,6,D,-,00,,,N,H,E,E,A,H,-,A,B,0,Y,,,,Y,,-,"- ",1,1,2,0,4,0,0,0,0,"- ","- ",,,"EL DORADO",PLACERVILLE,-120.80289745,38.727548769999999
84432470,2024,2024-10-16,0902,2024-10-04,1759,253,,5,5,3,0902,0,0,0,,0,EAST,"LAKE TAHOE BLVD","PIONEER TRL",180.00,E,N,A,-,Y,,,,,,,,,,N,2,0,1,2,A,-,09,21801,A,N,E,J,A,A,H,-,A,D,0,,,Y,,Y,,A,01,1,0,0,0,0,0,0,0,1,"- ","- ",38.953800201416016,-119.94564819335938,"EL DORADO","SOUTH LAKE TAHOE",-119.94576263427734,38.954124450683594
8700550,2018,2018-09-19,0901,2018-09-06,0129,301,0901,4,5,2,0901,0,0,0,,0,PP2,"MAIN ST","LOCUST AV",0.00,,Y,A,-,N,,,,,,,,,,N,2,0,1,2,A,-,03,22350,,F,G,B,B,A,H,-,C,D,0,Y,,,,Y,Y,-,99,1,0,0,0,1,0,0,0,0,"- ","- ",,,"EL DORADO",PLACERVILLE,-120.79360198974609,38.729598999023438
8825363,2019,2019-03-27,0901,2019-03-16,2130,296,0901,6,5,2,0901,0,0,0,,0,PP1,"MAIN ST","SACRAMENTO ST",0.00,,Y,A,-,N,,,,,,,,,,N,2,0,1,1,A,-,01,23152,A,N,F,-,A,A,H,-,C,D,0,,,Y,,Y,Y,C,02,1,0,0,0,0,0,0,0,1,"- ","- ",,,"EL DORADO",PLACERVILLE,-120.80313110351562,38.727989196777344
8984452,2019,2020-05-20,0902,2019-07-06,1329,235,0902,6,5,3,0902,0,0,0,,0,006,"EMERALD BAY RD","8TH ST",75.00,N,N,A,-,Y,ED,3,89,-,-,8.970,H,-,N,Y,2,0,1,2,A,-,01,23152,A,N,C,C,A,A,H,-,A,D,0,,,,,Y,Y,A,01,1,0,0,0,0,0,0,0,0,"- ","- ",,,"EL DORADO","SOUTH LAKE TAHOE",-120.01016235351562,38.917385101318359
90004571,2015,2015-10-19,9245,2015-07-05,1722,018663,,7,2,9,0900,0,3,5,,2,001,"GREEN VALLEY RD","SHADOWFAX LN",15.00,E,N,A,-,N,,,,,,,,,,Y,2,0,1,1,A,-,01,23152,A,N,F,A,A,A,H,-,A,D,0,,,,,Y,Y,A,08,1,0,0,0,0,0,0,0,0,"- ","- ",38.700809999999997,-121.10939999999999,"EL DORADO",UNINCORPORATED,-121.10949939,38.700691130000003
90004664,2015,2015-10-19,9245,2015-07-02,1817,015607,,4,2,9,0900,0,3,5,,2,002,"MARSHALL RD","CREEK PARK RANCH RD",53.00,E,N,B,C,N,,,,,,,,,,Y,2,0,4,2,A,-,03,22350,,N,A,C,A,B,H,-,A,D,0,,,,,Y,,A,01,3,1,0,0,0,0,0,0,0,"- ","- ",38.843499999999999,-120.87439999999999,"EL DORADO",UNINCORPORATED,-120.87439883,38.843367059999999
90004666,2015,2015-10-19,9245,2015-07-03,2100,018656,,5,2,9,0900,0,2,4,,1,041,"PLEASANT VALLEY RD","CANYON VALLEY RD",100.00,W,N,A,-,N,,,,,,,,,,N,2,0,2,1,C,-,18,,,N,H,H,A,A,H,-,D,D,0,,,Y,,Y,,-,"- ",1,0,1,0,0,0,0,0,2,"- ","- ",38.694980000000001,-120.80526999999999,"EL DORADO",UNINCORPORATED,-120.80548028,38.694915139999999
90005174,2015,2015-10-19,9245,2015-07-10,2156,018240,,5,2,9,0900,0,1,2,,2,120,"US-50 W/B","EL DORADO RD",1300.00,W,N,A,-,Y,,,50,,,,,,W,Y,2,0,1,2,A,-,03,22350,,N,C,C,A,A,H,-,D,D,0,,,Y,,Y,,A,01,1,0,0,0,0,0,0,0,1,"- ","- ",38.700560000000003,-120.86924,"EL DORADO",UNINCORPORATED,-120.86921646,38.70049212
90006269,2015,2015-10-19,9245,2015-07-07,1530,013028,,2,2,9,0900,0,2,4,,1,026,"ICE HOUSE RD","WENTWORTH SPRINGS RD",528.00,N,N,B,-,N,,,,,,,,,,Y,2,0,1,1,A,-,03,22350,,N,E,I,A,A,H,-,A,D,0,,,Y,,Y,,C,02,1,0,0,0,0,0,0,0,1,"- ","- ",38.941110000000002,-120.39239999999999,"EL DORADO",UNINCORPORATED,-120.39307723,38.940740740000003
90006536,2015,2015-10-19,9245,2015-07-25,1824,015607,,6,2,9,0900,0,3,5,,2,002,"WENTWORTH SPRINGS RD","STAG LN",501.00,W,N,A,-,N,,,,,,,,,,Y,2,0,2,1,A,-,01,23152,A,N,E,I,A,A,H,-,A,D,0,,,,,Y,Y,D,22,2,0,0,0,0,0,0,0,0,"- ","- ",38.92604,-120.76815000000001,"EL DORADO",UNINCORPORATED,-120.76751864000001,38.926412540000001