CASE_ID,ACCIDENT_YEAR,PROC_DATE,JURIS,COLLISION_DATE,COLLISION_TIME,OFFICER_ID,REPORTING_DISTRICT,DAY_OF_WEEK,CHP_SHIFT,POPULATION,CNTY_CITY_LOC,SPECIAL_COND,BEAT_TYPE,CHP_BEAT_TYPE,CITY_DIVISION_LAPD,CHP_BEAT_CLASS,BEAT_NUMBER,PRIMARY_RD,SECONDARY_RD,DISTANCE,DIRECTION,INTERSECTION,WEATHER_1,WEATHER_2,STATE_HWY_IND,CALTRANS_COUNTY,CALTRANS_DISTRICT,STATE_ROUTE,ROUTE_SUFFIX,POSTMILE_PREFIX,POSTMILE,LOCATION_TYPE,RAMP_INTERSECTION,SIDE_OF_HWY,TOW_AWAY,COLLISION_SEVERITY,NUMBER_KILLED,NUMBER_INJURED,PARTY_COUNT,PRIMARY_COLL_FACTOR,PCF_CODE_OF_VIOL,PCF_VIOL_CATEGORY,PCF_VIOLATION,PCF_VIOL_SUBSECTION,HIT_AND_RUN,TYPE_OF_COLLISION,MVIW,PED_ACTION,ROAD_SURFACE,ROAD_COND_1,ROAD_COND_2,LIGHTING,CONTROL_DEVICE,CHP_ROAD_TYPE,PEDESTRIAN_ACCIDENT,BICYCLE_ACCIDENT,MOTORCYCLE_ACCIDENT,TRUCK_ACCIDENT,NOT_PRIVATE_PROPERTY,ALCOHOL_INVOLVED,STWD_VEHTYPE_AT_FAULT,CHP_VEHTYPE_AT_FAULT,COUNT_SEVERE_INJ,COUNT_VISIBLE_INJ,COUNT_COMPLAINT_PAIN,COUNT_PED_KILLED,COUNT_PED_INJURED,COUNT_BICYCLIST_KILLED,COUNT_BICYCLIST_INJURED,COUNT_MC_KILLED,COUNT_MC_INJURED,PRIMARY_RAMP,SECONDARY_RAMP,LATITUDE,LONGITUDE,COUNTY,CITY,POINT_X,POINT_Y
90007678,2015,2015-10-19,9245,2015-08-07,2020,017757,,5,2,9,0900,0,3,5,,2,001,"LOTUS RD. S/B","BASSI RD.",125.00,N,N,B,-,N,,,,,,,,,,Y,2,0,1,1,A,-,01,23152,A,N,E,I,A,A,H,-,C,D,0,,,,,Y,Y,A,07,1,0,0,0,0,0,0,0,0,"- ","- ",38.797980000000003,-120.91052999999999,"EL DORADO",UNINCORPORATED,-120.91047644,38.798302319999998
90017555,2015,2015-10-19,9245,2015-09-03,1550,017757,,4,2,9,0900,0,1,2,,2,120,"US-50 E/B","RED HAWK PKWY.",2112.00,W,N,A,-,Y,,,50,,,,,,E,Y,2,0,3,2,A,-,03,22350,,N,C,C,A,A,H,-,A,D,0,,,,,Y,,A,01,1,0,2,0,0,0,0,0,0,"- ","- ",38.685920000000003,-120.90925,"EL DORADO",UNINCORPORATED,-120.90915303,38.68583521
90019935,2015,2015-10-19,9245,2015-09-16,1810,018663,,3,2,9,0900,0,2,4,,1,013,"LOTUS RD","GRANITE CREEK DR",0.00,,N,C,-,N,,,,,,,,,,Y,2,0,2,1,A,-,01,23152,A,N,E,I,A,B,H,-,A,D,0,,,,,Y,Y,A,01,1,1,0,0,0,0,0,0,0,"- ","- ",38.781599999999997,-120.91703,"EL DORADO",UNINCORPORATED,-120.9141899,38.788249960000002
90026122,2015,2015-10-19,9245,2015-09-12,1756,017897,,6,2,9,0900,0,1,2,,2,110,"US-50 E/B","SILVA VALLEY PKY",1949.00,E,N,A,-,Y,,,50,,,,,,E,Y,2,0,2,2,A,-,01,23152,E,N,B,C,A,A,H,-,A,D,0,,,,,Y,,D,22,1,1,0,0,0,0,0,0,0,"- ","- ",38.658140000000003,-121.04765999999999,"EL DORADO",UNINCORPORATED,-121.04768704999999,38.65800308
90053698,2015,2015-11-18,9245,2015-10-16,1742,018663,,5,2,9,0900,0,1,2,,1,160,US-50,"LARCH LANE (EAST)",174.00,W,N,C,-,Y,,,,,,,,,,Y,1,1,4,2,A,-,05,21460,A,N,A,C,A,B,H,-,A,D,0,,,,,Y,,A,01,1,2,1,0,0,0,0,0,0,"- ","- ",38.463450000000002,-120.18293,"EL DORADO",UNINCORPORATED,-120.30736523,38.771431579999998
90060006,2015,2015-11-25,9245,2015-11-11,0530,015609,,3,3,9,0900,0,3,5,,2,003,"BLANCHARD RD","PANORAMA DR",528.00,S,N,A,-,N,,,,,,,,,,Y,2,0,2,1,A,-,08,22107,,N,E,I,A,A,H,-,D,D,0,,,,,Y,,A,01,1,1,0,0,0,0,0,0,0,"- ","- ",38.699269999999999,-120.8497,"EL DORADO",UNINCORPORATED,-120.84846199,38.698734279999996
90071502,2015,2015-12-11,9245,2015-12-01,2025,013405,,2,2,9,0900,0,2,S,,2,005,"PONY EXPRESS TRAIL","SANDERS DR",0.00,,Y,B,-,N,,,,,,,,,,Y,2,0,1,2,A,-,05,21460,A,N,D,C,A,A,H,-,C,D,0,,,Y,,Y,,C,02,1,0,0,0,0,0,0,0,1,"- ","- ",38.758459999999999,-120.59096,"EL DORADO",UNINCORPORATED,-120.59099993,38.758429970000002
90071722,2015,2015-12-11,9245,2015-07-28,0215,013028,,2,3,9,0900,0,1,2,,2,140,"US 50 WESTBOUND","EIGHT MILE ROAD",5280.00,E,N,A,-,Y,,,,,,,,,,Y,1,1,0,1,A,-,05,21650,,N,E,I,A,A,H,-,C,D,0,,,,,Y,,A,01,0,0,0,0,0,0,0,0,0,"- ","- ",38.743830000000003,-120.65131,"EL DORADO",UNINCORPORATED,,
90072340,2015,2016-06-14,9245,2015-08-30,2350,015609,,7,3,9,0900,0,1,2,,2,150,"US 50 W/B","PEAVINE RIDGE RD",2640.00,E,N,A,-,Y,,,,,,,,,,Y,1,3,1,1,A,-,08,22107,,N,E,I,A,A,H,-,D,D,0,,,,,Y,,A,07,1,0,0,0,0,0,0,0,0,"- ","- ",38.766620000000003,-120.49715999999999,"EL DORADO",UNINCORPORATED,-120.50592241,38.760472540000002
90072430,2015,2015-12-14,9245,2015-11-24,0119,013028,,2,3,9,0900,0,1,3,,1,135,"S.R. 49","UNION MINE ROAD",43.00,N,N,B,-,Y,,,,,,,,,,Y,1,1,0,1,A,-,05,21650,,N,E,I,A,A,H,-,C,D,0,,,,,Y,,A,01,0,0,0,0,0,0,0,0,0,"- ","- ",38.680410000000002,-120.84739999999999,"EL DORADO",UNINCORPORATED,,
90084494,2015,2015-12-29,9245,2015-12-09,1432,018502,,3,2,9,0900,0,2,4,,1,041,"PLEASANT VALLEY RD","OAK HILL RD",464.00,E,N,A,-,Y,,,,,,,,,,Y,2,0,3,2,A,-,05,21460,A,N,A,C,A,A,H,-,A,D,0,,,,,Y,,A,01,3,0,0,0,0,0,0,0,0,"- ","- ",38.678019999999997,-120.7697,"EL DORADO",UNINCORPORATED,-120.76973028,38.678053769999998
90089148,2015,2016-01-06,9245,2015-08-15,1950,018502,,6,2,9,0900,0,1,3,,1,115,"SR-49 N/B","COLOMA HEIGHTS RD",41.00,N,N,A,-,Y,,,49,,,,,,N,Y,1,1,1,1,A,-,08,22107,,N,E,I,A,A,H,-,B,D,0,,,,,Y,,A,01,1,0,0,0,0,0,0,0,0,"- ","- ",38.799259999999997,-120.88867999999999,"EL DORADO",UNINCORPORATED,-120.8889065,38.798962459999998
90094686,2016,2016-01-13,9245,2016-01-07,0710,018656,,4,1,9,0900,0,2,4,,2,031,"LATROBE RD","SUN RIDGE MEADOW RD",2500.00,N,N,C,-,N,,,,,,,,,,Y,2,0,1,1,A,-,03,22350,,N,E,I,A,B,H,-,A,D,0,,,,,Y,,A,01,1,0,0,0,0,0,0,0,0,"- ","- ",38.591419999999999,-121.01322,"EL DORADO",UNINCORPORATED,-121.01429598,38.592464460000002
90102052,2015,2016-01-25,9245,2015-12-20,1055,012315,,7,1,9,0900,0,2,4,,2,031,"LATROBE RD","COTHRIN RANCH RD",2112.00,S,N,C,-,N,,,,,,,,,,Y,1,1,0,3,A,-,05,21460,A,N,B,C,A,B,H,-,A,D,0,,,,,Y,,A,01,0,0,0,0,0,0,0,0,0,"- ","- ",38.59543,-121.01801,"EL DORADO",UNINCORPORATED,-121.01798255,38.59546675
90118811,2016,2016-02-18,9245,2016-02-14,1905,015421,,7,2,9,0900,0,3,5,,2,003,"CRYSTAL BLVD","MICA ST",15.00,N,N,A,-,N,,,,,,,,,,N,2,0,1,1,A,-,08,22107,,N,F,A,A,A,H,-,B,D,0,,,Y,,Y,,C,06,1,0,0,0,0,0,0,0,1,"- ","- ",38.590240000000001,-120.85747000000001,"EL DORADO",UNINCORPORATED,-120.85746355000001,38.5902168
90128679,2016,2016-03-03,9245,2016-01-06,1118,015563,,3,1,9,0900,0,3,5,,2,003,"WHITE ROCK RD","STONEBRIAR DR.",5.00,W,N,B,G,N,,,,,,,,,,Y,1,1,0,1,D,-,00,,,N,E,I,A,B,H,-,A,A,0,,,,,Y,,-,"- ",0,0,0,0,0,0,0,0,0,"- ","- ",38.637120000000003,-121.07702,"EL DORADO",UNINCORPORATED,-121.07677639000001,38.63713722
90131382,2016,2016-03-08,9245,2016-02-21,1325,013463,,7,1,9,0900,0,2,4,,2,031,"LATROBE ROAD","RYAN RANCH RD",1056.00,S,N,A,-,N,,,,,,,,,,Y,2,0,2,3,A,-,03,22350,,N,C,C,A,A,H,-,A,D,0,,,Y,,Y,,C,02,1,1,0,0,0,0,0,0,2,"- ","- ",38.59928,-121.02134,"EL DORADO",UNINCORPORATED,-121.02274222,38.600375990000003
90132590,2016,2016-03-09,9245,2016-02-26,1705,018502,,5,2,9,0900,0,3,5,,2,004,"CRE-16 (MT. AUKUM RD)","GERRYS DREAM LN",627.00,S,N,A,-,Y,,,,,,,,,,Y,2,0,2,2,A,-,05,21460,A,N,A,C,A,A,H,-,A,D,0,,,,,Y,,A,07,2,0,0,0,0,0,0,0,0,"- ","- ",38.665700000000001,-120.66964,"EL DORADO",UNINCORPORATED,,
90133093,2016,2016-03-09,9245,2016-03-01,0949,013342,,2,1,9,0900,0,2,4,,1,037,"PLEASANT VALLEY ROAD","MOTHER LODE DR",220.00,E,N,A,-,N,,,,,,,,,,Y,2,0,1,2,A,-,09,21801,A,F,H,A,A,A,H,-,A,A,0,,,Y,,Y,,E,22,1,0,0,0,0,0,0,0,1,"- ","- ",38.680570000000003,-120.80901,"EL DORADO",UNINCORPORATED,-120.86907047,38.680549599999999
90133544,2015,2016-03-10,9245,2015-12-11,0515,018656,,5,3,9,0900,0,1,2,,2,140,"US-50 W/B","EIGHT MILE RD",1456.00,E,N,D,-,Y,,,50,,,,,,W,Y,1,1,0,1,A,-,03,22350,,N,E,I,A,C,H,-,D,D,0,,,,,Y,,A,01,0,0,0,0,0,0,0,0,0,"- ","- ",38.741419999999998,-120.6623,"EL DORADO",UNINCORPORATED,-120.66228703,38.741409009999998
90137067,2016,2016-04-25,9245,2016-02-19,1145,016059,,5,1,9,0900,0,3,5,,2,001,"CAMBRIDGE RD","OXFORD RD",5.00,S,N,A,-,N,,,,,,,,,,N,2,0,1,1,A,-,08,22107,,N,E,I,A,A,H,-,A,D,0,,Y,,,Y,,L,04,1,0,0,0,0,0,1,0,0,"- ","- ",,,"EL DORADO",UNINCORPORATED,-120.99059603000001,38.67675663
90139719,2016,2016-04-27,9245,2016-01-28,1606,018663,,4,2,9,0900,0,2,4,,1,042,"E-16 / MT. AUKUM RD","CONSUMNES RIVER (MIDDLE FORK)",165.00,N,N,B,-,Y,,,,,,,,,,Y,1,1,2,2,A,-,03,22350,,N,D,C,A,B,H,-,A,D,0,,,,,Y,,A,01,1,0,1,0,0,0,0,0,0,"- ","- ",38.626429999999999,-120.70178,"EL DORADO",UNINCORPORATED,,
90146377,2016,2016-03-28,9246,2016-03-26,2145,018629,,6,2,9,0900,0,1,2,,1,022,US-50,"APACHE AVE",528.00,E,N,A,-,Y,,,50,,,,,,,Y,2,0,1,2,A,-,08,22107,,F,G,B,E,A,H,-,D,D,0,Y,,,,Y,,-,99,1,0,0,0,1,0,0,0,0,"- ","- ",38.85454,-120.01470999999999,"EL DORADO",UNINCORPORATED,-120.01473441,38.854592349999997
90149954,2016,2016-04-04,9245,2016-03-27,1547,015607,,7,2,9,0900,0,1,3,,1,115,SR-49,"LILYAMA RD",1469.00,S,N,B,-,Y,,,49,,,,,,,Y,2,0,2,2,A,-,05,21460,A,N,D,C,A,A,H,-,A,D,0,,,Y,,Y,,C,02,1,0,1,0,0,0,0,0,1,"- ","- ",38.826929999999997,-120.9554,"EL DORADO",UNINCORPORATED,-120.95539343999999,38.82697941
90156230,2016,2016-04-12,9245,2016-04-03,2030,017737,,7,2,9,0900,0,3,5,,2,001,"LAKEHILLS DR","CROMWELL CT",700.00,S,N,A,-,N,,,,,,,,,,Y,2,0,1,1,A,-,01,23152,A,N,E,I,A,A,H,-,D,D,0,,,,,Y,Y,D,22,1,0,0,0,0,0,0,0,0,"- ","- ",38.722999999999999,-121.07792000000001,"EL DORADO",UNINCORPORATED,-121.0778888,38.723222440000001
90174362,2016,2016-05-06,9245,2016-04-27,1930,018502,,3,2,9,0900,0,3,5,,2,004,"SAND RIDGE RD","VINTAGE TRL",533.00,E,N,B,-,Y,,,,,,,,,,Y,2,0,2,1,A,-,08,22107,,N,E,I,A,B,E,-,B,D,0,,,Y,,Y,,C,06,1,0,1,0,0,0,0,0,2,"- ","- ",38.595869999999998,-120.78493,"EL DORADO",UNINCORPORATED,-120.78478797,38.595673720000001
90174373,2016,2016-08-16,9245,2016-04-27,1800,018663,,3,2,9,0900,0,3,5,,2,004,"PLEASANT VALLEY RD","KEARNS RD",350.00,E,N,B,-,N,,,,,,,,,,Y,1,1,1,2,A,-,03,22350,,N,A,C,A,B,H,-,A,D,0,,,,,Y,,D,22,0,0,1,0,0,0,0,0,0,"- ","- ",38.685780000000001,-120.77848,"EL DORADO",UNINCORPORATED,-120.77828753999999,38.685747820000003
90190095,2016,2016-08-01,9246,2016-05-07,2500,016041,,6,4,9,0900,0,3,5,,2,300,"10TH AVE","ALDER AVE",499.00,N,N,B,-,N,,,,,,,,,,N,1,1,0,1,A,-,08,22107,,N,E,I,A,B,H,-,D,D,0,,Y,,,Y,,L,04,0,0,0,0,0,1,0,0,0,"- ","- ",39.059910000000002,-120.13420000000001,"EL DORADO",UNINCORPORATED,-120.13418313,39.059779409999997
90203999,2016,2016-06-17,9245,2016-05-25,1025,013463,,3,1,9,0900,0,3,5,,2,004,"SLY PARK ROAD","MORMON EMIGRANT TRL",388.00,S,N,A,-,N,,,,,,,,,,Y,1,1,0,1,A,-,08,22107,,N,E,I,A,A,H,-,A,D,0,,,,,Y,,A,01,0,0,0,0,0,0,0,0,0,"- ","- ",38.719769999999997,-120.57717,"EL DORADO",UNINCORPORATED,-120.57573708,38.719886639999999
90204225,2016,2016-06-17,9245,2016-06-10,2005,018502,,5,2,9,0900,0,3,5,,2,001,"BASS LAKE RD","HAWK VIEW ROAD",313.00,S,N,A,-,N,,,,,,,,,,Y,2,0,1,1,A,-,01,23152,F,M,F,A,A,A,H,-,A,D,0,,,,,Y,Y,D,22,1,0,0,0,0,0,0,0,0,"- ","- ",38.670180000000002,-121.03095,"EL DORADO",UNINCORPORATED,-121.03106565,38.670189290000003
9020480,2018,2020-01-31,0902,2018-06-19,2153,183,0902,2,5,3,0902,0,0,0,,0,,"LAKE TAHOE BL","SILVER DOLLAR AV",12.00,W,N,A,-,Y,ED,3,50,-,-,76.680,H,-,W,Y,2,0,1,2,A,-,09,21801,A,N,D,C,A,A,-,-,D,A,0,,,Y,,Y,,A,07,1,0,0,0,0,0,0,0,1,"- ","- ",,,"EL DORADO","SOUTH LAKE TAHOE",-119.98711395263672,38.924747467041016
9020493,2018,2020-01-31,0902,2018-10-10,1738,220,0902,3,5,3,0902,0,0,0,,0,,"LAKE TAHOE BL","4TH ST",0.00,,Y,A,-,Y,ED,3,50,-,-,75.755,I,5,E,N,2,0,1,2,A,-,08,22107,,N,D,G,A,A,H,-,A,D,0,,Y,,,Y,,A,07,1,0,0,0,0,0,1,0,0,"- ","- ",,,"EL DORADO","SOUTH LAKE TAHOE",-120.00010681152344,38.9161376953125
9020497,2018,2020-02-28,0902,2018-10-20,1708,208,0902,6,5,3,0902,0,0,0,,0,WEST,"LAKE TAHOE BL","TAHOE KEYS BL",480.00,E,N,A,-,Y,ED,3,50,-,-,76.130,H,-,W,N,2,0,5,2,A,-,09,21801,A,N,D,C,A,A,-,-,A,D,0,,,,,Y,,A,01,1,3,1,0,0,0,0,0,0,"- ","- ",,,"EL DORADO","SOUTH LAKE TAHOE",-119.99479675292969,38.919654846191406
90214599,2016,2016-07-01,9245,2016-06-23,1055,012382,,4,1,9,0900,0,1,2,,2,140,"(LINCOLN HIGHWAY)","COUNTY ROAD 145",145.00,E,N,A,-,Y,,,,,,,,,,Y,2,0,1,2,A,-,07,21658,A,N,E,I,A,A,H,-,A,A,0,,,,,Y,,A,07,1,0,0,0,0,0,0,0,0,"- ","- ",38.731169999999999,-120.75087000000001,"EL DORADO",UNINCORPORATED,-120.7516712,38.731388979999998
90233595,2016,2016-07-29,9245,2016-07-23,0100,016465,,6,3,9,0900,0,1,3,,1,122,SR-193,"SHOEMAKER RD",1056.00,S,N,A,-,Y,,,193,,,,,,,Y,2,0,1,1,A,-,01,23152,A,N,E,I,A,A,H,-,D,D,0,,,,,Y,Y,D,22,1,0,0,0,0,0,0,0,0,"- ","- ",38.892299999999999,-120.82974,"EL DORADO",UNINCORPORATED,-120.82994708,38.892320069999997
90235661,2016,2016-08-02,9245,2016-07-07,1125,017897,,4,1,9,0900,0,1,2,,1,160,US-50,"WILDWOOD WAY",170.00,W,N,A,-,Y,,,50,,,,,,,Y,2,0,1,1,A,-,08,22107,,N,E,I,A,A,H,-,A,D,0,,,,,Y,,D,23,1,0,0,0,0,0,0,0,0,"- ","- ",38.770240000000001,-120.31258,"EL DORADO",UNINCORPORATED,-120.31252446000001,38.770070609999998
90236075,2016,2016-08-02,9245,2016-07-22,1520,018799,,5,2,9,0900,0,3,5,,2,001,"HOLLOW OAK DR","SAMUEL WAY",550.00,W,N,A,-,N,,,,,,,,,,N,2,0,1,1,B,-,22,,,N,F,A,A,A,H,-,A,D,0,,Y,,,Y,,L,04,1,0,0,0,0,0,1,0,0,"- ","- ",38.669420000000002,-121.01822,"EL DORADO",UNINCORPORATED,-121.01819037,38.669424710000001
90242205,2016,2016-08-10,9245,2016-06-20,2345,016451,,1,3,9,0900,0,3,5,,2,001,"BEATTY DR","ALEXANDRA DR.",1544.00,E,N,A,-,N,,,,,,,,,,Y,1,1,1,1,A,-,03,22350,,N,E,I,A,A,H,-,D,D,0,,,,,Y,,A,01,1,0,0,0,0,0,0,0,0,"- ","- ",38.684890000000003,-121.09416,"EL DORADO",UNINCORPORATED,-121.09453886,38.684902209999997
90243204,2016,2016-08-11,9245,2016-08-10,0655,016451,,3,1,9,0900,0,3,5,,2,004,"SNOWS RD","GLORY HOLE DR",0.00,,Y,A,-,N,,,,,,,,,,Y,2,0,1,2,A,-,09,21804,A,N,D,C,A,A,H,-,A,D,0,,,Y,,Y,,M,47,1,0,0,0,0,0,0,0,1,"- ","- ",38.712710000000001,-120.66762,"EL DORADO",UNINCORPORATED,-120.66871,38.715869939999997
90251728,2016,2016-08-24,9245,2016-08-17,1816,015607,,3,2,9,0900,0,2,4,,1,042,"OMO RANCH RD","FAIRPLAY RD",861.00,W,N,A,-,N,,,,,,,,,,Y,2,0,1,1,A,-,01,23152,A,N,E,I,A,A,H,-,A,D,0,,,,,Y,Y,D,22,1,0,0,0,0,0,0,0,0,"- ","- ",38.342530000000004,-120.39596,"EL DORADO",UNINCORPORATED,-120.66530826,38.573773180000003
90265905,2016,2016-09-12,9245,2016-09-04,1650,015607,,7,2,9,0900,0,1,3,,1,115,"SR-49 N/B","AARON COOL DR",4752.00,N,N,A,-,Y,,,49,,,,,,N,N,2,0,1,1,A,-,08,22107,,N,E,I,A,A,H,-,A,D,0,,,Y,,Y,,C,02,1,0,0,0,0,0,0,0,1,"- ","- ",38.904000000000003,-121.01349999999999,"EL DORADO",UNINCORPORATED,-121.01363557000001,38.904116850000001
90269298,2016,2016-09-16,9245,2016-07-16,1236,018799,,6,1,9,0900,0,1,2,,2,140,"US-50 W/B","CARSON RD",6864.00,E,N,A,-,Y,,,50,,,,,,W,Y,1,1,0,1,A,-,08,22107,,N,E,I,A,A,H,-,A,D,0,,,,,Y,,A,01,0,0,0,0,0,0,0,0,0,"- ","- ",38.744700000000002,-120.6448,"EL DORADO",UNINCORPORATED,-120.64479015000001,38.744627739999999
90270550,2016,2016-09-19,9245,2016-06-03,0025,018663,,5,3,9,0900,0,1,2,,2,120,"US-50 W/B","PONDEROSA RD",3168.00,E,N,A,-,Y,,,50,,,,,,W,Y,1,1,0,1,A,-,08,22107,,N,E,I,A,A,H,-,C,D,0,,,,,Y,,A,07,0,0,0,0,0,0,0,0,0,"- ","- ",38.667520000000003,-120.92841,"EL DORADO",UNINCORPORATED,-120.92838619,38.667486410000002
90274921,2016,2016-09-23,9245,2016-09-17,1740,018782,,6,2,9,0900,0,1,2,,1,160,US-50,"24 MILE STONE",312.00,W,N,A,-,Y,,,50,,,,,,,Y,2,0,2,1,A,-,08,22107,,N,E,I,A,A,H,-,A,D,0,,,,,Y,,A,07,1,0,1,0,0,0,0,0,0,"- ","- ",38.775460000000002,-120.41713,"EL DORADO",UNINCORPORATED,-120.41705262000001,38.774861350000002
90280865,2016,2016-09-30,9245,2016-08-09,1510,017756,,2,2,9,0900,0,3,5,,2,002,SR-193,"TEGRA ROAD",2650.00,E,N,A,-,Y,,,,,,,,,,Y,1,1,1,2,A,-,05,21460,A,N,A,C,A,A,H,-,A,D,0,,,,,Y,,A,07,1,0,0,0,0,0,0,0,0,"- ","- ",32.8996,-120.9543,"EL DORADO",UNINCORPORATED,-120.95438213,38.89964561
90285636,2016,2016-10-06,9245,2016-09-30,1515,018782,,5,2,9,0900,0,1,3,,1,122,SR-193,"NORTH KELSEY AVE",260.00,N,N,A,-,Y,,,193,,,,,,,N,2,0,1,1,A,-,03,22350,,N,F,I,A,A,H,-,A,D,0,,,Y,,Y,,C,02,1,0,0,0,0,0,0,0,1,"- ","- ",38.807920000000003,-120.81984,"EL DORADO",UNINCORPORATED,-120.81993928999999,38.807882429999999
90288478,2016,2016-10-10,9245,2016-10-03,0005,012833,,1,3,9,0900,0,2,4,,2,031,"LATROBE ROAD","THROTTLE LANE",1015.00,N,N,A,-,N,,,,,,,,,,Y,2,0,1,1,A,-,05,21650,,N,E,I,A,A,H,-,D,D,0,,,,,Y,,A,07,1,0,0,0,0,0,0,0,0,"- ","- ",38.565219999999997,-120.98945999999999,"EL DORADO",UNINCORPORATED,-120.98922372,38.565115050000003
90292163,2016,2016-10-14,9245,2016-10-09,1100,013342,,7,1,9,0900,0,3,5,,2,002,"WENTWORTH SPRINGS ROAD","STUMPY MEADOWS",0.00,,N,A,-,N,,,,,,,,,,Y,2,0,2,2,A,-,08,22107,,N,F,A,A,A,H,-,A,D,0,,,Y,,Y,,C,02,1,1,0,0,0,0,0,0,2,"- ","- ",38.905099999999997,-120.60351,"EL DORADO",UNINCORPORATED,-120.605553,38.902509000000002
90301022,2016,2016-10-25,9245,2016-10-20,1618,018663,,4,2,9,0900,0,3,5,,2,003,"MOTHER LODE DR","BUCKEYE RD",0.00,,Y,A,-,N,,,,,,,,,,Y,2,0,1,2,A,-,03,22350,,N,B,C,A,A,H,-,A,D,0,,,Y,,Y,Y,C,02,1,0,0,0,0,0,0,0,1,"- ","- ",38.667349999999999,-120.91822000000001,"EL DORADO",UNINCORPORATED,-120.90650989,38.668059900000003
90314503,2016,2016-11-08,9245,2016-10-29,2245,018799,,6,3,9,0900,0,2,4,,1,042,"MOUNT AUKUM RD","D'AGOSTINI DR",120.00,N,N,B,-,N,,,,,,,,,,Y,2,0,1,1,A,-,01,23152,A,N,E,I,A,A,H,-,D,D,0,,,,,Y,Y,A,07,1,0,0,0,0,0,0,0,0,"- ","- ",38.552660000000003,-120.73213,"EL DORADO",UNINCORPORATED,-120.73206291,38.552512210000003
90320193,2016,2016-11-15,9245,2016-11-10,1640,018799,,4,2,9,0900,0,1,2,,2,110,"US-50 W/B","SACRAMENTO COUNTY LINE",262.00,E,N,A,-,Y,,,50,,,,,,W,Y,2,0,2,2,A,-,03,22350,,N,C,C,A,A,H,-,A,D,0,,,,,Y,,A,01,1,1,0,0,0,0,0,0,0,"- ","- ",38.648310000000002,-121.08484,"EL DORADO",UNINCORPORATED,-121.08484743,38.648330350000002
90333446,2016,2016-11-30,9245,2016-11-17,2300,012382,,4,3,9,0900,0,3,5,,2,004,"RIDGEWAY DR","RIDGEWAY CT",100.00,E,N,A,-,N,,,,,,,,,,Y,2,0,1,1,A,-,05,21650,,N,F,A,A,A,H,-,D,A,0,,,,,Y,,A,01,1,0,0,0,0,0,0,0,0,"- ","- ",38.74783,-120.61673999999999,"EL DORADO",UNINCORPORATED,-120.61677179,38.74778843
90334499,2016,2016-12-01,9245,2016-11-20,1510,015421,,7,2,9,0900,0,2,S,,2,904,"LATROBE ROAD","SUNRIDGE MEADOWS",528.00,N,N,B,C,N,,,,,,,,,,Y,2,0,2,1,A,-,08,22107,,N,E,I,A,B,H,-,A,D,0,,,,,Y,,A,01,1,0,1,0,0,0,0,0,0,"- ","- ",38.588360000000002,-121.01098,"EL DORADO",UNINCORPORATED,-121.01051183,38.588025080000001
90353236,2016,2017-02-15,9245,2016-12-17,1849,018756,,6,2,9,0900,0,2,4,,1,039,"MOTHER LODE DR.","PLEASANT VALLEY RD.",1584.00,E,N,A,-,N,,,,,,,,,,Y,2,0,3,2,A,-,05,21460,A,N,B,C,A,B,H,-,D,D,0,,,Y,,Y,,A,07,1,0,2,0,0,0,0,0,1,"- ","- ",38.410780000000003,-120.51578000000001,"EL DORADO",UNINCORPORATED,-120.86696044999999,38.683995459999998
90353264,2016,2016-12-27,9245,2016-12-18,1655,015421,,7,2,9,0900,0,1,2,,2,150,"US-50 W/B","ICE HOUSE RD",3748.00,W,N,B,-,Y,,,50,,,,,,W,Y,2,0,2,1,A,-,01,23152,A,N,F,I,A,B,H,-,C,D,0,,,,,Y,Y,A,01,2,0,0,0,0,0,0,0,0,"- ","- ",38.773290000000003,-120.45977000000001,"EL DORADO",UNINCORPORATED,-120.45971887,38.7733189
90368221,2017,2017-01-12,9245,2017-01-04,1700,017364,,3,2,9,0900,0,3,5,,2,002,"WENTWORTH SPRINGS RD","STAG LN",0.00,,N,C,-,N,,,,,,,,,,Y,2,0,1,1,A,-,03,22350,,N,E,I,A,B,H,-,B,D,0,,,,,Y,,A,01,1,0,0,0,0,0,0,0,0,"- ","- ",38.924750000000003,-120.77109,"EL DORADO",UNINCORPORATED,-120.76581992,38.926649980000001
90370979,2016,2017-01-31,9245,2016-07-17,1440,015607,,7,2,9,0900,0,1,2,,1,170,US-50,"WRIGHTS LAKE RD",125.00,E,N,A,-,Y,,,50,,,,,,,Y,1,1,0,2,A,-,09,21802,A,N,C,C,A,A,H,-,A,D,0,,,Y,,Y,Y,C,02,0,0,0,0,0,0,0,1,0,"- ","- ",38.785290000000003,-120.21334,"EL DORADO",UNINCORPORATED,-120.2133599,38.785364680000001
90386892,2017,2017-02-06,9245,2017-01-29,1053,018477,,7,1,9,0900,0,3,5,,2,001,"CLARKSVILLE CROSSING","SILVA VALLEY PARKWAY",0.00,,N,A,-,N,,,,,,,,,,N,2,0,1,1,A,-,03,22350,,N,F,A,A,A,H,-,A,D,0,,,Y,,Y,,C,02,1,0,0,0,0,0,0,0,1,"- ","- ",38.661900000000003,-121.05885000000001,"EL DORADO",UNINCORPORATED,-121.05877999000001,38.662139940000003