CASE_ID,ACCIDENT_YEAR,PROC_DATE,JURIS,COLLISION_DATE,COLLISION_TIME,OFFICER_ID,REPORTING_DISTRICT,DAY_OF_WEEK,CHP_SHIFT,POPULATION,CNTY_CITY_LOC,SPECIAL_COND,BEAT_TYPE,CHP_BEAT_TYPE,CITY_DIVISION_LAPD,CHP_BEAT_CLASS,BEAT_NUMBER,PRIMARY_RD,SECONDARY_RD,DISTANCE,DIRECTION,INTERSECTION,WEATHER_1,WEATHER_2,STATE_HWY_IND,CALTRANS_COUNTY,CALTRANS_DISTRICT,STATE_ROUTE,ROUTE_SUFFIX,POSTMILE_PREFIX,POSTMILE,LOCATION_TYPE,RAMP_INTERSECTION,SIDE_OF_HWY,TOW_AWAY,COLLISION_SEVERITY,NUMBER_KILLED,NUMBER_INJURED,PARTY_COUNT,PRIMARY_COLL_FACTOR,PCF_CODE_OF_VIOL,PCF_VIOL_CATEGORY,PCF_VIOLATION,PCF_VIOL_SUBSECTION,HIT_AND_RUN,TYPE_OF_COLLISION,MVIW,PED_ACTION,ROAD_SURFACE,ROAD_COND_1,ROAD_COND_2,LIGHTING,CONTROL_DEVICE,CHP_ROAD_TYPE,PEDESTRIAN_ACCIDENT,BICYCLE_ACCIDENT,MOTORCYCLE_ACCIDENT,TRUCK_ACCIDENT,NOT_PRIVATE_PROPERTY,ALCOHOL_INVOLVED,STWD_VEHTYPE_AT_FAULT,CHP_VEHTYPE_AT_FAULT,COUNT_SEVERE_INJ,COUNT_VISIBLE_INJ,COUNT_COMPLAINT_PAIN,COUNT_PED_KILLED,COUNT_PED_INJURED,COUNT_BICYCLIST_KILLED,COUNT_BICYCLIST_INJURED,COUNT_MC_KILLED,COUNT_MC_INJURED,PRIMARY_RAMP,SECONDARY_RAMP,LATITUDE,LONGITUDE,COUNTY,CITY,POINT_X,POINT_Y
90393066,2017,2017-02-14,9245,2017-02-06,0130,012833,,1,3,9,0900,0,1,3,,1,122,"SR-193 W/B","FLORALLAN RD",325.00,E,N,B,C,Y,,,,,,,,,,Y,2,0,2,1,A,-,05,21650,,N,E,I,A,B,H,-,D,D,0,,,,,Y,Y,A,07,1,1,0,0,0,0,0,0,0,"- ","- ",38.744300000000003,-120.83059,"EL DORADO",UNINCORPORATED,-120.83001173,38.886468649999998
90396900,2017,2017-02-21,9245,2017-01-05,0052,018466,,4,3,9,0900,0,2,4,,1,024,"CARSON ROAD","ROBINDALE DR",405.00,W,N,C,-,N,,,,,,,,,,Y,1,2,0,1,A,-,03,22350,,N,E,I,A,B,H,-,D,D,0,,,,,Y,,A,01,0,0,0,0,0,0,0,0,0,"- ","- ",38.737400000000001,-120.71011,"EL DORADO",UNINCORPORATED,-120.70999092,38.737412169999999
90404552,2016,2017-03-02,9245,2016-12-28,0001,016328,,3,3,9,0900,0,1,2,,1,160,"U.S. 50 W/B","RIVERTON CT",264.00,W,N,A,-,Y,,,,,,,,,,Y,1,1,3,1,A,-,03,22350,,N,E,J,A,A,G,-,D,D,0,,,,,Y,,A,07,1,1,1,0,0,0,0,0,0,"- ","- ",38.775179999999999,-120.41937,"EL DORADO",UNINCORPORATED,-120.4055635,38.776236259999997
90409967,2016,2017-03-10,9245,2016-08-27,2345,018624,,6,3,9,0900,0,3,5,,2,002,SR-193,"MONT EATON MINE RD",1478.00,N,N,A,-,Y,,,193,,,,,,,Y,1,1,0,1,A,-,01,23152,A,N,E,I,A,A,H,-,D,D,0,,,,,Y,Y,A,01,0,0,0,0,0,0,0,0,0,"- ","- ",38.900280000000002,-120.85366,"EL DORADO",UNINCORPORATED,-120.85367533,38.90031338
90409981,2017,2017-03-10,9245,2017-02-10,0715,018213,,5,1,9,0900,0,1,2,,1,160,US-50,"ALDER CREEK RD",1600.00,W,N,C,-,Y,,,50,,,,,,,Y,1,1,0,1,A,-,08,22107,,N,E,I,A,B,H,-,B,D,0,,,,,Y,,A,01,0,0,0,0,0,0,0,0,0,"- ","- ",38.768900000000002,-120.3826,"EL DORADO",UNINCORPORATED,-120.38246033999999,38.769007700000003
90417684,2017,2017-03-22,9245,2017-03-15,1305,016451,,3,1,9,0900,0,3,5,,2,004,"GRIZZLY FLAT RD","BOO BEAR LN",25.00,W,N,A,-,N,,,,,,,,,,Y,2,0,1,1,A,-,05,21650,,N,E,I,A,A,H,-,A,D,0,,,,,Y,,D,22,1,0,0,0,0,0,0,0,0,"- ","- ",38.621560000000002,-120.61490999999999,"EL DORADO",UNINCORPORATED,-120.61502378,38.621526889999998
90424721,2017,2017-03-30,9245,2017-03-21,0146,018624,,2,3,9,0900,0,3,5,,2,002,"SPANISH DRY DIGGINS RD",SR-193,220.00,N,N,C,-,N,,,,,,,,,,Y,2,0,1,1,A,-,01,23152,F,N,E,I,A,B,H,-,D,D,0,,,,,Y,,A,01,1,0,0,0,0,0,0,0,0,"- ","- ",38.908369999999998,-120.85229,"EL DORADO",UNINCORPORATED,-120.85227754,38.908403229999998
90428973,2017,2017-04-06,9245,2017-04-03,2200,018624,,1,3,9,0900,0,1,3,,1,122,SR-193,SR-49,10560.00,E,N,A,-,Y,,,193,,,,,,,Y,2,0,1,1,A,-,01,23152,A,N,F,A,A,A,H,-,D,D,0,,,,,Y,Y,A,01,1,0,0,0,0,0,0,0,0,"- ","- ",38.898650000000004,-120.98248,"EL DORADO",UNINCORPORATED,-120.98247906,38.898692789999998
90440999,2017,2017-04-24,9245,2017-04-13,2130,018893,,4,2,9,0900,0,3,5,,2,003,"EL DORADO RD","DURADO CT",50.00,N,N,B,-,N,,,,,,,,,,Y,2,0,1,1,A,-,01,23152,A,N,F,A,A,A,H,-,D,D,0,,,,,Y,Y,A,07,1,0,0,0,0,0,0,0,0,"- ","- ",38.701410000000003,-120.85593,"EL DORADO",UNINCORPORATED,-120.85607744000001,38.699844890000001
90441602,2017,2017-04-25,9245,2017-04-21,1805,015421,,5,2,9,0900,0,2,4,,1,043,"SLY PARK ROAD","DOE VIEW PL",63.00,W,N,A,-,N,,,,,,,,,,Y,2,0,4,2,A,-,01,23152,A,N,A,C,A,A,H,-,A,D,0,,,,,Y,Y,D,22,2,0,2,0,0,0,0,0,0,"- ","- ",38.714889999999997,-120.5814,"EL DORADO",UNINCORPORATED,-120.58146206000001,38.714927779999996
90447731,2017,2017-05-02,9245,2017-02-27,1830,015421,,1,2,9,0900,0,3,5,,2,004,"STRING CANYON RD","WILD BEE RD",298.00,E,N,B,-,N,,,,,,,,,,Y,1,1,1,1,A,-,03,22350,,N,E,I,A,B,B,H,D,D,0,,,,,Y,,A,07,0,1,0,0,0,0,0,0,0,"- ","- ",38.384300000000003,-120.32129999999999,"EL DORADO",UNINCORPORATED,-120.53726614,38.645272169999998
90448604,2017,2017-05-03,9245,2017-04-29,0525,012382,,6,3,9,0900,0,2,4,,1,041,"CEDAR RAVINE RD","TALL TREE LN",55.00,S,N,A,-,N,,,,,,,,,,Y,2,0,1,1,C,-,18,,,N,E,I,A,A,C,-,D,A,0,,,,,Y,,-,"- ",1,0,0,0,0,0,0,0,0,"- ","- ",38.695529999999998,-120.76078,"EL DORADO",UNINCORPORATED,-120.76085630999999,38.695839380000002
90450068,2017,2017-05-05,9245,2017-04-25,1735,018466,,2,2,9,0900,0,1,3,,1,122,SR-193,"VAN CT",386.00,W,N,A,-,Y,,,193,,,,,,,Y,2,0,1,1,A,-,01,23152,A,N,F,A,A,A,H,-,A,D,0,,,,,Y,Y,A,01,1,0,0,0,0,0,0,0,0,"- ","- ",38.87903,-120.83183,"EL DORADO",UNINCORPORATED,-120.83183541,38.879032909999999
90457260,2017,2017-05-16,9245,2017-02-03,0703,017897,,5,1,9,0900,0,1,2,,2,120,"US-50 W/B","MISSOURI FLAT RD",2640.00,W,N,B,C,Y,,,50,,,,,,W,Y,1,1,0,1,A,-,08,22107,,N,E,I,A,B,H,-,A,D,0,,,,,Y,,A,01,0,0,0,0,0,0,0,0,0,"- ","- ",38.70805,-120.84762000000001,"EL DORADO",UNINCORPORATED,-120.84759744999999,38.707984230000001
90468717,2016,2017-06-01,9245,2016-12-28,1740,017364,,3,2,9,0900,0,1,3,,1,115,SR-49,"AARON COOL DR",0.00,,N,A,-,Y,,,49,,,,,,,Y,1,1,0,2,A,-,11,21954,A,N,G,B,E,A,H,-,D,D,0,Y,,,,Y,Y,N,60,0,0,0,1,0,0,0,0,0,"- ","- ",38.891190000000002,-121.01581,"EL DORADO",UNINCORPORATED,-121.01583225,38.891192349999997
90473148,2017,2017-06-07,9245,2017-05-27,1100,018466,,6,1,9,0900,0,1,3,,1,135,SR-49,"UNION MINE RD",2112.00,S,N,A,-,Y,,,49,,,,,,,Y,2,0,1,1,A,-,03,22350,,N,F,A,A,A,H,-,A,A,0,,,Y,,Y,,C,02,1,0,0,0,0,0,0,0,1,"- ","- ",38.671700000000001,-120.85299999999999,"EL DORADO",UNINCORPORATED,-120.85211988,38.671537370000003
90491411,2017,2017-06-30,9245,2017-06-17,0255,018624,,6,3,9,0900,0,3,5,,2,001,"CAMBRIDGE ROAD","MONTCLAIR RD",110.00,S,N,A,-,N,,,,,,,,,,Y,2,0,1,1,A,-,01,23152,F,N,E,J,A,A,H,-,D,D,0,,,,,Y,,A,01,1,0,0,0,0,0,0,0,0,"- ","- ",38.655839999999998,-121.00375,"EL DORADO",UNINCORPORATED,-120.98953326,38.669385740000003
90500189,2017,2017-07-13,9245,2017-06-30,1927,018663,,5,2,9,0900,0,1,2,,2,140,"US-50 E/B","PARKWAY DR",1584.00,W,N,A,-,Y,,,50,,,,,,E,Y,2,0,1,1,A,-,08,22107,,N,F,A,A,A,A,-,A,D,0,,,Y,,Y,,C,02,1,0,0,0,0,0,0,0,1,"- ","- ",38.731670000000001,-120.7467,"EL DORADO",UNINCORPORATED,-120.74668045,38.731640839999997
90510246,2017,2017-07-27,9245,2017-07-17,1214,017040,,1,1,9,0900,0,1,3,,1,115,SR-49,"AARON COOL DR.",0.00,,Y,A,-,Y,,,49,,,,,,,Y,2,0,2,2,A,-,09,21801,A,N,A,C,A,A,H,-,A,D,0,,,,,Y,,A,01,1,1,0,0,0,0,0,0,0,"- ","- ",38.891530000000003,-121.01549,"EL DORADO",UNINCORPORATED,-121.01579855,38.891551040000003
90513959,2017,2017-08-01,9246,2017-07-20,1150,016041,,4,1,9,0900,0,1,3,,1,031,SR-89,"UPPER EMERALD BAY RD.",2640.00,S,N,A,-,Y,,,89,,,,,,,N,2,0,1,1,A,-,08,22107,,N,F,A,A,A,D,-,A,A,0,,Y,,,Y,,L,04,1,0,0,0,0,0,1,0,0,"- ","- ",38.956960000000002,-120.10857,"EL DORADO",UNINCORPORATED,-120.10852722999999,38.956911120000001
90516263,2017,2017-10-11,9245,2017-07-20,1950,018893,,4,2,9,0900,0,3,5,,2,001,"LOTUS RD","COLOMA RD",528.00,S,N,A,-,N,,,,,,,,,,Y,2,0,2,2,A,-,05,21460,A,N,A,C,A,A,H,-,A,D,0,,,,,Y,,A,01,1,1,0,0,0,0,0,0,0,"- ","- ",38.808689999999999,-120.8998,"EL DORADO",UNINCORPORATED,-120.89997858,38.807307469999998
90519655,2017,2017-08-09,9245,2017-08-02,2045,012833,,3,2,9,0900,0,1,2,,2,110,"US-50 E/B","CAMBRIDGE RD",3565.00,W,N,A,-,Y,,,50,,,,,,E,Y,2,0,1,1,A,-,03,22350,,N,E,I,A,A,H,-,D,D,0,,,,,Y,,D,22,1,0,0,0,0,0,0,0,0,"- ","- ",38.655230000000003,-121.01308,"EL DORADO",UNINCORPORATED,-121.01307660000001,38.655182869999997
90520161,2017,2017-11-06,9246,2017-07-29,1230,016041,,6,1,9,0900,0,1,2,,1,021,US-50,"SIERRA AT TAHOE RD",300.00,E,N,A,-,Y,,,50,,,,,,,Y,2,0,3,3,A,-,08,22107,,N,B,C,A,A,H,-,A,D,0,,,,,Y,,A,08,2,0,1,0,0,0,0,0,0,"- ","- ",38.819659999999999,-120.07516,"EL DORADO",UNINCORPORATED,-120.07522242,38.819747069999998
90523048,2017,2017-08-14,9246,2017-07-29,1238,015910,,6,1,9,0900,0,3,5,,2,200,"SAWMILL RD","LAKE TAHOE BLVD",1056.00,S,N,A,-,N,,,,,,,,,,Y,2,0,1,1,A,-,03,22350,,F,F,A,A,A,H,-,A,D,0,,,Y,,Y,,C,02,1,0,0,0,0,0,0,0,1,"- ","- ",38.886879999999998,-120.02625,"EL DORADO",UNINCORPORATED,-120.02683297,38.885927799999997
90547953,2017,2017-09-14,9245,2017-09-03,1920,017708,,7,2,9,0900,0,3,5,,2,001,"HENSLEY CIRCLE","SUFFOLK COURT",200.00,E,N,A,-,N,,,,,,,,,,N,2,0,1,1,A,-,03,22350,,N,F,A,A,A,H,-,A,D,0,,,Y,,Y,Y,C,06,1,0,0,0,0,0,0,0,1,"- ","- ",38.692169999999997,-121.08776,"EL DORADO",UNINCORPORATED,-121.08779771,38.692156249999996
90552501,2017,2017-09-20,9245,2017-09-05,1612,012833,,2,2,9,0900,0,2,4,,2,011,"GREEN VALLEY RD","WILDWOOD LANE",80.00,W,N,A,-,N,,,,,,,,,,Y,2,0,2,2,A,-,01,23152,F,N,A,C,A,A,H,-,A,D,0,,,,,Y,,A,01,2,0,0,0,0,0,0,0,0,"- ","- ",38.712249999999997,-120.89637,"EL DORADO",UNINCORPORATED,-120.89651252,38.712171560000002
90554239,2017,2017-09-22,9246,2017-09-17,0125,018085,,7,3,9,0900,0,2,4,,1,024,"PIONEER TR",US-50,581.00,E,N,A,-,N,,,,,,,,,,Y,2,0,3,1,A,-,01,23152,A,N,E,I,A,A,H,-,D,D,0,,,,,Y,Y,A,01,2,1,0,0,0,0,0,0,0,"- ","- ",38.859789999999997,-120.01021,"EL DORADO",UNINCORPORATED,-120.01016349,38.859825139999998
90565823,2017,2017-10-09,9245,2017-09-25,1835,017708,,1,2,9,0900,0,3,5,,2,001,"LAKEHILLS DRIVE","CROMWELL COURT",511.00,N,N,A,-,N,,,,,,,,,,Y,1,1,0,1,A,-,01,23152,F,N,E,I,A,A,H,-,A,D,0,,,,,Y,,D,22,0,0,0,0,0,0,0,0,0,"- ","- ",38.726460000000003,-121.07834,"EL DORADO",UNINCORPORATED,-121.0784022,38.726523229999998
90571468,2017,2017-10-16,9245,2017-10-11,1400,016451,,3,2,9,0900,0,2,4,,1,014,"COLD SPRINGS RD","MOUNT SHASTA LN",500.00,E,N,A,-,N,,,,,,,,,,N,2,0,1,1,C,-,18,,,N,F,I,A,A,H,-,A,D,0,,Y,,,Y,,-,"- ",1,0,0,0,0,0,1,0,0,"- ","- ",38.751339999999999,-120.87169,"EL DORADO",UNINCORPORATED,-120.87146627,38.751718009999998
90572003,2017,2017-10-18,9245,2017-09-24,1855,017708,,7,2,9,0900,0,2,4,,2,012,"SALMON FALLS RD","GALLAGHER RD",2112.00,S,N,A,-,N,,,,,,,,,,Y,2,0,1,1,A,-,03,22350,,N,F,A,A,A,H,-,B,D,0,,,Y,,Y,,C,02,1,0,0,0,0,0,0,0,1,"- ","- ",38.783529999999999,-121.03214,"EL DORADO",UNINCORPORATED,-121.0327482,38.783064320000001
90572221,2017,2017-10-18,9245,2017-05-12,0423,018663,,5,3,9,0900,0,1,2,,2,110,"US-50 W/B","CAMBRIDGE RD",2376.00,W,N,A,-,Y,,,50,,,,,,W,Y,1,1,0,2,A,-,03,22350,,N,C,C,A,A,H,-,C,D,0,,,,,Y,,D,22,0,0,0,0,0,0,0,0,0,"- ","- ",38.655909999999999,-121.0072,"EL DORADO",UNINCORPORATED,-121.00719298999999,38.655844690000002
90572671,2017,2017-10-18,9246,2017-10-07,1900,019102,,6,2,9,0900,0,3,5,,2,200,SR-50,"SIERRA AT TAHOE RD",416.00,E,N,A,-,Y,,,50,,,,,,,Y,2,0,2,1,A,-,08,22107,,N,E,I,A,A,H,-,D,D,0,,,,,Y,,A,07,1,1,0,0,0,0,0,0,0,"- ","- ",38.819879999999998,-120.07516,"EL DORADO",UNINCORPORATED,-120.07511789,38.819822090000002
90576225,2017,2017-10-23,9246,2017-10-20,0755,013807,,5,1,9,0900,0,1,2,,1,021,US-50,"ECHO SUMMIT CAL TRANS",239.00,E,N,A,-,Y,,,50,,,,,,,Y,2,0,1,1,A,-,08,22107,,N,E,I,A,C,H,-,A,D,0,,,,Y,Y,,F,26,1,0,0,0,0,0,0,0,0,"- ","- ",38.81288,-120.03063,"EL DORADO",UNINCORPORATED,-120.03063146,38.812971560000001
90597189,2017,2017-11-17,9245,2017-11-07,1819,017737,,2,2,9,0900,0,3,5,,2,004,"GRIZZLY FLAT ROAD","MAHANEY RANCH ROAD",300.00,E,N,A,-,N,,,,,,,,,,Y,2,0,2,1,A,-,01,23152,A,N,E,I,A,A,H,-,D,D,0,,,,,Y,Y,A,07,2,0,0,0,0,0,0,0,0,"- ","- ",38.633890000000001,-120.63066000000001,"EL DORADO",UNINCORPORATED,-120.63041389,38.633814360000002
90603159,2017,2017-11-27,9245,2017-11-12,1135,016451,,7,1,9,0900,0,3,5,,2,004,"MOUNT AUKUM RD","FAIRPLAY RD",250.00,W,N,A,-,N,,,,,,,,,,Y,2,0,1,1,A,-,03,22350,,N,E,I,A,A,H,-,A,D,0,,,Y,,Y,,C,02,1,0,0,0,0,0,0,0,1,"- ","- ",38.609380000000002,-120.70386999999999,"EL DORADO",UNINCORPORATED,-120.70385650999999,38.609446239999997
90611767,2017,2017-12-06,9245,2017-11-25,1905,018466,,6,2,9,0900,0,3,5,,2,001,"WILD CHAPARRAL DR","MANY OAKS LN",101.00,W,N,A,-,Y,,,,,,,,,,Y,2,0,3,9,A,-,01,23152,A,N,E,I,A,A,H,-,D,D,0,,,,,Y,Y,D,22,1,0,2,0,0,0,0,0,0,"- ","- ",38.660899999999998,-120.94819,"EL DORADO",UNINCORPORATED,-120.94812097000001,38.660876279999997
90613586,2017,2017-12-11,9245,2017-12-07,1645,015421,,4,2,9,0900,0,3,5,,2,003,"SUNSET LANE","SOUTH SHINGLE ROAD",35.00,E,N,A,-,N,,,,,,,,,,Y,2,0,1,1,A,-,08,22107,,N,E,I,A,A,H,-,A,D,0,,,,,Y,,A,07,1,0,0,0,0,0,0,0,0,"- ","- ",38.65887,-120.93581,"EL DORADO",UNINCORPORATED,-120.93583973,38.658918499999999
90614753,2017,2017-12-11,9245,2017-12-08,1845,017897,,5,2,9,0900,0,3,5,,2,004,"COON HOLLOW RD","BIG CUT RD",528.00,W,N,A,-,N,,,,,,,,,,N,2,0,2,1,A,-,03,22350,,N,E,I,A,A,H,-,D,D,0,,,,,Y,,A,07,2,0,0,0,0,0,0,0,0,"- ","- ",38.706029999999998,-120.79806000000001,"EL DORADO",UNINCORPORATED,-120.79762543,38.706072519999999
90616368,2017,2017-12-13,9245,2017-10-07,1723,017364,,6,2,9,0900,0,3,5,,2,001,"GREEN VALLEY RD","MALCOLM DIXON RD",1584.00,W,N,A,-,N,,,,,,,,,,Y,1,1,0,1,A,-,05,21650,,N,F,I,A,A,H,-,A,D,0,,,,,Y,,A,01,0,0,0,0,0,0,0,0,0,"- ","- ",38.712609999999998,-121.05341,"EL DORADO",UNINCORPORATED,-121.0509948,38.713518639999997
90632033,2017,2018-01-03,9245,2017-12-02,2244,013405,,6,3,9,0900,0,1,2,,2,140,"US-50 W/B","RIDGEWAY DR",2112.00,W,N,B,-,Y,,,50,,,,,,W,Y,2,0,1,1,A,-,01,23152,A,N,E,I,A,A,H,-,D,D,0,,,,,Y,Y,D,22,1,0,0,0,0,0,0,0,0,"- ","- ",38.744990000000001,-120.62694,"EL DORADO",UNINCORPORATED,-120.62693904,38.744976319999999
90638381,2018,2018-01-11,9245,2018-01-04,0827,016451,,4,1,9,0900,0,3,5,,2,003,"CHINA GARDEN RD","STAGE CT",0.00,,Y,A,-,N,,,,,,,,,,Y,2,0,2,2,A,-,08,22107,,F,B,C,A,A,H,-,A,D,0,,,,,Y,,A,07,1,1,0,0,0,0,0,0,0,"- ","- ",38.699081420898438,-120.81954956054688,"EL DORADO",UNINCORPORATED,-120.81947326660156,38.699028015136719
90644739,2017,2018-01-22,9246,2017-09-29,1410,019398,,5,2,9,0900,0,1,2,,1,020,US-50,"SLIPPERY FORD RD",87.00,W,N,A,-,Y,,,50,,,,,,,Y,1,1,1,1,A,-,08,22107,,N,E,I,A,A,H,-,A,D,0,,,Y,,Y,,C,02,1,0,0,0,0,0,0,1,1,"- ","- ",38.805660000000003,-120.12318,"EL DORADO",UNINCORPORATED,-120.12313258,38.805723370000003
90653338,2018,2018-02-01,9245,2018-01-27,1722,018601,,6,2,9,0900,0,1,2,,2,120,"US-50 W/B","SHINGLE SPRINGS DR.",2112.00,W,N,A,-,Y,,,50,,,,,,W,Y,2,0,1,1,A,-,03,22350,,N,F,A,A,A,H,-,B,D,0,,,Y,,Y,,C,02,1,0,0,0,0,0,0,0,1,"- ","- ",38.674770355224609,-120.92070770263672,"EL DORADO",UNINCORPORATED,-120.92075347900391,38.674816131591797
90664829,2018,2018-02-20,9245,2018-02-15,2210,018663,,4,3,9,0900,0,2,4,,1,023,"MOSQUITO RD","RANDOLPH CANYON RD",193.00,N,N,A,-,N,,,,,,,,,,Y,2,0,1,1,A,-,01,23152,A,N,E,I,A,A,H,-,D,D,0,,,,,Y,Y,A,07,1,0,0,0,0,0,0,0,0,"- ","- ",38.743141174316406,-120.78164672851562,"EL DORADO",UNINCORPORATED,-120.7818603515625,38.743343353271484
90681056,2018,2018-03-13,9245,2018-02-07,0300,016371,,3,3,9,0900,0,2,S,,2,005,"PONY EXPRESS TRL","ELKHORN MILL RD",11.00,E,N,A,-,N,,,,,,,,,,Y,1,2,0,1,A,-,08,22107,,N,E,I,A,A,H,-,D,D,0,,,,,Y,,A,01,0,0,0,0,0,0,0,0,0,"- ","- ",38.755180358886719,-120.60053253173828,"EL DORADO",UNINCORPORATED,-120.60085296630859,38.755104064941406
90691015,2018,2018-03-27,9245,2018-03-17,2210,018782,,6,3,9,0900,0,1,2,,2,140,US-50,"EIGHT MILE RD",190.00,E,N,B,-,Y,,,,,,,,,,Y,2,0,1,1,C,-,18,,,N,E,I,A,C,H,-,D,D,0,,,,,Y,,-,"- ",1,0,0,0,0,0,0,0,0,"- ","- ",38.735221862792969,-120.63825225830078,"EL DORADO",UNINCORPORATED,,
90696631,2018,2018-04-09,9245,2018-03-27,1130,013929,,2,1,9,0900,0,3,5,,2,002,"PROSPECTORS ROAD","MARSHALL ROAD",7075.00,N,N,A,-,N,,,,,,,,,,Y,2,0,3,1,A,-,08,22107,,F,E,I,A,A,H,-,A,D,0,,,,,Y,,A,01,1,1,1,0,0,0,0,0,0,"- ","- ",38.82965087890625,-120.89524078369141,"EL DORADO",UNINCORPORATED,-120.895263671875,38.829936981201172
90701827,2018,2018-04-09,9245,2018-03-31,1825,017708,,6,2,9,0900,0,2,4,,2,011,"GREEN VALLEY ROAD","ULENKAMP ROAD",99.00,E,N,A,-,N,,,,,,,,,,Y,1,1,0,1,A,-,08,22107,,N,E,I,A,A,H,-,A,D,0,,,,,Y,,A,01,0,0,0,0,0,0,0,0,0,"- ","- ",38.707000732421875,-120.97039031982422,"EL DORADO",UNINCORPORATED,-120.97049713134766,38.70703125
90703201,2018,2018-04-11,9245,2018-04-02,1825,017708,,1,2,9,0900,0,3,5,,2,004,"CAMINO HEIGHTS DR","CAMINO CT",375.00,N,N,A,-,N,,,,,,,,,,N,2,0,1,1,A,-,03,22350,,N,H,G,A,A,H,-,A,D,0,,Y,,,Y,,L,04,1,0,0,0,0,0,1,0,0,"- ","- ",38.732620239257812,-120.71327972412109,"EL DORADO",UNINCORPORATED,-120.71561431884766,38.73358154296875
90710718,2018,2018-04-23,9245,2018-04-08,1735,017708,,7,2,9,0900,0,2,4,,1,037,"PLEASANT VALLEY ROAD","EL DORADO ST",281.00,E,N,A,-,Y,,,,,,,,,,Y,2,0,2,1,A,-,01,23152,A,N,F,A,A,A,H,-,A,D,0,,,Y,,Y,Y,C,02,2,0,0,0,0,0,0,0,2,"- ","- ",38.68157958984375,-120.84201049804688,"EL DORADO",UNINCORPORATED,-120.85375213623047,38.682514190673828
90715680,2018,2018-05-22,9245,2018-03-14,0745,017728,,3,1,9,0900,0,2,4,,1,041,"PLEASANT VALLEY RD","MARSH LANE",0.00,,N,C,-,N,,,,,,,,,,Y,1,1,0,2,A,-,03,22350,,N,D,C,A,B,H,-,A,D,0,,,,,Y,,A,01,0,0,0,0,0,0,0,0,0,"- ","- ",38.694450378417969,-120.800537109375,"EL DORADO",UNINCORPORATED,-120.79872131347656,38.693660736083984
90716198,2018,2018-06-25,9245,2018-04-06,1717,018756,,5,2,9,0900,0,1,2,,2,110,"US-50 E/B","SILVA VALLEY ROAD",2640.00,E,N,B,C,Y,,,50,,,,,,E,Y,1,1,0,1,A,-,03,22350,,N,E,I,A,B,H,-,A,D,0,,,,,Y,,A,01,0,0,0,0,0,0,0,0,0,"- ","- ",38.656951904296875,-121.04486846923828,"EL DORADO",UNINCORPORATED,-121.04494476318359,38.656841278076172
90718691,2018,2018-05-02,9246,2018-04-25,1435,017372,,3,2,9,0900,0,1,3,,1,030,"SR-89 (EMERALD BAY RD)","CASCADE RD",3168.00,N,N,A,-,Y,,,89,,,,,,,Y,2,0,1,1,A,-,08,22107,,N,F,A,A,A,H,-,A,D,0,,,Y,,Y,,C,02,1,0,0,0,0,0,0,0,1,"- ","- ",38.949459075927734,-120.07893371582031,"EL DORADO",UNINCORPORATED,-120.07892608642578,38.949424743652344
90720351,2018,2018-05-04,9245,2018-04-27,2055,018466,,5,2,9,0900,0,1,2,,2,120,"US-50 E/B","SHINGLE SPRINGS DRIVE",250.00,E,N,A,-,Y,,,50,,,,,,E,Y,2,0,1,1,A,-,01,23152,F,N,F,A,A,A,H,-,D,D,0,,,,,Y,,A,07,1,0,0,0,0,0,0,0,0,"- ","- ",38.681159973144531,-120.91378784179688,"EL DORADO",UNINCORPORATED,-120.91384124755859,38.681209564208984
90730218,2018,2018-05-21,9245,2018-05-10,2249,013405,,4,3,9,0900,0,2,4,,1,041,"PLEASANT VALLEY ROAD","KEARNS RD",217.00,E,N,A,-,N,,,,,,,,,,Y,2,0,1,2,A,-,03,22350,,N,D,C,A,A,H,-,D,D,0,,,Y,,Y,,C,02,1,0,0,0,0,0,0,0,1,"- ","- ",38.685798645019531,-120.77845764160156,"EL DORADO",UNINCORPORATED,-120.77870178222656,38.685916900634766
90733470,2018,2018-05-24,9245,2018-05-22,1540,016451,,2,2,9,0900,0,2,4,,2,012,"SALMON FALLS RD","GLENESK LN",250.00,S,N,A,-,N,,,,,,,,,,Y,2,0,1,1,A,-,03,22350,,N,E,I,A,A,H,-,A,D,0,,,Y,,Y,,C,02,1,0,0,0,0,0,0,0,1,"- ","- ",38.790168762207031,-121.02011871337891,"EL DORADO",UNINCORPORATED,-121.01975250244141,38.790561676025391
90740775,2018,2018-06-04,9245,2018-05-31,1110,013929,,4,1,9,0900,0,2,4,,1,043,"SLY PARK ROAD","MAYFLOWER ROAD",500.00,N,N,A,-,N,,,,,,,,,,Y,2,0,2,2,A,-,05,21460,A,N,A,C,A,A,H,-,A,D,0,,,,,Y,,A,07,1,1,0,0,0,0,0,0,0,"- ","- ",38.757511138916016,-120.56092834472656,"EL DORADO",UNINCORPORATED,-120.55950927734375,38.75714111328125