CASE_ID,ACCIDENT_YEAR,PROC_DATE,JURIS,COLLISION_DATE,COLLISION_TIME,OFFICER_ID,REPORTING_DISTRICT,DAY_OF_WEEK,CHP_SHIFT,POPULATION,CNTY_CITY_LOC,SPECIAL_COND,BEAT_TYPE,CHP_BEAT_TYPE,CITY_DIVISION_LAPD,CHP_BEAT_CLASS,BEAT_NUMBER,PRIMARY_RD,SECONDARY_RD,DISTANCE,DIRECTION,INTERSECTION,WEATHER_1,WEATHER_2,STATE_HWY_IND,CALTRANS_COUNTY,CALTRANS_DISTRICT,STATE_ROUTE,ROUTE_SUFFIX,POSTMILE_PREFIX,POSTMILE,LOCATION_TYPE,RAMP_INTERSECTION,SIDE_OF_HWY,TOW_AWAY,COLLISION_SEVERITY,NUMBER_KILLED,NUMBER_INJURED,PARTY_COUNT,PRIMARY_COLL_FACTOR,PCF_CODE_OF_VIOL,PCF_VIOL_CATEGORY,PCF_VIOLATION,PCF_VIOL_SUBSECTION,HIT_AND_RUN,TYPE_OF_COLLISION,MVIW,PED_ACTION,ROAD_SURFACE,ROAD_COND_1,ROAD_COND_2,LIGHTING,CONTROL_DEVICE,CHP_ROAD_TYPE,PEDESTRIAN_ACCIDENT,BICYCLE_ACCIDENT,MOTORCYCLE_ACCIDENT,TRUCK_ACCIDENT,NOT_PRIVATE_PROPERTY,ALCOHOL_INVOLVED,STWD_VEHTYPE_AT_FAULT,CHP_VEHTYPE_AT_FAULT,COUNT_SEVERE_INJ,COUNT_VISIBLE_INJ,COUNT_COMPLAINT_PAIN,COUNT_PED_KILLED,COUNT_PED_INJURED,COUNT_BICYCLIST_KILLED,COUNT_BICYCLIST_INJURED,COUNT_MC_KILLED,COUNT_MC_INJURED,PRIMARY_RAMP,SECONDARY_RAMP,LATITUDE,LONGITUDE,COUNTY,CITY,POINT_X,POINT_Y
90753361,2018,2018-06-21,9245,2018-06-17,1755,018466,,7,2,9,0900,0,1,2,,1,170,US-50,"WRIGHTS LAKE ROAD",8448.00,W,N,A,-,Y,,,50,,,,,,,Y,2,0,1,1,A,-,08,22107,,N,F,A,A,A,H,-,A,D,0,,,Y,,Y,,C,02,1,0,0,0,0,0,0,0,1,"- ","- ",38.781219482421875,-120.24117279052734,"EL DORADO",UNINCORPORATED,-120.24120330810547,38.781299591064453
90763120,2018,2018-07-05,9246,2018-07-02,1250,014471,,1,1,9,0900,0,1,2,,1,020,"US-50 (LINCOLN HWY)","TWIN BRIDGES RD",540.00,E,N,A,-,Y,,,,,,,,,,Y,2,0,3,2,A,-,17,21662,,N,A,C,A,A,H,-,A,D,0,,,,,Y,,A,07,2,1,0,0,0,0,0,0,0,"- ","- ",38.483860015869141,-120.07121276855469,"EL DORADO",UNINCORPORATED,-120.12128448486328,38.805068969726562
90763718,2018,2018-07-05,9245,2018-05-29,1600,017708,,2,2,9,0900,0,2,4,,1,025,"PONY EXPRESS TRAIL","MELODY LANE",792.00,W,N,A,-,N,,,,,,,,,,Y,1,1,0,1,A,-,05,21650,,N,E,I,A,A,H,-,A,D,0,,,,,Y,,A,07,0,0,0,0,0,0,0,0,0,"- ","- ",38.744651794433594,-120.65104675292969,"EL DORADO",UNINCORPORATED,-120.65043640136719,38.744461059570312
90766646,2018,2018-07-10,9245,2018-06-27,1805,015609,,3,2,9,0900,0,2,4,,1,013,"LOTUS RD","HEAVEN'S GATE",116.00,S,N,A,-,N,,,,,,,,,,Y,2,0,1,2,A,-,01,23152,A,F,A,C,A,A,H,-,A,A,0,,,,,Y,Y,D,22,1,0,0,0,0,0,0,0,0,"- ","- ",38.793861389160156,-120.91310882568359,"EL DORADO",UNINCORPORATED,-120.91331481933594,38.793605804443359
90767884,2018,2018-07-12,9245,2018-07-08,1313,017856,,7,1,9,0900,0,2,4,,1,043,"SLY PARK RD","GOLD RIDGE TRL",0.00,,Y,A,-,N,,,,,,,,,,Y,2,0,3,2,A,-,09,21801,A,N,D,C,A,A,H,-,A,A,0,,,,,Y,,A,01,1,0,2,0,0,0,0,0,0,"- ","- ",38.746841430664062,-120.56371307373047,"EL DORADO",UNINCORPORATED,-120.57505035400391,38.75701904296875
90770834,2018,2018-07-17,9245,2018-07-13,1917,017897,,5,2,9,0900,0,2,4,,1,015,"CAMERON PARK DR","TORONTO RD",210.00,S,N,A,-,N,,,,,,,,,,N,2,0,1,1,A,-,01,23152,A,N,F,A,A,A,H,-,A,D,0,,,Y,,Y,Y,C,02,1,0,0,0,0,0,0,0,1,"- ","- ",38.665580749511719,-120.97651672363281,"EL DORADO",UNINCORPORATED,-120.97667694091797,38.665828704833984
90771529,2018,2018-07-18,9245,2018-07-07,2110,017364,,6,2,9,0900,0,3,5,,2,001,"BASS LAKE RD","MADERA WAY",450.00,N,N,A,-,N,,,,,,,,,,Y,2,0,1,1,A,-,03,22350,,N,E,I,A,A,H,-,D,D,0,,,,,Y,,D,22,1,0,0,0,0,0,0,0,0,"- ","- ",38.68170166015625,-121.01664733886719,"EL DORADO",UNINCORPORATED,-121.01676940917969,38.681541442871094
90773020,2018,2018-07-19,9245,2018-06-15,1100,015728,,5,1,9,0900,0,2,4,,2,031,"LATROBE RD","SOUTH SHINGLE ROAD",5280.00,W,N,A,-,N,,,,,,,,,,Y,1,1,1,1,A,-,08,22107,,N,F,A,A,A,H,-,A,D,0,,,,,Y,,A,07,0,1,0,0,0,0,0,0,0,"- ","- ",38.564029693603516,-120.98786926269531,"EL DORADO",UNINCORPORATED,-120.99298095703125,38.569583892822266
90774920,2018,2018-07-23,9246,2018-07-17,0945,014478,,2,1,9,0900,0,3,5,,2,300,"MCKINNEY RD","BELLEVUE AVE",58.00,W,N,A,-,N,,,,,,,,,,N,2,0,1,2,A,-,00,21712,H,N,H,A,A,A,H,-,A,D,0,,,,,Y,,A,07,1,0,0,0,0,0,0,0,0,"- ","- ",39.064731597900391,-120.14305114746094,"EL DORADO",UNINCORPORATED,-120.14301300048828,39.064727783203125
90775304,2018,2018-07-24,9245,2018-07-13,2158,018394,,5,2,9,0900,0,2,S,,2,005,"CARSON RD","BLOSSOM HILL RD",107.00,E,N,A,-,N,,,,,,,,,,Y,2,0,1,1,A,-,01,23152,A,N,E,I,A,A,H,-,D,D,0,,,,,Y,Y,D,22,1,0,0,0,0,0,0,0,0,"- ","- ",38.737270355224609,-120.70984649658203,"EL DORADO",UNINCORPORATED,-120.70983123779297,38.737361907958984
90779248,2018,2018-10-16,9245,2018-07-03,1510,018601,,2,2,9,0900,0,2,4,,2,011,"GREEN VALLEY RD.","INDIAN CREEK RD.",236.00,W,N,A,-,N,,,,,,,,,,Y,1,2,1,2,A,-,05,21460,A,N,A,C,A,A,H,-,A,D,0,,,,,Y,Y,A,01,0,1,0,0,0,0,0,0,0,"- ","- ",38.718238830566406,-120.88372802734375,"EL DORADO",UNINCORPORATED,-120.88339996337891,38.718395233154297
90783842,2018,2018-08-03,9245,2018-07-29,1320,016328,,7,1,9,0900,0,3,5,,2,004,"WENTWORTH SPRINGS RD","ROB'S CABIN TRAIL",30.00,E,N,A,-,N,,,,,,,,,,Y,2,0,1,2,A,-,08,22107,,N,F,A,A,A,H,-,A,D,0,,,Y,,Y,,C,02,1,0,0,0,0,0,0,0,1,"- ","- ",38.948471069335938,-120.46642303466797,"EL DORADO",UNINCORPORATED,-120.45799255371094,38.950267791748047
90785832,2018,2018-08-07,9245,2018-08-02,1610,018624,,4,2,9,0900,0,1,2,,2,140,"US-50 W/B","LIGHT POLE #C82",10.00,E,N,A,-,Y,,,,,,,,,,Y,2,0,3,1,A,-,01,23152,A,N,F,J,A,A,H,-,A,D,0,,,,,Y,Y,A,07,2,0,1,0,0,0,0,0,0,"- ","- ",38.734260559082031,-120.77477264404297,"EL DORADO",UNINCORPORATED,,
90787563,2018,2018-10-19,9245,2018-07-15,1643,018601,,7,2,9,0900,0,2,4,,1,037,"PLEASANT VALLEY RD","ZANDONELLA RD",528.00,E,N,A,-,N,,,,,,,,,,Y,1,1,0,2,A,-,01,23152,A,N,A,C,A,A,H,-,A,D,0,,,Y,,Y,Y,C,02,0,0,0,0,0,0,0,1,0,"- ","- ",38.685230255126953,-120.77725982666016,"EL DORADO",UNINCORPORATED,-120.78663635253906,38.689701080322266
90788632,2018,2018-08-10,9245,2018-08-04,1030,017728,,6,1,9,0900,0,2,S,,2,005,"WENTWORTH SPRINGS RD","ICE HOUSE RD",7920.00,W,N,A,-,N,,,,,,,,,,Y,2,0,1,1,A,-,08,22107,,N,E,I,A,A,H,-,A,D,0,,,Y,,Y,,C,02,1,0,0,0,0,0,0,0,1,"- ","- ",38.932109832763672,-120.48046875,"EL DORADO",UNINCORPORATED,-120.41707611083984,38.940830230712891
90789633,2018,2018-08-21,9245,2018-08-07,1240,016328,,2,1,9,0900,0,1,3,,1,122,SR-193,"BLACK OAK MINE RD",0.00,,Y,A,-,Y,,,193,,,,,,,Y,2,0,3,2,A,-,09,21801,A,N,D,C,A,A,H,-,A,A,0,,,,,Y,,A,07,3,0,0,0,0,0,0,0,0,"- ","- ",38.858150482177734,-120.83287048339844,"EL DORADO",UNINCORPORATED,-120.83287048339844,38.858150482177734
90793238,2018,2018-08-17,9245,2018-08-11,1455,018601,,6,2,9,0900,0,1,2,,2,120,"US-50 W/B","PLACERVILLE DR",1056.00,W,N,A,-,Y,,,50,,,,,,W,Y,2,0,1,1,A,-,01,23152,A,N,E,I,A,A,H,-,A,D,0,,,,,Y,Y,A,01,1,0,0,0,0,0,0,0,0,"- ","- ",38.719081878662109,-120.83560180664062,"EL DORADO",UNINCORPORATED,-120.83565521240234,38.719100952148438
90793241,2018,2018-08-17,9245,2018-08-11,1405,018624,,6,2,9,0900,0,1,3,,1,115,"SR-49 N/B","49 ED 36.66",528.00,N,N,A,-,Y,,,49,,,,,,N,Y,2,0,1,1,A,-,03,22350,,N,F,J,A,A,H,-,A,D,0,,,Y,,Y,Y,C,02,1,0,0,0,0,0,0,0,1,"- ","- ",38.910789489746094,-121.02265930175781,"EL DORADO",UNINCORPORATED,-121.02266693115234,38.910747528076172
90794145,2018,2018-08-20,9245,2018-08-13,2215,018656,,1,3,9,0900,0,2,4,,1,013,"LOTUS RD","SPRINGVALE RD",1000.00,N,N,A,-,N,,,,,,,,,,Y,2,0,1,1,A,-,01,23152,A,N,F,A,A,A,H,-,D,D,0,,,Y,,Y,Y,C,02,1,0,0,0,0,0,0,0,1,"- ","- ",38.752498626708984,-120.93305206298828,"EL DORADO",UNINCORPORATED,-120.93311309814453,38.751388549804688
90794338,2018,2018-08-20,9245,2018-07-09,1727,018756,,1,2,9,0900,0,2,4,,1,043,"SLY PARK ROAD","ONYX TRAIL",252.00,N,N,A,-,N,,,,,,,,,,Y,1,1,1,2,A,-,03,22350,,N,A,C,A,A,H,-,A,A,0,,,,,Y,,A,07,1,0,0,0,0,0,0,0,0,"- ","- ",38.751838684082031,-120.55721282958984,"EL DORADO",UNINCORPORATED,-120.55720520019531,38.751857757568359
90794744,2018,2018-08-21,9245,2018-08-14,0843,017897,,2,1,9,0900,0,1,3,,1,122,SR-193,"LONGVIEW LN",661.00,S,N,A,-,Y,,,193,,,,,,,Y,2,0,2,2,A,-,05,21460,A,N,A,C,A,A,H,-,A,D,0,,,,Y,Y,,D,22,1,0,1,0,0,0,0,0,0,"- ","- ",38.894298553466797,-120.87551879882812,"EL DORADO",UNINCORPORATED,-120.87551116943359,38.894332885742188
90816425,2018,2018-10-11,9245,2018-09-09,1945,013405,,7,2,9,0900,0,2,4,,2,012,"SALMON FALLS ROAD","VILLAGE CENTER DRIVE",0.00,,Y,A,-,N,,,,,,,,,,Y,2,0,1,2,A,-,09,21801,A,N,D,C,A,A,H,-,D,D,0,,,Y,,Y,,A,07,1,0,0,0,0,0,0,0,1,"- ","- ",38.711891174316406,-121.0784912109375,"EL DORADO",UNINCORPORATED,-121.07843780517578,38.711841583251953
90817070,2018,2018-10-29,9246,2018-09-15,1204,018006,,6,1,9,0900,0,1,3,,1,023,"SR-89 (LUTHER PASS RD)","CORNELIAN DR",0.00,,Y,A,-,Y,,,,,,,,,,Y,1,1,1,3,A,-,09,21802,A,N,D,C,A,A,H,-,A,D,0,,,Y,,Y,,A,01,0,0,1,0,0,0,0,1,1,"- ","- ",38.504878997802734,-120.01094055175781,"EL DORADO",UNINCORPORATED,-120.019287109375,38.846889495849609
90825914,2018,2018-10-01,9245,2018-09-11,1115,013929,,2,1,9,0900,0,1,3,,1,122,"STATE ROUTE 193","COUNTRY HILLS LANE",1584.00,E,N,A,-,Y,,,193,,,,,,,Y,1,1,0,1,A,-,08,22107,,N,F,A,A,A,H,-,A,D,0,,,,,Y,,A,01,0,0,0,0,0,0,0,0,0,"- ","- ",38.906581878662109,-120.93196868896484,"EL DORADO",UNINCORPORATED,-120.93196105957031,38.906562805175781
90825986,2018,2018-10-01,9245,2018-09-24,0750,013342,,1,1,9,0900,0,2,4,,1,013,"LOTUS ROAD","GOLD HILL ROAD/LUNEMAN ROAD",0.00,,Y,A,-,N,,,,,,,,,,Y,2,0,5,3,A,-,09,21802,A,N,D,C,A,A,H,-,A,A,0,,,,Y,Y,,A,01,2,1,2,0,0,0,0,0,0,"- ","- ",38.769100189208984,-120.92536163330078,"EL DORADO",UNINCORPORATED,-120.92531,38.768880000000003
90826540,2018,2018-10-02,9245,2018-09-22,1030,015609,,6,1,9,0900,0,2,4,,2,012,"SALMON FALLS RD","PERSIA WAY",500.00,S,N,A,-,N,,,,,,,,,,Y,2,0,1,1,A,-,08,22107,,N,F,A,A,A,H,-,A,D,0,,,Y,,Y,,C,02,1,0,0,0,0,0,0,0,1,"- ","- ",38.783359527587891,-121.04277801513672,"EL DORADO",UNINCORPORATED,-121.04282379150391,38.763294219970703
90826586,2018,2018-10-02,9245,2018-09-23,2500,018466,,7,4,9,0900,0,3,5,,2,002,"FOREBAY RD","CAMINO POWERHOUSE",2640.00,S,N,A,-,N,,,,,,,,,,Y,2,0,1,1,A,-,05,21650,,N,F,A,A,A,H,-,A,D,0,,,,,Y,,D,22,1,0,0,0,0,0,0,0,0,"- ","- ",38.793960571289062,-120.63298034667969,"EL DORADO",UNINCORPORATED,-120.62001037597656,38.783744812011719
90829568,2018,2018-10-05,9245,2018-09-27,2020,013405,,4,2,9,0900,0,3,5,,2,004,"OMO RANCH RD","NORTH SOUTH ROAD",13728.00,W,N,A,-,N,,,,,,,,,,Y,2,0,2,1,A,-,01,23152,A,N,E,I,A,A,H,-,D,D,0,,,,,Y,Y,D,22,1,1,0,0,0,0,0,0,0,"- ","- ",38.543968200683594,-120.48779296875,"EL DORADO",UNINCORPORATED,-120.48684692382812,38.544071197509766
90833269,2018,2018-10-10,9245,2018-10-07,1600,018684,,7,2,9,0900,0,2,4,,2,012,"EL DORADO HILLS BLVD","SARATOGA WAY",0.00,,Y,A,-,N,,,,,,,,,,Y,2,0,1,1,A,-,03,22350,,N,F,A,A,A,H,-,A,A,0,,,Y,,Y,,C,02,1,0,0,0,0,0,0,0,1,"- ","- ",38.653919219970703,-121.07103729248047,"EL DORADO",UNINCORPORATED,-121.07192230224609,38.656719207763672
90836889,2018,2018-10-16,9245,2018-10-06,1130,015328,,6,1,9,0900,0,2,4,,2,011,"GREEN VALLEY RD","LOCH WAY",62.00,E,N,A,-,N,,,,,,,,,,Y,2,0,1,1,A,-,03,22350,,N,F,A,A,A,H,-,A,D,0,,,Y,,Y,,C,02,1,0,0,0,0,0,0,0,1,"- ","- ",38.711780548095703,-121.06741333007812,"EL DORADO",UNINCORPORATED,-121.06728363037109,38.711765289306641
90840011,2018,2018-10-19,9245,2018-10-10,0615,017040,,3,1,9,0900,0,2,4,,1,037,"MISSOURI FLAT RD.","OLD DEPOT RD.",245.00,N,N,A,B,N,,,,,,,,,,N,1,1,0,2,A,-,11,21956,,F,G,B,D,A,H,-,D,D,0,Y,,,,Y,,N,60,0,0,0,1,0,0,0,0,0,"- ","- ",38.702751159667969,-120.8248291015625,"EL DORADO",UNINCORPORATED,-120.82478332519531,38.702686309814453
90842878,2018,2018-10-23,9245,2018-10-15,1930,015563,,1,2,9,0900,0,3,5,,2,002,"GREENWOOD RD","DAM CREEK RD  S",272.00,S,N,A,-,N,,,,,,,,,,Y,2,0,1,1,A,-,08,22107,,N,E,I,A,A,H,-,D,D,0,,,,,Y,,A,01,1,0,0,0,0,0,0,0,0,"- ","- ",38.888339996337891,-120.9080810546875,"EL DORADO",UNINCORPORATED,-120.90801239013672,38.888053894042969
90853047,2018,2018-11-05,9245,2018-10-27,1250,017856,,6,1,9,0900,0,1,2,,2,110,"US-50 E/B","EL DORADO HILLS BLVD",2968.00,W,N,A,-,Y,,,50,,,,,,E,Y,2,0,3,1,A,-,08,22107,,N,E,I,A,A,H,-,A,D,0,,,,,Y,,A,01,2,0,1,0,0,0,0,0,0,"- ","- ",38.649658203125,-121.08032989501953,"EL DORADO",UNINCORPORATED,-121.08029937744141,38.649570465087891
90858131,2018,2018-11-12,9245,2018-10-30,0730,015563,,2,1,9,0900,0,3,5,,2,004,"MORMON EMIGRANT TRL",SR-88,6336.00,W,N,A,-,N,,,,,,,,,,Y,2,0,1,1,A,-,08,22107,,N,E,I,A,A,H,-,B,D,0,,,,,Y,,D,22,1,0,0,0,0,0,0,0,0,"- ","- ",38.636970520019531,-120.23943328857422,"EL DORADO",UNINCORPORATED,-120.22950744628906,38.627750396728516
90859350,2018,2018-11-14,9245,2018-11-01,0050,013405,,4,3,9,0900,0,3,5,,2,004,"GRIZZLY FLAT ROAD","CALDOR ROAD",528.00,N,N,A,-,N,,,,,,,,,,Y,2,0,1,1,A,-,08,22107,,N,F,A,A,A,H,-,D,D,0,,,Y,,Y,,C,02,1,0,0,0,0,0,0,0,1,"- ","- ",38.620849609375,-120.5911865234375,"EL DORADO",UNINCORPORATED,-120.58834838867188,38.621795654296875
90862728,2018,2018-11-19,9245,2018-11-12,1810,018782,,1,2,9,0900,0,2,4,,2,012,"EL DORADO HILLS BLVD","SARATOGA WAY",540.00,S,N,A,-,N,,,,,,,,,,Y,2,0,2,2,A,-,03,22350,,N,A,C,A,A,H,-,C,D,0,,,,,Y,,A,01,1,1,0,0,0,0,0,0,0,"- ","- ",38.655250549316406,-121.07171630859375,"EL DORADO",UNINCORPORATED,-121.07167816162109,38.655250549316406
90863554,2018,2018-11-20,9245,2018-11-09,2105,019071,,5,2,9,0900,0,1,2,,2,110,"US-50 W/B","BASS LAKE RD",225.00,W,N,A,-,Y,,,50,,,,,,W,Y,2,0,1,1,A,-,08,22107,,N,F,A,A,A,H,-,D,D,0,,,,,Y,,A,01,1,0,0,0,0,0,0,0,0,"- ","- ",38.655601501464844,-121.03089904785156,"EL DORADO",UNINCORPORATED,-121.03089904785156,38.65545654296875
90864590,2018,2018-11-21,9245,2018-11-11,0330,013405,,7,3,9,0900,0,3,5,,2,004,"MORMON EMIGRANT TRL","FERRARI MILL RD",4224.00,E,N,A,-,N,,,,,,,,,,Y,2,0,1,1,A,-,08,22107,,N,E,I,A,A,H,-,D,D,0,,,,,Y,,D,22,1,0,0,0,0,0,0,0,0,"- ","- ",38.714778900146484,-120.5390625,"EL DORADO",UNINCORPORATED,-120.53877258300781,38.714984893798828
90867630,2018,2019-12-10,9245,2018-11-23,1710,018601,,5,2,9,0900,0,1,2,,2,140,"US-50 W/B","5 MILE RD.",200.00,E,N,C,-,Y,,,50,,,,,,W,Y,2,0,2,2,A,-,01,23153,A,N,A,C,A,B,H,-,D,D,0,,,,,Y,Y,A,01,2,0,0,0,0,0,0,0,0,"- ","- ",38.73712158203125,-120.71707916259766,"EL DORADO",UNINCORPORATED,-120.71707916259766,38.737117767333984
90871937,2018,2018-11-30,9245,2018-11-20,1530,017040,,2,2,9,0900,0,1,3,,1,122,"SR-49 S/B","SHOEMAKER RD",315.00,S,N,A,-,Y,,,,,,,,,,Y,2,0,1,1,A,-,08,22107,,N,F,A,A,A,H,-,A,D,0,,,Y,,Y,,C,02,1,0,0,0,0,0,0,0,1,"- ","- ",38.893428802490234,-120.82985687255859,"EL DORADO",UNINCORPORATED,,
90875610,2018,2018-12-05,9245,2018-12-03,1755,018466,,1,2,9,0900,0,1,2,,1,170,US-50,"39 MILE STONE",5280.00,E,N,A,-,Y,,,50,,,,,,,Y,2,0,2,3,A,-,05,21650,,N,B,C,A,B,H,-,D,D,0,,,,,Y,,A,01,2,0,0,0,0,0,0,0,0,"- ","- ",38.79058837890625,-120.18752288818359,"EL DORADO",UNINCORPORATED,-120.18751525878906,38.790592193603516
90884242,2018,2018-12-17,9245,2018-12-08,1500,018663,,6,2,9,0900,0,3,5,,2,004,"MORMON EMIGRANT TRL",SR-88,4752.00,W,N,B,-,N,,,,,,,,,,N,2,0,1,1,D,-,00,,,N,F,I,A,C,H,-,A,D,0,,,,,Y,,-,"- ",1,0,0,0,0,0,0,0,0,"- ","- ",38.627590179443359,-120.22358703613281,"EL DORADO",UNINCORPORATED,-120.22384643554688,38.627559661865234
90890121,2018,2018-12-26,9246,2018-12-16,2154,018085,,7,2,9,0900,0,1,3,,1,031,"SR-89 (EMERALD BAY RD)","SUGAR PINE RD",528.00,N,N,B,-,Y,,,89,,,,,,,Y,2,0,1,1,A,-,01,23152,A,N,E,I,A,B,H,-,D,D,0,,,,,Y,Y,A,07,1,0,0,0,0,0,0,0,0,"- ","- ",39.055000305175781,-120.11826324462891,"EL DORADO",UNINCORPORATED,-120.11822509765625,39.055023193359375
90894623,2018,2018-12-31,9245,2018-12-18,2229,013405,,2,3,2,0901,0,1,2,,2,140,"US-50 W/B","SMITH FLAT ROAD",448.00,W,N,A,-,Y,,,50,,,,,,W,Y,2,0,1,1,A,-,08,22107,,N,E,I,A,A,H,-,D,D,0,,,,,Y,,A,07,1,0,0,0,0,0,0,0,0,"- ","- ",38.731769561767578,-120.75350952148438,"EL DORADO",PLACERVILLE,-120.75351715087891,38.731731414794922
90918365,2019,2019-09-23,9245,2019-01-28,2120,018656,,1,2,9,0900,0,2,4,,1,041,"PLEASANT VALLEY RD","HOLM RD",0.00,,Y,A,-,N,,,,,,,,,,Y,1,1,0,1,A,-,03,22350,,N,E,I,A,A,H,-,D,D,0,,,,,Y,Y,A,07,0,0,0,0,0,0,0,0,0,"- ","- ",38.691158294677734,-120.72261810302734,"EL DORADO",UNINCORPORATED,-120.72280120849609,38.690998077392578
90927958,2019,2019-02-18,9245,2019-01-28,1350,015563,,1,1,9,0900,0,1,2,,2,120,"US-50 W/B","PLACERVILLE DRIVE",1056.00,W,N,A,-,Y,,,50,,,,,,W,Y,2,0,1,1,A,-,08,22107,,N,E,I,A,A,H,-,A,D,0,,,Y,,Y,,C,02,1,0,0,0,0,0,0,0,1,"- ","- ",38.718341827392578,-120.83602905273438,"EL DORADO",UNINCORPORATED,-120.83596038818359,38.718315124511719
90931069,2019,2019-02-21,9245,2019-02-18,0636,017897,,1,1,9,0900,0,2,4,,2,031,"LATROBE RD","RYAN RANCH RD",1056.00,N,N,A,-,N,,,,,,,,,,Y,2,0,1,1,A,-,08,22107,,N,E,I,A,A,G,-,B,D,0,,,,,Y,,D,22,1,0,0,0,0,0,0,0,0,"- ","- ",38.604408264160156,-121.02732086181641,"EL DORADO",UNINCORPORATED,-121.02763366699219,38.604507446289062
90934055,2019,2019-02-26,9245,2019-02-20,1855,19071,,3,2,9,0900,0,1,2,,2,140,"US-50 E/B","8 MILE RD",330.00,E,N,B,D,N,,,50,,,,,,E,Y,2,0,1,1,A,-,08,22107,,N,E,I,A,C,H,-,D,D,0,,,,,Y,,D,22,1,0,0,0,0,0,0,0,0,"- ","- ",38.738571166992188,-120.66449737548828,"EL DORADO",UNINCORPORATED,-120.66449737548828,38.738567352294922
90951663,2019,2019-03-22,9245,2019-03-20,1800,017364,,3,2,9,0900,0,2,4,,1,032,"SOUTH SHINGLE ROAD","HEFFREN DR",0.00,,N,B,-,N,,,,,,,,,,Y,2,0,2,1,A,-,03,22350,,N,E,I,A,B,H,-,A,D,0,,,,,Y,,D,22,1,1,0,0,0,0,0,0,0,"- ","- ",38.583030700683594,-120.96675872802734,"EL DORADO",UNINCORPORATED,-120.96659088134766,38.582878112792969
90955259,2019,2019-03-28,9245,2019-01-15,1827,018724,,2,2,9,0900,0,1,2,,2,140,"US-50 E/B","CAMINO HEIGHTS DR",194.00,E,N,B,C,Y,,,50,,,,,,E,Y,1,3,1,2,A,-,03,22350,,N,D,C,A,B,H,-,C,D,0,,,,,Y,,A,01,1,0,0,0,0,0,0,0,0,"- ","- ",38.736919403076172,-120.70995330810547,"EL DORADO",UNINCORPORATED,-120.70995330810547,38.736904144287109
90955812,2019,2019-03-28,9245,2019-01-02,1505,018466,,3,2,9,0900,0,2,4,,1,025,"PONY EXPRESS TRL","GILMORE RD",1070.00,W,N,A,-,N,,,,,,,,,,Y,1,1,1,2,A,-,01,23152,F,N,A,C,A,A,H,-,A,D,0,,,,,Y,,D,22,0,1,0,0,0,0,0,0,0,"- ","- ",38.750640869140625,-120.60997009277344,"EL DORADO",UNINCORPORATED,-120.61195373535156,38.750011444091797
90957156,2019,2019-03-29,9245,2019-02-02,2025,018893,,6,2,9,0900,0,1,3,,1,135,"SR-49 S/B","LONGHRUT RD",264.00,N,N,C,-,Y,,,49,,,,,,S,Y,1,1,1,1,A,-,01,23152,A,N,E,J,A,B,H,-,D,D,0,,,,,Y,Y,A,01,1,0,0,0,0,0,0,0,0,"- ","- ",38.717060089111328,-120.81304168701172,"EL DORADO",UNINCORPORATED,-120.81298065185547,38.717048645019531
90958171,2019,2019-04-01,9245,2019-03-30,1235,015419,,6,1,2,0901,0,1,2,,2,120,"US-50 W/B","FORNI RD",278.00,E,N,A,-,Y,,,50,,,,,,W,Y,2,0,1,1,A,-,08,22107,,N,F,I,A,A,G,-,A,A,0,,,Y,,Y,,C,02,1,0,0,0,0,0,0,0,1,"- ","- ",38.721721649169922,-120.83244323730469,"EL DORADO",PLACERVILLE,-120.83245849609375,38.721778869628906
90959854,2019,2019-04-03,9245,2019-02-02,0230,018624,,6,3,9,0900,0,3,5,,2,001,"NORTH SHINGLE ROAD","LANDES LN",298.00,N,N,C,-,N,,,,,,,,,,Y,1,1,1,1,A,-,01,23152,G,N,E,I,A,B,H,-,D,D,0,,,,,Y,Y,A,01,1,0,0,0,0,0,0,0,0,"- ","- ",38.683570861816406,-120.92897796630859,"EL DORADO",UNINCORPORATED,-120.92900848388672,38.684417724609375
90959909,2019,2019-04-03,9245,2019-01-01,0020,013405,,2,3,9,0900,0,1,2,,2,140,"US-50 W/B","EL DORADO TRAIL OVERCROSSING",681.00,W,N,A,-,Y,,,50,,,,,,W,Y,1,1,3,1,A,-,03,22350,,N,E,I,A,A,H,-,D,D,0,,,,,Y,,A,01,1,2,0,0,0,0,0,0,0,"- ","- ",38.731479644775391,-120.74725341796875,"EL DORADO",UNINCORPORATED,-120.74723815917969,38.731437683105469