CASE_ID,ACCIDENT_YEAR,PROC_DATE,JURIS,COLLISION_DATE,COLLISION_TIME,OFFICER_ID,REPORTING_DISTRICT,DAY_OF_WEEK,CHP_SHIFT,POPULATION,CNTY_CITY_LOC,SPECIAL_COND,BEAT_TYPE,CHP_BEAT_TYPE,CITY_DIVISION_LAPD,CHP_BEAT_CLASS,BEAT_NUMBER,PRIMARY_RD,SECONDARY_RD,DISTANCE,DIRECTION,INTERSECTION,WEATHER_1,WEATHER_2,STATE_HWY_IND,CALTRANS_COUNTY,CALTRANS_DISTRICT,STATE_ROUTE,ROUTE_SUFFIX,POSTMILE_PREFIX,POSTMILE,LOCATION_TYPE,RAMP_INTERSECTION,SIDE_OF_HWY,TOW_AWAY,COLLISION_SEVERITY,NUMBER_KILLED,NUMBER_INJURED,PARTY_COUNT,PRIMARY_COLL_FACTOR,PCF_CODE_OF_VIOL,PCF_VIOL_CATEGORY,PCF_VIOLATION,PCF_VIOL_SUBSECTION,HIT_AND_RUN,TYPE_OF_COLLISION,MVIW,PED_ACTION,ROAD_SURFACE,ROAD_COND_1,ROAD_COND_2,LIGHTING,CONTROL_DEVICE,CHP_ROAD_TYPE,PEDESTRIAN_ACCIDENT,BICYCLE_ACCIDENT,MOTORCYCLE_ACCIDENT,TRUCK_ACCIDENT,NOT_PRIVATE_PROPERTY,ALCOHOL_INVOLVED,STWD_VEHTYPE_AT_FAULT,CHP_VEHTYPE_AT_FAULT,COUNT_SEVERE_INJ,COUNT_VISIBLE_INJ,COUNT_COMPLAINT_PAIN,COUNT_PED_KILLED,COUNT_PED_INJURED,COUNT_BICYCLIST_KILLED,COUNT_BICYCLIST_INJURED,COUNT_MC_KILLED,COUNT_MC_INJURED,PRIMARY_RAMP,SECONDARY_RAMP,LATITUDE,LONGITUDE,COUNTY,CITY,POINT_X,POINT_Y
90979898,2019,2019-05-01,9245,2019-04-26,2208,013405,,5,3,9,0900,0,1,3,,1,135,SR-49,"MICA ST",3696.00,N,N,A,-,Y,,,49,,,,,,,Y,2,0,2,3,A,-,05,21460,A,N,A,C,A,A,H,-,C,D,0,,,,,Y,,A,01,2,0,0,0,0,0,0,0,0,"- ","- ",38.610919952392578,-120.85266876220703,"EL DORADO",UNINCORPORATED,-120.85272979736328,38.610919952392578
90987952,2019,2019-06-28,9245,2019-02-18,1325,015609,,1,1,9,0900,0,3,5,,2,002,"GREENSTONE RD","ZARAHEMLA RD",341.00,S,N,A,-,N,,,,,,,,,,Y,1,1,0,1,A,-,05,21650,,N,E,I,A,A,H,-,A,D,0,,,,,Y,,D,22,0,0,0,0,0,0,0,0,0,"- ","- ",38.700889587402344,-120.88564300537109,"EL DORADO",UNINCORPORATED,-120.88574981689453,38.700862884521484
90989355,2019,2019-05-15,9245,2019-05-10,1325,016451,,5,1,9,0900,0,2,4,,1,013,"LOTUS RD","LUNEMAN RD",400.00,E,N,A,-,N,,,,,,,,,,Y,2,0,1,2,A,-,09,21801,A,N,B,C,A,A,H,-,A,D,0,,,Y,,Y,Y,D,22,1,0,0,0,0,0,0,0,1,"- ","- ",38.770000457763672,-120.92505645751953,"EL DORADO",UNINCORPORATED,-120.92501068115234,38.769954681396484
90990177,2019,2019-10-10,9245,2019-02-28,2130,018394,,4,2,9,0900,0,1,2,,2,110,"US-50 E/B","PONDEROSA RD",528.00,W,N,A,-,Y,,,50,,,,,,E,Y,1,1,0,4,A,-,11,21956,A,N,G,B,E,A,H,-,C,D,0,Y,,,,Y,,N,60,0,0,0,1,0,0,0,0,0,"- ","- ",38.661331176757812,-120.94290161132812,"EL DORADO",UNINCORPORATED,-120.94290161132812,38.661338806152344
90991746,2019,2019-05-20,9245,2019-05-11,0545,017320,,6,3,9,0900,0,3,5,,2,004,"SNOWS RD","TREASURE ROCK LN",25.00,S,N,A,-,N,,,,,,,,,,Y,2,0,1,2,A,-,09,21802,A,N,A,C,A,A,H,-,B,D,0,,,Y,,Y,,D,22,1,0,0,0,0,0,0,0,1,"- ","- ",38.704719543457031,-120.67150115966797,"EL DORADO",UNINCORPORATED,-120.66854858398438,38.707431793212891
90993705,2019,2019-05-22,9245,2019-02-17,1350,018076,,7,1,9,0900,0,1,2,,2,150,"US-50 E/B","CALL BOX EL-50-372",155.00,E,N,D,-,Y,,,50,,,,,,E,Y,1,1,0,3,A,-,03,22350,,N,G,B,E,C,H,-,A,D,0,Y,,,,Y,,A,07,0,0,0,1,0,0,0,0,0,"- ","- ",38.765861511230469,-120.49044799804688,"EL DORADO",UNINCORPORATED,-120.49044036865234,38.765941619873047
90995708,2019,2019-05-24,9245,2019-05-23,1740,015421,,4,2,9,0900,0,2,4,,2,031,"LATROBE ROAD","SUNRIDGE MEADOWS",682.00,N,N,B,C,N,,,,,,,,,,Y,2,0,1,2,A,-,03,22350,,N,A,C,A,B,H,-,A,D,0,,,,,Y,,A,01,1,0,0,0,0,0,0,0,0,"- ","- ",38.588459014892578,-121.01097869873047,"EL DORADO",UNINCORPORATED,-121.01087188720703,38.588336944580078
90998176,2019,2019-05-29,9245,2019-05-22,1620,015609,,3,2,9,0900,0,3,5,,2,001,"BASS LAKE RD","OLD BASS LAKE RD",63.00,S,N,B,-,N,,,,,,,,,,Y,2,0,1,2,A,-,05,21460,A,N,A,C,A,A,H,-,A,D,0,,,,,Y,,D,22,1,0,0,0,0,0,0,0,0,"- ","- ",38.658828735351562,-121.03170013427734,"EL DORADO",UNINCORPORATED,-121.03170013427734,38.658866882324219
90999418,2019,2019-05-30,9245,2019-05-29,1635,015609,,3,2,9,0900,0,3,5,,2,001,"SILVA VALLEY PKY","DARWIN WAY",65.00,S,N,A,-,N,,,,,,,,,,Y,2,0,2,2,A,-,05,21460,A,N,A,C,A,A,H,-,A,D,0,,,,,Y,,A,08,1,1,0,0,0,0,0,0,0,"- ","- ",38.692230224609375,-121.07283782958984,"EL DORADO",UNINCORPORATED,-121.07283020019531,38.692142486572266
91001351,2019,2019-07-19,9245,2019-02-01,2100,018656,,5,2,9,0900,0,2,4,,1,041,"PLEASANT VALLEY RD","BODEGA WAY",32.00,E,N,C,-,N,,,,,,,,,,Y,1,1,0,1,A,-,01,23152,A,N,E,I,A,B,H,-,D,D,0,,,,,Y,Y,A,07,0,0,0,0,0,0,0,0,0,"- ","- ",38.690361022949219,-120.70054626464844,"EL DORADO",UNINCORPORATED,-120.70137023925781,38.690723419189453
91003302,2019,2019-06-04,9245,2019-05-31,2217,19071,,5,3,9,0900,0,2,4,,2,012,"EL DORADO HILLS BLVD","SARATOGA WAY",0.00,,Y,A,-,N,,,,,,,,,,Y,2,0,2,2,A,-,01,23152,A,N,D,C,A,A,H,-,C,D,0,,,,,Y,Y,A,01,1,1,0,0,0,0,0,0,0,"- ","- ",38.654018402099609,-121.07134246826172,"EL DORADO",UNINCORPORATED,-121.07192230224609,38.656719207763672
91006384,2019,2019-06-10,9245,2019-06-06,0245,018724,,4,3,9,0900,0,3,5,,2,002,"WENTWORTH SPRINGS RD","HOBBY HORSE LN",5.00,E,N,A,-,N,,,,,,,,,,Y,2,0,1,1,A,-,08,22107,,N,E,I,A,A,H,-,D,D,0,,,,,Y,,A,07,1,0,0,0,0,0,0,0,0,"- ","- ",38.935680389404297,-120.74755096435547,"EL DORADO",UNINCORPORATED,-120.74757385253906,38.935665130615234
91007733,2019,2019-06-11,9245,2019-05-31,1345,015419,,5,1,9,0900,0,3,5,,2,003,"TULLIS MINE RD","SUNRISE DR",420.00,S,N,A,-,N,,,,,,,,,,N,2,0,1,1,A,-,08,22107,,N,E,I,A,A,H,-,A,D,0,,,,,Y,,A,01,1,0,0,0,0,0,0,0,0,"- ","- ",38.690700531005859,-120.82199859619141,"EL DORADO",UNINCORPORATED,-120.82272338867188,38.691352844238281
91011647,2019,2019-06-17,9245,2019-06-14,1210,018601,,5,1,9,0900,0,3,5,,2,003,"BUSINESS DR","DIVIDEND DR",0.00,,Y,A,-,N,,,,,,,,,,Y,2,0,1,2,A,-,09,21804,A,N,D,C,A,A,H,-,A,D,0,,,Y,,Y,,A,01,1,0,0,0,0,0,0,0,1,"- ","- ",38.648128509521484,-120.95500946044922,"EL DORADO",UNINCORPORATED,-120.95503234863281,38.648139953613281
91012212,2019,2019-06-18,9220,2019-06-13,1428,017482,,4,2,9,0900,0,1,S,,2,904,"SR-49 S/B","TALL GREEN BRIDGE",203.00,S,N,B,-,Y,,,49,,,,,,S,N,2,0,1,2,A,-,03,22350,,N,C,C,A,A,H,-,A,D,0,,,Y,,Y,,C,02,1,0,0,0,0,0,0,0,1,"- ","- ",38.914901733398438,-121.03990173339844,"EL DORADO",UNINCORPORATED,-121.03985595703125,38.915042877197266
91022581,2019,2019-07-02,9245,2019-06-23,1631,019119,,7,2,9,0900,0,3,5,,2,004,SR-16,"LONE BARN RD",58.00,E,N,A,-,Y,,,,,,,,,,Y,2,0,1,1,A,-,01,23152,A,N,F,A,A,A,H,-,A,D,0,,,,,Y,Y,A,07,1,0,0,0,0,0,0,0,0,"- ","- ",38.352100372314453,-120.44899749755859,"EL DORADO",UNINCORPORATED,,
91028507,2019,2019-07-10,9245,2019-07-04,1902,017364,,4,2,9,0900,0,1,2,,2,150,US-50,"ICE HOUSE RD",6864.00,W,N,A,-,Y,,,50,,,,,,,Y,2,0,2,1,A,-,01,23152,A,N,E,I,A,A,H,-,A,D,0,,,,,Y,Y,A,01,1,1,0,0,0,0,0,0,0,"- ","- ",38.775661468505859,-120.46681213378906,"EL DORADO",UNINCORPORATED,-120.46680450439453,38.775646209716797
91029254,2019,2019-07-11,9245,2019-07-09,1510,015419,,2,2,9,0900,0,1,2,,2,120,"RT 50","GREENSTONE RD",1377.00,W,N,A,-,Y,,,50,,,,,,,Y,2,0,2,4,A,-,07,21658,A,N,B,C,A,A,H,-,A,D,0,,,,,Y,,A,07,1,1,0,0,0,0,0,0,0,"- ","- ",38.694999694824219,-120.89256286621094,"EL DORADO",UNINCORPORATED,-120.89256286621094,38.69500732421875
91033096,2019,2019-07-18,9245,2019-07-14,0213,019119,,7,3,9,0900,0,1,2,,1,170,"US-50 W/B","33 MILE STONE",120.00,E,N,A,-,Y,,,50,,,,,,W,Y,2,0,1,1,A,-,08,22107,,N,E,I,A,A,H,-,C,D,0,,,,,Y,,A,01,1,0,0,0,0,0,0,0,0,"- ","- ",38.774150848388672,-120.28466796875,"EL DORADO",UNINCORPORATED,-120.28469085693359,38.774227142333984
91033549,2019,2019-07-18,9245,2019-07-15,1630,016451,,1,2,9,0900,0,3,5,,2,002,"11 N 81  FOREST SERVICE ROAD","ROCK CREEK RD",3696.00,N,N,A,-,Y,,,,,,,,,,N,2,0,1,2,A,-,05,21650,,N,A,C,A,A,H,-,A,D,0,,,Y,,Y,,C,02,1,0,0,0,0,0,0,0,1,"- ","- ",38.816490173339844,-120.71450042724609,"EL DORADO",UNINCORPORATED,,
91041841,2019,2019-07-30,9245,2019-07-23,1320,015328,,2,1,9,0900,0,2,4,,2,012,"SALMON FALLS RD","OLD BRIDGE RD",1584.00,N,N,A,-,N,,,,,,,,,,Y,2,0,1,1,A,-,08,22107,,N,E,I,A,A,H,-,A,D,0,,,Y,,Y,,C,02,1,0,0,0,0,0,0,0,1,"- ","- ",38.750999450683594,-121.04869842529297,"EL DORADO",UNINCORPORATED,-121.05014801025391,38.751499176025391
91044541,2019,2019-08-02,9246,2019-07-26,1620,018269,,5,2,9,0900,0,2,4,,1,024,"PIONEER TR","ELKS CLUB DR",0.00,,Y,A,-,N,,,,,,,,,,Y,2,0,5,2,A,-,09,21802,A,N,D,C,A,A,H,-,A,A,0,,,,,Y,,A,01,2,3,0,0,0,0,0,0,0,"- ","- ",38.870441436767578,-119.99443054199219,"EL DORADO",UNINCORPORATED,-119.99443054199219,38.870410919189453
91045101,2019,2019-08-05,9245,2019-07-25,1820,017364,,4,2,9,0900,0,3,5,,2,001,"MEDER RD","CHASEN DR",0.00,,N,A,-,N,,,,,,,,,,Y,2,0,1,1,A,-,08,22107,,N,F,A,A,A,H,-,A,D,0,,,Y,,Y,Y,C,02,1,0,0,0,0,0,0,0,1,"- ","- ",38.681629180908203,-120.96547698974609,"EL DORADO",UNINCORPORATED,-120.96610260009766,38.682041168212891
91046903,2019,2019-08-07,9245,2019-07-26,1130,018394,,5,1,9,0900,0,1,2,,1,160,US-50,"RANDALL TRACT BRIDGE",528.00,W,N,A,-,Y,,,50,,,,,,,Y,2,0,3,4,A,-,01,23152,G,N,B,C,A,A,H,-,A,D,0,,,,,Y,Y,A,07,1,1,1,0,0,0,0,0,0,"- ","- ",38.773780822753906,-120.39910125732422,"EL DORADO",UNINCORPORATED,-120.39909362792969,38.773792266845703
91047075,2019,2019-08-07,9245,2019-06-03,1015,017320,,1,1,9,0900,0,1,3,,1,115,"SR-49 N/B","QUARRY RD",5280.00,N,N,A,-,Y,,,,,,,,,,Y,1,1,0,1,A,-,03,22350,,N,E,I,A,A,H,-,A,D,0,,,,,Y,,A,01,0,0,0,0,0,0,0,0,0,"- ","- ",38.911399841308594,-120.02734375,"EL DORADO",UNINCORPORATED,,
91048937,2019,2019-08-09,9245,2019-06-11,1625,017364,,2,2,9,0900,0,1,3,,1,135,SR-49,"COSUMNES RIVER BRIDGE",1320.00,N,N,A,-,Y,,,49,,,,,,,Y,1,1,1,3,A,-,03,22350,,F,C,C,A,A,H,-,A,D,0,,,,,Y,,A,07,1,0,0,0,0,0,0,0,0,"- ","- ",38.554420471191406,-120.84815979003906,"EL DORADO",UNINCORPORATED,-120.84815216064453,38.554416656494141
91050365,2019,2019-08-12,9245,2019-08-05,1600,018937,,1,2,9,0900,0,3,5,,2,004,"GRIZZLY FLAT RD","KENDRA WAY",37.00,E,N,A,-,N,,,,,,,,,,N,2,0,1,1,C,-,18,,,N,E,H,A,A,H,-,A,D,0,,,Y,,Y,,-,"- ",1,0,0,0,0,0,0,0,1,"- ","- ",38.624721527099609,-120.62132263183594,"EL DORADO",UNINCORPORATED,-120.6212158203125,38.624622344970703
91053695,2019,2019-08-16,9245,2019-08-09,1505,018076,,5,2,9,0900,0,3,5,,2,001,"N. SHINGLE RD","ASCOT LN",1795.00,S,N,A,-,N,,,,,,,,,,Y,2,0,2,1,A,-,08,22107,,N,E,I,A,A,H,-,A,D,0,,,,,Y,,D,22,1,1,0,0,0,0,0,0,0,"- ","- ",38.676090240478516,-120.92867279052734,"EL DORADO",UNINCORPORATED,-120.92881774902344,38.676162719726562
91054542,2019,2019-08-19,9245,2019-08-13,2235,018724,,2,3,9,0900,0,3,5,,2,001,"DEER VALLEY RD","ROUGH RIDGE RD",38.00,N,N,A,-,N,,,,,,,,,,Y,2,0,1,1,A,-,03,22350,,N,E,I,A,A,H,-,D,D,0,,,,,Y,,A,01,1,0,0,0,0,0,0,0,0,"- ","- ",38.718170166015625,-121.01901245117188,"EL DORADO",UNINCORPORATED,-121.01869964599609,38.718276977539062
91064042,2019,2019-08-30,9245,2019-08-23,2020,018076,,5,2,9,0900,0,2,4,,1,043,"SLY PARK RD. SB","ROLAND CT",898.00,S,N,A,-,N,,,,,,,,,,Y,2,0,1,1,C,-,18,,,N,E,J,A,A,H,-,A,D,0,,,Y,,Y,,-,"- ",1,0,0,0,0,0,0,0,1,"- ","- ",38.757789611816406,-120.57200622558594,"EL DORADO",UNINCORPORATED,-120.57556915283203,38.758216857910156
91065768,2019,2019-09-03,9245,2019-09-01,1335,018656,,7,1,9,0900,0,1,3,,1,115,SR-49,"GRACE DR",300.00,E,N,A,-,Y,,,49,,,,,,,N,2,0,1,1,A,-,08,22107,,N,F,A,A,A,H,-,A,D,0,,,Y,,Y,,C,02,1,0,0,0,0,0,0,0,1,"- ","- ",38.686630249023438,-120.83409881591797,"EL DORADO",UNINCORPORATED,-120.83413696289062,38.686702728271484
91067028,2019,2019-09-04,9245,2019-08-31,0310,018394,,6,3,9,0900,0,1,2,,2,110,"US-50 E/B","CAMERON PARK DR",1056.00,E,N,A,-,Y,,,50,,,,,,E,Y,2,0,3,2,A,-,03,22350,,N,C,C,A,A,H,-,D,D,0,,,,,Y,,A,01,1,0,2,0,0,0,0,0,0,"- ","- ",38.659400939941406,-120.96056365966797,"EL DORADO",UNINCORPORATED,-120.96056365966797,38.659435272216797
91070631,2019,2019-09-09,9245,2019-08-31,1015,017320,,6,1,9,0900,0,2,4,,1,013,"LOTUS RD","1066 LOTUS RD",15.00,N,N,A,-,N,,,,,,,,,,N,2,0,1,2,A,-,04,21703,,N,C,C,A,A,H,-,A,D,0,,,Y,,Y,,D,22,1,0,0,0,0,0,0,0,1,"- ","- ",38.796939849853516,-120.91085052490234,"EL DORADO",UNINCORPORATED,,
91073171,2019,2019-09-12,9245,2019-08-12,2500,016451,,1,4,9,0900,0,2,4,,1,014,"COLD SPRINGS ROAD","BOULDER LN",345.00,W,N,A,-,N,,,,,,,,,,Y,1,1,0,1,A,-,08,22107,,N,E,I,A,A,H,-,D,D,0,,,,,Y,,A,01,0,0,0,0,0,0,0,0,0,"- ","- ",38.734821319580078,-120.84028625488281,"EL DORADO",UNINCORPORATED,-120.8402099609375,38.734821319580078
91082757,2019,2019-10-15,9246,2019-09-07,1145,017612,,6,1,9,0900,0,1,2,,1,022,"US-50 (EMERALD BAY RD)","ELKS CLUB DR",0.00,,Y,A,-,Y,,,50,,,,,,,Y,1,1,1,2,A,-,09,21802,A,N,D,C,A,A,H,-,A,A,0,,,,Y,Y,,A,01,1,0,0,0,0,0,0,0,0,"- ","- ",38.874401092529297,-120.00559997558594,"EL DORADO",UNINCORPORATED,-120.00558471679688,38.874397277832031
91083794,2019,2019-09-26,9245,2019-07-06,0005,19071,,6,3,9,0900,0,1,2,,2,120,"US-50 W/B","PLACERVILLE DR",221.00,W,N,A,-,Y,,,,,,,,,,Y,1,1,0,1,A,-,01,23152,A,N,E,I,A,A,H,-,C,D,0,,,Y,,Y,Y,C,02,0,0,0,0,0,0,0,1,0,"- ","- ",38.425701141357422,-120.50499725341797,"EL DORADO",UNINCORPORATED,-120.83419036865234,38.721019744873047
91090447,2019,2019-10-04,9245,2019-09-25,1230,013929,,3,1,9,0900,0,3,5,,2,004,"MORMON EMIGRANT TRL","BONETTI ROAD",20.00,W,N,A,-,N,,,,,,,,,,Y,2,0,1,1,A,-,08,22107,,N,F,A,A,A,H,-,A,D,0,,,,,Y,,A,01,1,0,0,0,0,0,0,0,0,"- ","- ",38.727180480957031,-120.52796173095703,"EL DORADO",UNINCORPORATED,-120.52799224853516,38.727298736572266
91097893,2019,2019-10-15,9245,2019-10-09,1335,017364,,3,1,9,0900,0,2,S,,2,005,"MOSQUITO RD","PROSPERITY LN",270.00,N,N,A,-,N,,,,,,,,,,Y,2,0,1,1,A,-,03,22350,,N,E,I,A,A,H,-,A,D,0,,,Y,,Y,,C,02,1,0,0,0,0,0,0,0,1,"- ","- ",38.765060424804688,-120.75847625732422,"EL DORADO",UNINCORPORATED,-120.75853729248047,38.765041351318359
91100403,2019,2020-03-05,9245,2019-10-12,1340,018601,,6,1,9,0900,0,1,2,,2,120,"US-50 W/B","SHINGLE SPRINGS DR.",2640.00,W,N,A,-,Y,,,50,,,,,,W,Y,1,1,1,1,A,-,08,22107,,N,E,I,A,A,H,-,A,D,0,,,,,Y,,D,22,0,1,0,0,0,0,0,0,0,"- ","- ",38.674751281738281,-120.92127990722656,"EL DORADO",UNINCORPORATED,-120.92105102539062,38.674518585205078
91112113,2019,2019-11-04,9245,2019-10-25,1905,017364,,5,2,9,0900,0,3,5,,2,004,"SPRINGER RD","SADDLEHILL RD",0.00,,N,A,-,N,,,,,,,,,,N,2,0,1,1,A,-,08,22107,,N,E,I,A,A,H,-,D,D,0,,,Y,,Y,,C,02,1,0,0,0,0,0,0,0,1,"- ","- ",38.679550170898438,-120.71459197998047,"EL DORADO",UNINCORPORATED,-120.71401977539062,38.679351806640625
91118379,2019,2019-11-12,9245,2019-11-05,0750,017320,,2,1,9,0900,0,1,2,,2,110,"GREEN VALLEY RD","KIPPS LN",0.00,,Y,A,-,N,,,,,,,,,,N,2,0,1,2,A,-,09,21804,A,N,C,G,A,A,H,-,A,D,0,,Y,,,Y,,D,22,1,0,0,0,0,0,1,0,0,"- ","- ",38.703151702880859,-121.10373687744141,"EL DORADO",UNINCORPORATED,-121.10366058349609,38.703060150146484
91133384,2019,2019-12-02,9245,2019-09-01,1240,018394,,7,1,9,0900,0,2,S,,2,005,"WENTWORTH SPRINGS RD","HELIX FLAT AVE",3696.00,E,N,A,-,N,,,,,,,,,,Y,1,1,0,2,A,-,01,23152,G,N,A,C,A,A,H,-,A,A,0,,,Y,,Y,Y,C,02,0,0,0,0,0,0,0,1,0,"- ","- ",38.944839477539062,-120.47435760498047,"EL DORADO",UNINCORPORATED,-120.47396087646484,38.944847106933594
91134640,2019,2019-12-03,9245,2019-11-28,0325,019193,,4,3,9,0900,0,2,4,,1,013,"NORTH SHINGLE ROAD","BLACK OAK RD",300.00,S,N,A,-,N,,,,,,,,,,Y,2,0,1,1,A,-,01,23152,A,N,E,I,A,B,H,-,D,D,0,,,,,Y,Y,A,01,1,0,0,0,0,0,0,0,0,"- ","- ",38.689739227294922,-120.92886352539062,"EL DORADO",UNINCORPORATED,-120.92858123779297,38.688949584960938
91140179,2019,2019-12-30,9245,2019-10-13,0820,017320,,7,1,9,0900,0,1,3,,1,135,"SR-49 S/B","RAMALAS LN",326.00,S,N,A,-,Y,,,49,,,,,,S,Y,1,1,1,1,A,-,05,21650,,N,E,J,A,A,H,-,A,D,0,,,,,Y,,D,22,0,1,0,0,0,0,0,0,0,"- ","- ",38.601009368896484,-120.85279846191406,"EL DORADO",UNINCORPORATED,-120.85281372070312,38.600917816162109
91155514,2019,2019-12-30,9246,2019-12-22,1700,018172,,7,2,9,0900,0,1,2,,1,020,"US-50 (EMERALD BAY RD)","ALPINE RD",528.00,W,N,B,D,Y,,,50,,,,,,,Y,2,0,13,2,A,-,08,22107,,N,A,C,A,C,G,-,D,A,0,,,,,Y,,A,08,1,8,4,0,0,0,0,0,0,"- ","- ",38.817390441894531,-120.07955932617188,"EL DORADO",UNINCORPORATED,-120.07956695556641,38.817420959472656
91159005,2019,2020-01-03,9245,2019-12-28,2135,019793,,6,2,9,0900,0,3,5,,2,002,"WENTWORTH SPRINGS RD","HINSHAW COURT PRIVATE ROAD",130.00,W,N,A,-,N,,,,,,,,,,Y,2,0,1,1,A,-,01,23152,A,N,E,I,A,A,H,-,D,D,0,,,,,Y,Y,A,07,1,0,0,0,0,0,0,0,0,"- ","- ",38.914928436279297,-120.81874847412109,"EL DORADO",UNINCORPORATED,-120.81880950927734,38.9149169921875
91160280,2020,2020-01-06,9245,2020-01-04,1805,019631,,6,2,9,0900,0,2,4,,1,045,"NEWTOWN RD","IVY KNOLL DR",167.00,N,N,A,-,N,,,,,,,,,,Y,2,0,2,2,A,-,01,23152,A,N,A,C,A,A,H,-,D,D,0,,,,,Y,Y,A,01,1,0,1,0,0,0,0,0,0,"- ","- ",38.728660583496094,-120.73829650878906,"EL DORADO",UNINCORPORATED,-120.73831939697266,38.728279113769531
91166817,2020,2020-01-16,9245,2020-01-10,2243,019793,,5,3,9,0900,0,3,5,,2,002,"WENTWORTH SPRINGS RD","STAG LN",850.00,E,N,A,-,N,,,,,,,,,,Y,2,0,3,1,A,-,01,23152,A,N,E,I,A,A,H,-,D,D,0,,,,,Y,Y,D,22,2,0,1,0,0,0,0,0,0,"- ","- ",38.926620483398438,-120.76608276367188,"EL DORADO",UNINCORPORATED,-120.76325225830078,38.927635192871094
91167676,2020,2020-01-17,9245,2020-01-04,1935,017320,,6,2,9,0900,0,3,5,,2,002,"BEATTY DR","POWERS DR",1584.00,N,N,B,-,N,,,,,,,,,,Y,2,0,2,1,A,-,03,22350,,N,E,I,A,A,H,-,C,D,0,,,,,Y,,A,01,1,1,0,0,0,0,0,0,0,"- ","- ",38.680870056152344,-121.09214019775391,"EL DORADO",UNINCORPORATED,-121.09315490722656,38.682151794433594
91182556,2020,2020-02-07,9245,2020-02-01,1340,018782,,6,1,9,0900,0,3,5,,2,002,"CARSON ROAD","N CANYON ROAD",150.00,E,N,A,-,N,,,,,,,,,,Y,2,0,1,2,A,-,09,21801,A,N,D,C,A,A,H,-,A,D,0,,,Y,,Y,,A,01,1,0,0,0,0,0,0,0,1,"- ","- ",38.743648529052734,-120.73114013671875,"EL DORADO",UNINCORPORATED,-120.73183441162109,38.743721008300781
91190459,2020,2020-02-20,9245,2020-02-12,0919,015328,,3,1,9,0900,0,1,2,,2,110,"US-50 E/B","BASS LAKE RD",2640.00,W,N,A,-,Y,,,50,,,,,,E,Y,2,0,1,2,A,-,03,22350,,N,C,C,A,A,H,-,A,D,0,,,,Y,Y,,D,22,1,0,0,0,0,0,0,0,0,"- ","- ",38.654300689697266,-121.03669738769531,"EL DORADO",UNINCORPORATED,-121.03671264648438,38.654361724853516
91193989,2020,2020-02-26,9245,2020-02-22,1800,018466,,6,2,9,0900,0,2,4,,1,039,"MOTHER LODE DR","KINGVALE RD",95.00,E,N,A,-,N,,,,,,,,,,N,2,0,1,2,A,-,11,21954,A,N,G,B,D,A,H,-,D,D,0,Y,,,,Y,,N,60,1,0,0,0,1,0,0,0,0,"- ","- ",38.676410675048828,-120.87629699707031,"EL DORADO",UNINCORPORATED,-120.876220703125,38.676433563232422
91199608,2020,2020-03-02,9245,2020-02-20,1855,017320,,4,2,9,0900,0,3,5,,2,004,"GRIZZLY FLAT RD","SNOWBIRD LANE",222.00,N,N,A,-,N,,,,,,,,,,Y,2,0,1,2,A,-,05,21460,A,N,A,C,A,A,H,-,D,D,0,,,,,Y,,A,01,1,0,0,0,0,0,0,0,0,"- ","- ",38.637409210205078,-120.64949035644531,"EL DORADO",UNINCORPORATED,-120.64949035644531,38.637218475341797
91200987,2020,2020-03-03,9245,2020-01-03,1920,018782,,5,2,9,0900,0,2,4,,1,041,"PLEASANT VALLEY ROAD","LOCKE RD",170.00,W,N,A,-,N,,,,,,,,,,Y,1,1,1,1,A,-,01,23152,F,N,E,I,A,A,H,-,D,D,0,,,,,Y,,A,01,1,0,0,0,0,0,0,0,0,"- ","- ",38.691078186035156,-120.67337799072266,"EL DORADO",UNINCORPORATED,-120.67326354980469,38.691013336181641
91205674,2020,2020-03-10,9245,2020-03-07,1950,018466,,6,2,9,0900,0,1,3,,1,135,SR-49,"UNION MINE RD",1584.00,N,N,C,-,Y,,,49,,,,,,,Y,2,0,1,1,A,-,01,23152,A,N,E,I,A,B,H,-,D,D,0,,,,,Y,Y,D,22,1,0,0,0,0,0,0,0,0,"- ","- ",38.597240447998047,-120.84973907470703,"EL DORADO",UNINCORPORATED,-120.84980773925781,38.597324371337891