CASE_ID,ACCIDENT_YEAR,PROC_DATE,JURIS,COLLISION_DATE,COLLISION_TIME,OFFICER_ID,REPORTING_DISTRICT,DAY_OF_WEEK,CHP_SHIFT,POPULATION,CNTY_CITY_LOC,SPECIAL_COND,BEAT_TYPE,CHP_BEAT_TYPE,CITY_DIVISION_LAPD,CHP_BEAT_CLASS,BEAT_NUMBER,PRIMARY_RD,SECONDARY_RD,DISTANCE,DIRECTION,INTERSECTION,WEATHER_1,WEATHER_2,STATE_HWY_IND,CALTRANS_COUNTY,CALTRANS_DISTRICT,STATE_ROUTE,ROUTE_SUFFIX,POSTMILE_PREFIX,POSTMILE,LOCATION_TYPE,RAMP_INTERSECTION,SIDE_OF_HWY,TOW_AWAY,COLLISION_SEVERITY,NUMBER_KILLED,NUMBER_INJURED,PARTY_COUNT,PRIMARY_COLL_FACTOR,PCF_CODE_OF_VIOL,PCF_VIOL_CATEGORY,PCF_VIOLATION,PCF_VIOL_SUBSECTION,HIT_AND_RUN,TYPE_OF_COLLISION,MVIW,PED_ACTION,ROAD_SURFACE,ROAD_COND_1,ROAD_COND_2,LIGHTING,CONTROL_DEVICE,CHP_ROAD_TYPE,PEDESTRIAN_ACCIDENT,BICYCLE_ACCIDENT,MOTORCYCLE_ACCIDENT,TRUCK_ACCIDENT,NOT_PRIVATE_PROPERTY,ALCOHOL_INVOLVED,STWD_VEHTYPE_AT_FAULT,CHP_VEHTYPE_AT_FAULT,COUNT_SEVERE_INJ,COUNT_VISIBLE_INJ,COUNT_COMPLAINT_PAIN,COUNT_PED_KILLED,COUNT_PED_INJURED,COUNT_BICYCLIST_KILLED,COUNT_BICYCLIST_INJURED,COUNT_MC_KILLED,COUNT_MC_INJURED,PRIMARY_RAMP,SECONDARY_RAMP,LATITUDE,LONGITUDE,COUNTY,CITY,POINT_X,POINT_Y
91212970,2020,2020-03-20,9245,2020-03-16,1950,018466,,1,2,9,0900,0,2,4,,1,025,"PONY EXPRESS TRL","SCHOOL ST",14.00,E,N,D,-,N,,,,,,,,,,N,2,0,1,2,A,-,11,21954,A,N,G,B,E,C,H,-,D,D,0,Y,,,,Y,Y,N,60,1,0,0,0,1,0,0,0,0,"- ","- ",38.761581420898438,-120.58515930175781,"EL DORADO",UNINCORPORATED,-120.585205078125,38.761569976806641
91224270,2020,2020-04-13,9245,2020-04-05,2300,019193,,7,3,9,0900,0,2,4,,1,032,"S SHINGLE RD.","OLD OX RD",1000.00,S,N,C,-,N,,,,,,,,,,Y,2,0,1,1,A,-,01,23152,A,N,E,I,A,B,H,-,D,D,0,,,,,Y,Y,A,07,1,0,0,0,0,0,0,0,0,"- ","- ",38.621749877929688,-120.95424652099609,"EL DORADO",UNINCORPORATED,-120.95428466796875,38.621742248535156
91228334,2020,2020-04-22,9245,2020-04-15,1150,015262,,3,1,9,0900,0,3,5,,2,001,"BASS LAKE RD","BRIDLEWOOD DR",90.00,N,N,A,-,N,,,,,,,,,,N,2,0,1,1,A,-,08,22107,,N,F,A,A,A,H,-,A,D,0,,Y,,,Y,,L,04,1,0,0,0,0,0,1,0,0,"- ","- ",38.678569793701172,-121.01226806640625,"EL DORADO",UNINCORPORATED,-121.01737213134766,38.678493499755859
91229392,2020,2020-04-24,9245,2020-04-19,1430,021493,,7,2,9,0900,0,3,5,,2,002,"WENTWORTH SPRINGS RD. (7500 BLOCK)","BUCKEYE LAKE RD",30.00,W,N,A,-,N,,,,,,,,,,N,2,0,1,1,A,-,03,22350,,N,E,I,A,A,H,-,A,D,0,,,Y,,Y,,C,02,1,0,0,0,0,0,0,0,1,"- ","- ",38.924381256103516,-120.79605102539062,"EL DORADO",UNINCORPORATED,-120.79652404785156,38.924411773681641
91233816,2020,2020-05-05,9245,2020-04-29,1728,020602,,3,2,9,0900,0,3,5,,2,003,"DUROCK RD","SHINGLE LIME MINE RD",105.00,E,N,A,-,N,,,,,,,,,,Y,2,0,1,1,A,-,08,22107,,N,F,A,A,A,H,-,A,D,0,,,,,Y,,A,07,1,0,0,0,0,0,0,0,0,"- ","- ",38.655200958251953,-120.95668792724609,"EL DORADO",UNINCORPORATED,-120.95703125,38.655208587646484
91237112,2020,2020-05-13,9245,2020-05-08,1459,017364,,5,2,9,0900,0,3,5,,2,002,"WENTWORTH SPRINGS RD","CHIPMUNK TRL",1584.00,E,N,A,-,N,,,,,,,,,,Y,2,0,1,1,A,-,01,23152,A,N,E,I,A,A,H,-,A,D,0,,,,,Y,Y,A,07,1,0,0,0,0,0,0,0,0,"- ","- ",38.921371459960938,-120.8140869140625,"EL DORADO",UNINCORPORATED,-120.81426239013672,38.921329498291016
91241347,2020,2020-05-22,9245,2020-03-02,1940,018782,,1,2,9,0900,0,2,4,,1,037,"MISSOURI FLAT ROAD","PERKS COURT",0.00,,Y,A,-,N,,,,,,,,,,N,1,1,0,2,A,-,11,21956,,N,G,B,E,A,H,-,C,D,0,Y,,,,Y,,N,60,0,0,0,1,0,0,0,0,0,"- ","- ",38.709819793701172,-120.83657073974609,"EL DORADO",UNINCORPORATED,-120.83657073974609,38.709739685058594
91242227,2020,2020-05-26,9246,2020-05-24,1010,017106,,7,1,9,0900,0,1,2,,1,020,"US-50 (LINCOLN HWY)","SLIPPERY FORD RD",35.00,E,N,A,-,Y,,,,,,,,,,Y,2,0,3,1,A,-,03,22350,,N,E,I,A,A,H,-,A,A,0,,,,,Y,,D,22,1,0,2,0,0,0,0,0,0,"- ","- ",38.808719635009766,-120.11924743652344,"EL DORADO",UNINCORPORATED,,
91242594,2020,2020-05-26,9245,2020-05-23,0030,019193,,6,3,9,0900,0,3,5,,2,001,"FOXMORE LN","MAYFIELD DR",150.00,E,N,A,-,N,,,,,,,,,,N,2,0,1,1,A,-,08,22107,,N,E,I,A,A,H,-,D,D,0,,,Y,,Y,,C,02,1,0,0,0,0,0,0,0,1,"- ","- ",38.697559356689453,-121.01042938232422,"EL DORADO",UNINCORPORATED,-121.01050567626953,38.697620391845703
91246150,2020,2020-06-01,9245,2020-05-24,1330,018782,,7,1,9,0900,0,2,S,,2,005,"WENTWORTH SPRINGS RD","HELIX FLAT AVE",150.00,W,N,A,-,N,,,,,,,,,,Y,2,0,1,1,A,-,03,22350,,N,F,A,A,A,H,-,A,D,0,,,Y,,Y,,C,02,1,0,0,0,0,0,0,0,1,"- ","- ",38.941078186035156,-120.43267059326172,"EL DORADO",UNINCORPORATED,-120.43267059326172,38.941078186035156
91248680,2020,2020-06-08,9245,2020-05-31,1900,021050,,7,2,9,0900,0,3,5,,2,001,"STARBUCK RD (2400 BLOCK)","WHITETAIL LN",310.00,S,N,B,-,N,,,,,,,,,,Y,2,0,1,1,A,-,01,23152,A,N,E,I,A,A,H,-,A,D,0,,,,,Y,Y,A,07,1,0,0,0,0,0,0,0,0,"- ","- ",38.70635986328125,-121.00343322753906,"EL DORADO",UNINCORPORATED,-121.00332641601562,38.706436157226562
91253371,2020,2020-06-17,9245,2020-06-14,1210,017320,,7,1,9,0900,0,3,5,,2,002,"WENTWORTH SPRINGS RD","STEAMER LANE",1584.00,E,N,A,-,N,,,,,,,,,,N,2,0,1,2,A,-,05,21460,A,N,A,C,A,A,H,-,A,D,0,,,Y,,Y,,C,02,1,0,0,0,0,0,0,0,1,"- ","- ",38.929229736328125,-120.78166961669922,"EL DORADO",UNINCORPORATED,-120.78337097167969,38.927791595458984
91255590,2020,2020-06-22,9245,2020-06-15,1500,015419,,1,2,9,0900,0,1,2,,2,120,"US 50 EASTBOUND","GREENSTONE RD",2875.00,E,N,B,-,Y,,,,,,,,,,Y,2,0,1,1,A,-,03,22350,,N,F,A,A,A,H,-,A,D,0,,,Y,,Y,,C,02,1,0,0,0,0,0,0,0,1,"- ","- ",38.697269439697266,-120.87772369384766,"EL DORADO",UNINCORPORATED,-120.87792205810547,38.697166442871094
91259372,2020,2020-06-26,9245,2020-06-22,0713,017897,,1,1,9,0900,0,3,5,,2,003,"PANORAMA DR","BIRDSONG LN",93.00,E,N,A,-,N,,,,,,,,,,Y,2,0,1,1,A,-,01,23152,F,N,F,A,A,A,H,-,A,D,0,,,,,Y,,A,07,1,0,0,0,0,0,0,0,0,"- ","- ",38.695209503173828,-120.85063934326172,"EL DORADO",UNINCORPORATED,-120.85039520263672,38.695133209228516
91259999,2020,2020-06-29,9246,2020-06-20,1459,018269,,6,2,9,0900,0,1,2,,1,021,"US-50 (LINCOLN HWY)","CHIAPA DR",11616.00,W,N,A,-,Y,,,50,,,,,,,Y,2,0,1,1,A,-,08,22107,,N,E,I,A,A,H,-,A,D,0,,,Y,,Y,,C,02,1,0,0,0,0,0,0,0,1,"- ","- ",38.831661224365234,-120.03520202636719,"EL DORADO",UNINCORPORATED,-120.03519439697266,38.831668853759766
91260841,2020,2020-06-30,9245,2020-06-25,1055,017897,,4,1,9,0900,0,2,4,,1,041,"PLEASANT VALLEY RD","COMBO CT",560.00,W,N,A,-,N,,,,,,,,,,N,2,0,1,2,A,-,08,22107,,N,B,G,A,A,H,-,A,D,0,,Y,,,Y,,E,22,1,0,0,0,0,0,1,0,0,"- ","- ",38.682701110839844,-120.77603912353516,"EL DORADO",UNINCORPORATED,-120.77584075927734,38.682422637939453
91262718,2020,2020-07-03,9245,2020-06-28,1145,017320,,7,1,9,0900,0,2,4,,1,013,"N. SHINGLE RD.","GREEN VALLEY RD",1056.00,S,N,A,-,N,,,,,,,,,,Y,2,0,1,1,C,-,18,,,N,H,H,A,A,H,-,A,D,0,,,Y,,Y,,-,"- ",1,0,0,0,0,0,0,0,1,"- ","- ",38.714881896972656,-120.93782043457031,"EL DORADO",UNINCORPORATED,-120.93707275390625,38.712669372558594
91266467,2020,2020-07-10,9245,2020-07-03,0100,021050,,5,3,9,0900,0,1,2,,2,110,"US-50 W/B","SILVA VALLEY PKY",2957.00,E,N,A,-,Y,,,50,,,,,,W,Y,2,0,1,1,A,-,01,23152,A,N,F,A,A,A,H,-,C,D,0,,,,,Y,Y,A,01,1,0,0,0,0,0,0,0,0,"- ","- ",38.656681060791016,-121.04360198974609,"EL DORADO",UNINCORPORATED,-121.04366302490234,38.656597137451172
91267538,2020,2020-07-13,9245,2020-07-06,1545,018601,,1,2,9,0900,0,3,5,,2,003,"SHINGLE SPRINGS DR.",US-50,20.00,S,N,A,-,N,,,,,,,,,,Y,2,0,2,1,A,-,08,22107,,F,E,I,A,A,H,-,A,D,0,,,,,Y,,A,01,2,0,0,0,0,0,0,0,0,"- ","- ",38.680080413818359,-120.91490173339844,"EL DORADO",UNINCORPORATED,-120.91500854492188,38.680427551269531
91268965,2020,2020-07-15,9246,2020-07-07,1050,014478,,2,1,9,0900,0,3,5,,2,300,"RUBICON DR","SOUTH LN.",20.00,N,N,A,-,N,,,,,,,,,,N,2,0,1,1,A,-,08,22107,,N,F,A,A,A,B,-,A,D,0,,,Y,,Y,,C,02,1,0,0,0,0,0,0,0,1,"- ","- ",39.012058258056641,-120.11589050292969,"EL DORADO",UNINCORPORATED,-120.11573791503906,39.012035369873047
91275149,2020,2020-07-27,9245,2020-07-24,1512,019252,,5,2,9,0900,0,2,4,,1,041,"PLEASANT VALLEY RD","BIG CUT RD",0.00,,Y,A,-,N,,,,,,,,,,Y,2,0,1,2,A,-,03,22350,,N,C,C,A,A,H,-,A,D,0,,,,,Y,,A,01,1,0,0,0,0,0,0,0,0,"- ","- ",38.690109252929688,-120.78752899169922,"EL DORADO",UNINCORPORATED,-120.78739929199219,38.690071105957031
91283505,2020,2020-08-10,9245,2020-07-31,2120,021493,,5,2,9,0900,0,1,2,,2,120,"US-50 W/B","SHINGLE SPRINGS DRIVE",10.00,W,N,A,-,Y,,,50,,,,,,W,Y,2,0,4,2,A,-,03,22350,,N,C,C,A,A,H,-,D,D,0,,,,,Y,,A,07,1,0,3,0,0,0,0,0,0,"- ","- ",38.680419921875,-120.91504669189453,"EL DORADO",UNINCORPORATED,-120.91506195068359,38.680431365966797
91284506,2020,2020-08-11,9245,2020-08-07,2056,021379,,5,2,9,0900,0,2,S,,2,005,"JACQUIER RD","CARSON RD",222.00,S,N,A,-,N,,,,,,,,,,Y,2,0,1,1,A,-,01,23152,A,N,E,I,A,A,H,-,D,D,0,,,,,Y,Y,A,07,1,0,0,0,0,0,0,0,0,"- ","- ",38.745590209960938,-120.76069641113281,"EL DORADO",UNINCORPORATED,-120.76081848144531,38.745479583740234
91288444,2020,2020-08-18,9245,2020-08-07,1925,017320,,5,2,9,0900,0,1,2,,2,120,"US-50 W/B","PLACERVILLE DR",1056.00,W,N,A,-,Y,,,50,,,,,,W,Y,2,0,1,1,A,-,08,22107,,N,E,I,A,A,H,-,A,D,0,,,,,Y,,A,01,1,0,0,0,0,0,0,0,0,"- ","- ",38.718929290771484,-120.83586883544922,"EL DORADO",UNINCORPORATED,-120.83573913574219,38.718879699707031
91297376,2020,2020-09-02,9245,2020-08-28,0225,019193,,5,3,9,0900,0,1,2,,2,150,"US-50 E/B","STACY LN",4012.00,E,N,A,-,Y,,,50,,,,,,E,Y,2,0,1,1,A,-,08,22107,,N,E,I,A,A,H,-,D,D,0,,,,,Y,Y,A,01,1,0,0,0,0,0,0,0,0,"- ","- ",38.762821197509766,-120.54634857177734,"EL DORADO",UNINCORPORATED,-120.54637145996094,38.7626953125
91297401,2020,2020-09-02,9245,2020-08-29,1530,018601,,6,2,9,0900,0,2,S,,2,005,"WENTWORTH SPRINGS RD","UNCLE TOM'S CABIN RD.",10032.00,E,N,A,-,N,,,,,,,,,,Y,2,0,1,1,A,-,03,22350,,N,E,I,A,A,H,-,A,D,0,,,Y,,Y,,C,02,1,0,0,0,0,0,0,0,1,"- ","- ",38.906818389892578,-120.59839630126953,"EL DORADO",UNINCORPORATED,-120.59848022460938,38.906818389892578
91305740,2020,2020-09-16,9245,2020-09-13,1250,016032,,7,1,9,0900,0,2,4,,2,012,"SALMON FALLS RD","GATE LANE",2640.00,N,N,F,-,N,,,,,,,,,,Y,2,0,1,1,A,-,03,22350,,N,H,J,A,A,H,-,A,A,0,,,Y,,Y,,C,02,1,0,0,0,0,0,0,0,1,"- ","- ",38.813808441162109,-121.01776123046875,"EL DORADO",UNINCORPORATED,-121.01498413085938,38.813850402832031
91308266,2020,2020-09-21,9245,2020-09-13,1124,017897,,7,1,9,0900,0,1,2,,1,170,US-50,"RIVERSIDE TRACT",1584.00,E,N,A,-,Y,,,50,,,,,,,Y,2,0,1,1,A,-,01,23152,F,N,E,I,A,A,H,-,A,D,0,,,,,Y,,A,01,1,0,0,0,0,0,0,0,0,"- ","- ",38.776908874511719,-120.28053283691406,"EL DORADO",UNINCORPORATED,-120.28050994873047,38.776851654052734
91314244,2020,2020-09-29,9245,2020-09-19,2021,019252,,6,2,9,0900,0,3,5,,2,004,"MORMON EMIGRANT TRL","SLY PARK RD",832.00,S,N,A,-,N,,,,,,,,,,Y,2,0,1,1,A,-,08,22107,,N,E,I,A,A,H,-,D,D,0,,,,,Y,,D,22,1,0,0,0,0,0,0,0,0,"- ","- ",38.718788146972656,-120.57177734375,"EL DORADO",UNINCORPORATED,-120.57192230224609,38.718769073486328
91316359,2020,2020-10-02,9245,2020-09-26,1440,018601,,6,2,2,0901,0,2,S,,2,005,"WENTWORTH SPRINGS RD.","UNCLE TOM'S CABIN",500.00,E,N,A,-,N,,,,,,,,,,N,2,0,1,1,C,-,18,,,N,E,I,A,A,H,-,A,D,0,,,Y,,Y,,-,"- ",1,0,0,0,0,0,0,0,1,"- ","- ",38.930080413818359,-120.48851013183594,"EL DORADO",PLACERVILLE,-120.48849487304688,38.930072784423828
91317327,2020,2020-10-05,9245,2020-09-26,0010,018466,,6,3,9,0900,0,3,5,,2,002,"SLIGER MINE RD","SHELTER COVE DR",193.00,N,N,A,-,N,,,,,,,,,,N,2,0,3,1,A,-,01,23152,A,N,E,I,A,A,H,-,D,D,0,,,,,Y,Y,B,42,3,0,0,0,0,0,0,0,0,"- ","- ",38.943389892578125,-120.90836334228516,"EL DORADO",UNINCORPORATED,-120.91138458251953,38.9451904296875
91322242,2020,2020-10-12,9245,2020-10-01,1442,018756,,4,2,9,0900,0,1,2,,2,110,"US-50 W/B","BASS LAKE ROAD",2112.00,E,N,A,-,Y,,,50,,,,,,W,Y,2,0,1,1,A,-,08,22107,,N,F,A,A,A,H,-,A,A,0,,,,,Y,,A,07,1,0,0,0,0,0,0,0,0,"- ","- ",38.655258178710938,-121.01542663574219,"EL DORADO",UNINCORPORATED,-121.01543426513672,38.6552734375
91323026,2020,2020-10-13,9245,2020-10-06,1458,021379,,2,2,9,0900,0,2,4,,1,037,"PLEASANT VALLEY RD","FOWLER LN",0.00,,Y,A,-,N,,,,,,,,,,N,2,0,1,2,A,-,11,21956,,N,G,B,D,A,H,-,A,A,0,Y,,,,Y,,N,60,1,0,0,0,1,0,0,0,0,"- ","- ",38.694850921630859,-120.81243133544922,"EL DORADO",UNINCORPORATED,-120.81336975097656,38.694850921630859
91323711,2020,2020-10-14,9245,2020-10-08,0110,019793,,4,3,9,0900,0,2,4,,1,025,"PONY EXPRESS TRL","CARSON RD",318.00,E,N,A,-,N,,,,,,,,,,Y,2,0,1,1,A,-,01,23152,A,N,E,I,A,A,H,-,D,D,0,,,,,Y,Y,A,01,1,0,0,0,0,0,0,0,0,"- ","- ",38.738960266113281,-120.66535949707031,"EL DORADO",UNINCORPORATED,-120.66550445556641,38.739006042480469
91329752,2020,2021-01-26,9245,2020-10-19,1115,017728,,1,1,9,0900,0,1,3,,1,122,SR-193,"COON HOLLOW RD",2112.00,E,N,A,-,Y,,,193,,,,,,,Y,2,0,3,2,A,-,08,22107,,N,A,C,A,A,H,-,A,D,0,,,,,Y,,A,07,1,1,1,0,0,0,0,0,0,"- ","- ",38.900798797607422,-120.935302734375,"EL DORADO",UNINCORPORATED,-120.93534851074219,38.900871276855469
91331553,2020,2020-10-26,9245,2020-10-18,1736,018756,,7,2,9,0900,0,3,5,,2,001,"MAIN STREET","HARKNESS STREET",0.00,,Y,A,-,N,,,,,,,,,,N,2,0,1,2,A,-,09,21804,A,N,D,G,A,A,H,-,A,A,0,,Y,,,Y,,L,04,1,0,0,0,0,0,1,0,0,"- ","- ",38.907810211181641,-120.83753204345703,"EL DORADO",UNINCORPORATED,-120.83763122558594,38.907718658447266
91331589,2020,2020-10-26,9245,2020-10-18,1315,019252,,7,1,9,0900,0,2,4,,1,021,"MARSHALL RD","RICH GULCH RD",312.00,S,N,A,-,N,,,,,,,,,,Y,2,0,1,1,A,-,03,22350,,N,F,A,A,A,H,-,A,D,0,,,Y,,Y,,C,02,1,0,0,0,0,0,0,0,1,"- ","- ",38.876789093017578,-120.84629058837891,"EL DORADO",UNINCORPORATED,-120.84629058837891,38.876789093017578
91338967,2020,2020-11-04,9245,2020-10-28,1640,017364,,3,2,9,0900,1,2,4,,1,042,"BUCKS BAR RD","GOPHER HOLE RD",0.00,,N,A,-,N,,,,,,,,,,Y,2,0,2,2,A,-,05,21460,A,N,A,C,A,A,H,-,A,D,0,,,,,Y,,D,22,1,1,0,0,0,0,0,0,0,"- ","- ",38.647239685058594,-120.68798065185547,"EL DORADO",UNINCORPORATED,-120.68665313720703,38.647678375244141
91340451,2020,2020-11-05,9245,2020-10-30,1455,019252,,5,2,9,0900,0,3,5,,2,001,"BASS LAKE ROAD","US-50 W/B",102.00,N,N,A,-,N,,,,,,,,,,Y,2,0,1,2,A,-,09,21801,A,N,A,C,A,A,H,-,A,A,0,,,,,Y,,A,08,1,0,0,0,0,0,0,0,0,"- ","- ",38.655750274658203,-121.02983093261719,"EL DORADO",UNINCORPORATED,-121.02980041503906,38.655681610107422
91342832,2020,2020-11-10,9245,2020-11-01,1505,019793,,7,2,9,0900,0,1,2,,2,140,"US-50 E/B","PAUL BUNYON RD",1055.00,W,N,A,-,Y,,,50,,,,,,E,Y,2,0,6,4,A,-,21,22106,,N,D,C,A,A,H,-,A,D,0,,,,,Y,,A,01,1,1,4,0,0,0,0,0,0,"- ","- ",38.738449096679688,-120.72199249267578,"EL DORADO",UNINCORPORATED,-120.72199249267578,38.738437652587891
91350539,2020,2022-04-18,9245,2020-11-15,1428,019793,,7,2,9,0900,0,1,3,,1,135,"SR-49 S/B","UNION MINE RD",173.00,S,N,A,-,N,,,49,,,,,,S,Y,1,1,0,1,A,-,03,22350,,N,E,I,A,A,H,-,A,D,0,,,,,Y,,A,01,0,0,0,0,0,0,0,0,0,"- ","- ",38.679710388183594,-120.84805297851562,"EL DORADO",UNINCORPORATED,-120.84806060791016,38.679718017578125
91362196,2020,2020-12-09,9295,2020-11-28,1550,019158,,6,2,9,0900,0,3,5,,2,004,"NORTH SOUTH ROAD","OMO RANCH ROAD",15840.00,N,N,A,-,N,,,,,,,,,,Y,2,0,1,1,A,-,03,22350,,N,F,A,A,C,H,-,A,D,0,,,Y,,Y,,C,02,1,0,0,0,0,0,0,0,1,"- ","- ",38.551128387451172,-120.45744323730469,"EL DORADO",UNINCORPORATED,-120.45743560791016,38.551128387451172
91364624,2020,2020-12-11,9245,2020-12-05,1940,018782,,6,2,9,0900,0,3,5,,2,003,"DUROCK ROAD","BUSINESS DR",2112.00,W,N,A,-,N,,,,,,,,,,Y,2,0,1,1,A,-,08,22107,,N,E,I,A,A,H,-,D,D,0,,,Y,,Y,,C,02,1,0,0,0,0,0,0,0,1,"- ","- ",38.653530120849609,-120.96124267578125,"EL DORADO",UNINCORPORATED,-120.96100616455078,38.653594970703125
91389675,2021,2021-01-18,9245,2021-01-14,2500,013929,,4,4,9,0900,0,1,3,,1,122,"STATE ROUTE 193","TEXAS CANYON ROAD",1056.00,S,N,A,-,Y,,,193,,,,,,,Y,2,0,1,1,A,-,08,22107,,N,E,I,A,A,H,-,A,D,0,,,,,Y,,D,22,1,0,0,0,0,0,0,0,0,"- ","- ",38.78076171875,-120.81961059570312,"EL DORADO",UNINCORPORATED,-120.819580078125,38.780750274658203
91394501,2020,2021-01-26,9245,2020-12-18,0930,021415,,5,1,9,0900,0,3,5,,2,002,"WENTWORTH SPRINGS RD","MOSQUITO RD",2112.00,W,N,A,-,N,,,,,,,,,,Y,1,1,0,1,A,-,08,22107,,N,E,I,A,C,H,-,A,D,0,,,,,Y,Y,A,07,0,0,0,0,0,0,0,0,0,"- ","- ",38.897720336914062,-120.62200927734375,"EL DORADO",UNINCORPORATED,-120.62201690673828,38.897754669189453
91395346,2021,2021-01-27,9245,2021-01-23,0330,016328,,6,3,9,0900,0,1,2,,2,120,"US 50 E/B","PONDEROSA RD",835.00,E,N,B,-,Y,,,,,,,,,,Y,2,0,1,1,A,-,03,22350,,N,F,A,A,B,H,-,C,D,0,,,,,Y,,A,07,1,0,0,0,0,0,0,0,0,"- ","- ",38.66326904296875,-120.93437194824219,"EL DORADO",UNINCORPORATED,-120.93708038330078,38.662609100341797
91401061,2021,2021-02-02,9246,2021-01-23,0805,016041,,6,1,9,0900,0,1,3,,1,030,"SR-89 (EMERALD BAY RD)","EMERALD BAY STATE PARK",475.00,S,N,D,-,Y,,,89,,,,,,,N,2,0,1,1,A,-,03,22350,,N,E,I,A,C,G,-,A,D,0,,,,,Y,,A,01,1,0,0,0,0,0,0,0,0,"- ","- ",38.951351165771484,-120.08406829833984,"EL DORADO",UNINCORPORATED,-120.08415222167969,38.951358795166016
91418708,2021,2021-03-02,9245,2021-02-22,1055,018756,,1,1,9,0900,0,3,5,,2,003,"DUROCK ROAD","PRESLEY LANE",308.00,E,N,A,-,N,,,,,,,,,,N,2,0,1,2,A,-,03,22350,,F,C,C,A,A,H,-,A,A,0,,,Y,,Y,,C,02,1,0,0,0,0,0,0,0,1,"- ","- ",38.661128997802734,-120.94090270996094,"EL DORADO",UNINCORPORATED,-120.94098663330078,38.6611328125
91432490,2021,2021-03-22,9245,2021-02-07,0145,018782,,7,3,9,0900,0,2,4,,1,042,"MOUNT AUKUM RD","GERRYS DREAM LN",314.00,N,N,A,-,N,,,,,,,,,,Y,1,1,0,1,A,-,01,23152,A,N,E,I,A,A,H,-,D,D,0,,,,,Y,Y,D,22,0,0,0,0,0,0,0,0,0,"- ","- ",38.667350769042969,-120.66953277587891,"EL DORADO",UNINCORPORATED,-120.66975402832031,38.668262481689453
91438650,2021,2021-07-09,9245,2021-03-21,1750,018394,,7,2,9,0900,0,2,4,,2,031,"LATROBE RD","LATROBE CREEK RD",1056.00,S,N,A,-,N,,,,,,,,,,Y,1,1,0,1,A,-,03,22350,,N,F,I,A,A,H,-,A,D,0,,,Y,,Y,,C,02,0,0,0,0,0,0,0,1,0,"- ","- ",38.594631195068359,-121.01718902587891,"EL DORADO",UNINCORPORATED,-121.06875610351562,38.649040222167969
91449427,2021,2021-04-13,9245,2021-04-07,0648,016451,,3,1,9,0900,0,1,3,,1,115,"SR-49 S/B","BACCHI RD",70.00,N,N,A,-,Y,,,49,,,,,,S,N,2,0,1,2,A,-,08,22107,,N,G,B,E,A,H,-,A,D,0,Y,,,,Y,,A,01,1,0,0,0,1,0,0,0,0,"- ","- ",38.81964111328125,-120.93028259277344,"EL DORADO",UNINCORPORATED,-120.93025970458984,38.819675445556641
91453539,2021,2021-04-19,9245,2021-04-11,2110,019193,,7,2,9,0900,0,2,4,,1,013,"LOTUS RD","RODAN LN",125.00,S,N,A,-,N,,,,,,,,,,Y,2,0,1,2,A,-,08,22107,,N,A,C,A,A,H,-,D,D,0,,,,,Y,Y,A,01,1,0,0,0,0,0,0,0,0,"- ","- ",38.789810180664062,-120.91343688964844,"EL DORADO",UNINCORPORATED,-120.91337585449219,38.789516448974609
91455554,2021,2021-04-21,9245,2021-04-17,2055,019252,,6,2,9,0900,0,1,2,,2,120,"US-50 W/B","GREENSTONE RD",2739.00,E,N,A,-,Y,,,50,,,,,,W,Y,2,0,1,2,A,-,01,23152,A,N,B,C,A,A,H,-,D,D,0,,,Y,,Y,Y,C,02,1,0,0,0,0,0,0,0,1,"- ","- ",38.697330474853516,-120.87843322753906,"EL DORADO",UNINCORPORATED,-120.87841796875,38.697299957275391
91459657,2021,2021-05-12,9245,2021-02-27,2238,021493,,6,3,2,0901,0,1,2,,2,120,"US-50 W/B","PLACERVILLE DR",646.00,W,N,A,-,Y,,,50,,,,,,W,Y,1,2,0,1,A,-,01,23152,A,N,E,I,A,A,H,-,D,D,0,,,,,Y,Y,D,22,0,0,0,0,0,0,0,0,0,"- ","- ",38.720161437988281,-120.83535766601562,"EL DORADO",PLACERVILLE,-120.83519744873047,38.720050811767578
91463547,2021,2021-04-30,9245,2021-04-25,1335,018394,,7,1,9,0900,0,3,5,,2,001,"ERRANTE DR","BORRA CT",115.00,W,N,B,-,N,,,,,,,,,,N,2,0,1,2,A,-,09,21801,A,N,D,G,A,A,H,-,A,D,0,,Y,,,Y,,D,22,1,0,0,0,0,0,1,0,0,"- ","- ",38.695159912109375,-121.06133270263672,"EL DORADO",UNINCORPORATED,-121.06128692626953,38.695121765136719