CASE_ID,ACCIDENT_YEAR,PROC_DATE,JURIS,COLLISION_DATE,COLLISION_TIME,OFFICER_ID,REPORTING_DISTRICT,DAY_OF_WEEK,CHP_SHIFT,POPULATION,CNTY_CITY_LOC,SPECIAL_COND,BEAT_TYPE,CHP_BEAT_TYPE,CITY_DIVISION_LAPD,CHP_BEAT_CLASS,BEAT_NUMBER,PRIMARY_RD,SECONDARY_RD,DISTANCE,DIRECTION,INTERSECTION,WEATHER_1,WEATHER_2,STATE_HWY_IND,CALTRANS_COUNTY,CALTRANS_DISTRICT,STATE_ROUTE,ROUTE_SUFFIX,POSTMILE_PREFIX,POSTMILE,LOCATION_TYPE,RAMP_INTERSECTION,SIDE_OF_HWY,TOW_AWAY,COLLISION_SEVERITY,NUMBER_KILLED,NUMBER_INJURED,PARTY_COUNT,PRIMARY_COLL_FACTOR,PCF_CODE_OF_VIOL,PCF_VIOL_CATEGORY,PCF_VIOLATION,PCF_VIOL_SUBSECTION,HIT_AND_RUN,TYPE_OF_COLLISION,MVIW,PED_ACTION,ROAD_SURFACE,ROAD_COND_1,ROAD_COND_2,LIGHTING,CONTROL_DEVICE,CHP_ROAD_TYPE,PEDESTRIAN_ACCIDENT,BICYCLE_ACCIDENT,MOTORCYCLE_ACCIDENT,TRUCK_ACCIDENT,NOT_PRIVATE_PROPERTY,ALCOHOL_INVOLVED,STWD_VEHTYPE_AT_FAULT,CHP_VEHTYPE_AT_FAULT,COUNT_SEVERE_INJ,COUNT_VISIBLE_INJ,COUNT_COMPLAINT_PAIN,COUNT_PED_KILLED,COUNT_PED_INJURED,COUNT_BICYCLIST_KILLED,COUNT_BICYCLIST_INJURED,COUNT_MC_KILLED,COUNT_MC_INJURED,PRIMARY_RAMP,SECONDARY_RAMP,LATITUDE,LONGITUDE,COUNTY,CITY,POINT_X,POINT_Y
91822364,2022,2023-01-26,9245,2022-07-12,1525,018601,,2,2,9,0900,0,3,5,,2,001,"SERRANO PARKWAY W/B","ORSAY WAY",165.00,W,N,A,-,N,,,,,,,,,,N,1,1,0,2,A,-,11,21954,A,N,G,B,D,A,H,-,A,D,0,Y,,,,Y,,-,"- ",0,0,0,1,0,0,0,0,0,"- ","- ",38.682441711425781,-121.03556823730469,"EL DORADO",UNINCORPORATED,-121.03560638427734,38.682437896728516
91829022,2022,2022-08-23,9246,2022-07-20,0648,017757,,3,1,9,0900,0,2,4,,1,026,"BLACK BART AVE","HANK MONK AVE.",0.00,,Y,A,-,N,,,,,,,,,,Y,1,1,1,2,A,-,03,22350,,N,D,C,A,A,H,-,A,D,0,,,Y,,Y,,-,"- ",0,1,0,0,0,0,0,1,0,"- ","- ",38.913330078125,-119.96714019775391,"EL DORADO",UNINCORPORATED,-119.97111511230469,38.915737152099609
91836350,2022,2023-04-17,9246,2022-08-08,1350,017757,,1,1,9,0900,0,1,3,,1,031,"SR-89 (EMERALD BAY RD)","RUBICON DR",0.00,,Y,B,-,Y,,,,,,,,,,N,1,1,2,1,A,-,08,22107,,N,E,8,A,A,H,-,A,D,0,,,,,Y,,A,08,0,1,1,0,0,0,0,0,0,"- ","- ",39.014408111572266,-120.08809661865234,"EL DORADO",UNINCORPORATED,-120.12078857421875,39.014335632324219
91837616,2022,2022-08-11,9245,2022-08-03,2015,017040,,3,2,9,0900,0,1,3,,1,115,SR-49,"SALMON FALLS CUTOFF RD",0.00,,Y,A,-,N,,,,,,,,,,N,2,0,1,2,A,-,03,22350,,N,C,C,A,A,H,-,A,D,0,,,Y,,Y,,C,02,1,0,0,0,0,0,0,0,1,"- ","- ",38.836090087890625,-121.01261901855469,"EL DORADO",UNINCORPORATED,-121.01255035400391,38.836078643798828
91839819,2022,2022-08-15,9245,2022-08-04,2030,017364,,4,2,9,0900,0,3,5,,2,003,"ENTERPRISE DR","BRIGHT CT",230.00,E,N,A,-,N,,,,,,,,,,Y,2,0,1,1,A,-,08,22107,,N,E,I,A,A,H,-,C,D,0,,,,,Y,,A,07,1,0,0,0,0,0,0,0,0,"- ","- ",38.694190979003906,-120.83460235595703,"EL DORADO",UNINCORPORATED,-120.83479309082031,38.694244384765625
91841543,2022,2022-08-16,9245,2022-08-07,1015,018656,,7,1,9,0900,0,1,2,,2,150,"US-50 W/B","STACY LN",250.00,E,N,A,-,Y,ED,,50,,,32.686,H,,L,N,2,0,1,1,A,-,03,22350,,N,F,0,A,A,H,-,A,D,0,,,Y,,Y,,C,02,1,0,0,0,0,0,0,0,1,"- ","- ",38.765918731689453,-120.55644226074219,"EL DORADO",UNINCORPORATED,-120.55640411376953,38.765914916992188
91844312,2022,2022-08-19,9245,2022-08-07,1904,018756,,7,2,9,0900,0,2,4,,1,013,"PONDEROSA ROAD","FOXWOOD LANE",45.00,N,N,A,-,N,,,,,,,,,,N,2,0,1,1,A,-,03,22350,,N,E,I,A,A,H,-,A,D,0,,,Y,,Y,,C,02,1,0,0,0,0,0,0,0,1,"- ","- ",38.667938232421875,-120.93866729736328,"EL DORADO",UNINCORPORATED,-120.93863677978516,38.667648315429688
91844483,2022,2022-08-19,9245,2022-08-16,1628,017040,,2,2,9,0900,0,2,4,,1,014,"GOLD HILL RD.","SERENITY VALLEY LANE",1056.00,E,N,A,-,N,,,,,,,,,,Y,2,0,1,1,A,-,01,23152,A,N,E,I,A,A,H,-,A,D,0,,,Y,,Y,Y,C,02,1,0,0,0,0,0,0,0,1,"- ","- ",38.76300048828125,-120.867919921875,"EL DORADO",UNINCORPORATED,-120.86765289306641,38.762912750244141
91852885,2022,2022-08-30,9245,2022-08-20,1735,018782,,6,2,9,0900,0,1,2,,2,120,"US-50 E/B","PONDEROSA ROAD",2300.00,E,N,A,-,Y,,,,,,,,,,Y,2,0,1,2,A,-,01,23152,F,N,E,8,A,A,H,-,A,D,0,,,,,Y,,A,07,1,0,0,0,0,0,0,0,0,"- ","- ",38.664119720458984,-120.93018341064453,"EL DORADO",UNINCORPORATED,-120.93708038330078,38.662609100341797
91865136,2022,2022-09-15,9245,2022-09-05,0825,013929,,1,1,9,0900,0,2,4,,1,026,"ICE HOUSE ROAD","WRIGHTS LAKE ROAD",1056.00,N,N,A,-,N,,,,,,,,,,Y,2,0,1,1,A,-,08,22107,,N,E,I,A,A,H,-,A,D,0,,,Y,,Y,,C,02,1,0,0,0,0,0,0,0,1,"- ","- ",38.834709167480469,-120.38368988037109,"EL DORADO",UNINCORPORATED,,
91869025,2022,2022-09-20,9245,2022-07-13,1554,019252,,3,2,9,0900,0,1,3,,1,135,SR-49,"CHINA HILL RD",0.00,,Y,A,-,Y,,,,,,,,,,Y,1,1,0,2,A,-,01,23152,F,N,B,C,A,A,H,-,A,D,0,,,,,Y,,A,07,0,0,0,0,0,0,0,0,0,"- ","- ",38.644580841064453,-120.85346984863281,"EL DORADO",UNINCORPORATED,-120.85353088378906,38.664485931396484
91885113,2022,2022-12-08,9246,2022-09-11,1855,017846,,7,2,9,0900,0,2,4,,1,024,"PIONEER TRAIL","GOLDEN BEAR TRAIL",2112.00,S,N,A,F,N,,,,,,,,,,Y,1,1,1,1,A,-,01,23152,A,N,F,A,A,A,H,-,B,D,0,,,,,Y,Y,A,07,1,0,0,0,0,0,0,0,0,"- ","- ",38.898521423339844,-119.97039794921875,"EL DORADO",UNINCORPORATED,-119.97052764892578,38.897563934326172
91889423,2022,2023-02-13,9245,2022-10-02,1400,021493,,7,2,9,0900,0,1,3,,1,115,SR-49,"PEDRO HILL RD",10.00,E,N,A,-,Y,ED,,49,,,29.256,H,,R,N,2,0,2,2,A,-,03,22350,,F,C,C,A,A,H,-,A,D,0,,,Y,,Y,,C,02,1,1,0,0,0,0,0,0,2,"- ","- ",38.828521728515625,-120.98844146728516,"EL DORADO",UNINCORPORATED,-120.98844146728516,38.828479766845703
91889904,2022,2022-10-13,9245,2022-06-18,1640,021050,,6,2,9,0900,0,3,5,,2,004,"MORMON EMIGRANT TRAIL","SILVER FORK RD",431.00,E,N,B,-,N,,,,,,,,,,Y,1,1,1,3,A,-,03,22350,,N,C,E,F,A,H,-,A,D,0,Y,,,,Y,Y,A,07,0,0,1,1,0,0,0,0,0,"- ","- ",38.656520843505859,-120.2470703125,"EL DORADO",UNINCORPORATED,-120.24713897705078,38.656520843505859
91892989,2022,2022-10-18,9245,2022-04-30,2210,021050,,6,3,9,0900,0,2,4,,2,012,"SALMON FALLS RD","BELLALEONA DRIVE",42.00,S,N,A,-,N,,,,,,,,,,Y,1,1,0,2,A,-,03,22350,,N,A,C,A,A,H,-,D,D,0,,,Y,,Y,Y,C,02,0,0,0,0,0,0,0,1,0,"- ","- ",38.827671051025391,-121.01287841796875,"EL DORADO",UNINCORPORATED,,
91895601,2022,2022-10-20,9245,2022-10-09,1245,017752,,7,1,9,0900,0,3,5,,2,001,"LOTUS ROAD","LISA LANE",25.00,N,N,A,-,N,,,,,,,,,,Y,2,0,1,1,A,-,08,22107,,N,F,A,A,A,H,-,A,D,0,,,Y,,Y,,C,02,1,0,0,0,0,0,0,0,1,"- ","- ",38.733829498291016,-120.93331909179688,"EL DORADO",UNINCORPORATED,-120.93318939208984,38.733047485351562
91904436,2022,2022-10-28,9245,2022-10-26,1235,013929,,3,1,9,0900,0,2,4,,1,025,"PONY EXPRESS TRAIL","SANDERS DRIVE",0.00,,Y,A,-,N,,,,,,,,,,Y,2,0,1,2,A,-,09,21801,A,N,A,C,A,A,H,-,A,D,0,,,Y,,Y,,A,07,1,0,0,0,0,0,0,0,1,"- ","- ",38.758590698242188,-120.59111785888672,"EL DORADO",UNINCORPORATED,-120.59100341796875,38.758426666259766
91913617,2022,2022-11-09,9245,2022-10-29,1600,021520,,6,2,9,0900,0,3,5,,2,002,"OFF ROAD / US FOREST LAND","FOREBAY RD",10560.00,N,N,B,-,N,,,,,,,,,,N,2,0,1,1,B,-,22,,,N,E,I,A,A,H,-,A,D,0,,,Y,,Y,,C,06,1,0,0,0,0,0,0,0,1,"- ","- ",38.848159790039062,-120.58804321289062,"EL DORADO",UNINCORPORATED,,
91913938,2022,2022-11-09,9245,2022-10-30,1820,021493,,7,2,9,0900,0,2,4,,1,041,"PLEASANT VALLEY RD","KING MARTENS CT",95.00,E,N,A,-,N,,,,,,,,,,Y,2,0,1,1,A,-,08,22107,,N,E,I,A,A,H,-,D,D,0,,,,,Y,,A,01,1,0,0,0,0,0,0,0,0,"- ","- ",38.676910400390625,-120.74775695800781,"EL DORADO",UNINCORPORATED,-120.74787139892578,38.676959991455078
91917192,2022,2022-11-14,9245,2022-11-01,1110,017752,,2,1,9,0900,0,1,2,,2,120,US-50,"REDHAWK PARKWAY",4066.00,E,N,B,-,Y,ED,,50,,R,12.055,H,,R,Y,2,0,1,2,A,-,03,22350,,N,C,C,A,A,H,-,A,D,0,,,Y,,Y,,-,"- ",1,0,0,0,0,0,0,0,1,"- ","- ",38.695629119873047,-120.89047241210938,"EL DORADO",UNINCORPORATED,-120.89043426513672,38.695487976074219
91918600,2022,2022-11-15,9245,2022-11-05,1530,021520,,6,2,9,0900,0,2,4,,1,041,"PLEASANT VALLEY RD","HANKS EXCHANGE RD",500.00,W,N,C,-,N,,,,,,,,,,Y,2,0,2,2,A,-,05,21460,A,N,A,D,A,B,H,-,A,D,0,,,,,Y,,A,07,1,1,0,0,0,0,0,0,0,"- ","- ",38.675708770751953,-120.75406646728516,"EL DORADO",UNINCORPORATED,-120.75396728515625,38.67572021484375
91921916,2022,2022-11-18,9245,2022-11-11,1120,018394,,5,1,9,0900,0,2,4,,1,043,"SLY PARK RD","MEADOWLAND DR",0.00,,Y,A,-,N,,,,,,,,,,N,2,0,1,2,A,-,09,21801,A,N,D,C,A,A,H,-,A,D,0,,,Y,Y,Y,,F,26,1,0,0,0,0,0,0,0,1,"- ","- ",38.685039520263672,-120.65144348144531,"EL DORADO",UNINCORPORATED,-120.65263366699219,38.6846923828125
91929190,2022,2022-11-29,9245,2022-11-16,2210,018656,,3,3,9,0900,0,2,4,,1,042,"BUCKS BAR RD","CATTLE CREEK LANE",600.00,S,N,A,-,N,,,,,,,,,,N,2,0,1,1,A,-,01,23152,A,N,F,A,A,A,H,-,D,D,0,,,,,Y,Y,D,22,1,0,0,0,0,0,0,0,0,"- ","- ",38.655948638916016,-120.71246337890625,"EL DORADO",UNINCORPORATED,-120.7127685546875,38.656288146972656
91937761,2022,2022-12-08,9245,2022-11-28,2025,018601,,1,2,9,0900,0,1,2,,2,140,"US-50 W/B","SCHNELL SCHOOL RD.",804.00,E,N,A,-,Y,ED,,50,,,19.283,H,,L,Y,2,0,3,2,A,-,05,21651,B,N,A,C,A,A,H,-,D,A,0,,,,,Y,,A,01,1,2,0,0,0,0,0,0,0,"- ","- ",38.733860015869141,-120.77684020996094,"EL DORADO",UNINCORPORATED,-120.77684783935547,38.733871459960938
91946885,2022,2022-12-20,9245,2022-12-04,1955,019252,,7,2,9,0900,0,3,5,,2,003,"DUROCK ROAD","SHINGLE LIME MINE RD",2602.00,W,N,B,-,N,,,,,,,,,,Y,2,0,1,2,A,-,01,23152,A,N,A,C,A,A,H,-,C,D,0,,,,,Y,Y,A,01,1,0,0,0,0,0,0,0,0,"- ","- ",38.652919769287109,-120.96575164794922,"EL DORADO",UNINCORPORATED,-120.96587371826172,38.652938842773438
91952469,2022,2023-02-23,9245,2022-12-20,1140,017728,,2,1,9,0900,0,2,4,,1,024,"CARSON RD","LARSEN DR",200.00,W,N,A,-,N,,,,,,,,,,N,1,1,0,1,A,-,08,22107,,N,E,I,A,A,H,-,A,D,0,,,,,Y,,A,07,0,0,0,0,0,0,0,0,0,"- ","- ",38.706138610839844,-120.97673034667969,"EL DORADO",UNINCORPORATED,-120.67691040039062,38.73828125
91952473,2022,2022-12-26,9245,2022-12-13,1730,017364,,2,2,9,0900,0,3,5,,2,002,"WENTWORTH SPRINGS RD","BALDERSTON RD",1584.00,E,N,A,-,N,,,,,,,,,,Y,2,0,4,2,A,-,03,22350,,N,A,C,A,C,H,-,A,D,0,,,,,Y,,A,07,1,0,3,0,0,0,0,0,0,"- ","- ",38.924278259277344,-120.77220153808594,"EL DORADO",UNINCORPORATED,-120.77347564697266,38.923900604248047
91959034,2022,2023-01-03,9245,2022-10-05,2020,022185,,3,2,9,0900,0,2,4,,1,041,"CEDAR RAVINE RD","CEDAR RAVINE CT",170.00,S,N,A,-,N,,,,,,,,,,Y,1,1,0,2,A,-,01,23152,F,N,F,A,A,A,H,-,D,D,0,,,Y,,Y,,C,02,0,0,0,0,0,0,0,1,0,"- ","- ",38.686470031738281,-120.746337890625,"EL DORADO",UNINCORPORATED,-120.7464599609375,38.686573028564453
91967664,2023,2023-01-13,9245,2023-01-05,1945,021493,,4,2,9,0900,0,2,4,,1,042,"MT. AUKUM RD","MIRA PARADISE DR",50.00,S,N,B,C,N,,,,,,,,,,Y,2,0,1,1,A,-,03,22350,,N,E,I,A,B,H,-,D,D,0,,,,,Y,,A,01,1,0,0,0,0,0,0,0,0,"- ","- ",38.627979278564453,-120.69972991943359,"EL DORADO",UNINCORPORATED,-120.70054626464844,38.627361297607422
91969045,2022,2023-01-16,9245,2022-12-22,1311,017897,,4,1,9,0900,0,1,2,,2,150,"US-50 W/B","SLY PARK RD",3696.00,W,N,A,-,Y,ED,,50,,R,30.579,H,,L,Y,2,0,2,1,A,-,08,22107,,N,E,8,A,A,H,-,A,D,0,,,,,Y,,A,07,1,0,1,0,0,0,0,0,0,"- ","- ",38.758071899414062,-120.58840179443359,"EL DORADO",UNINCORPORATED,-120.58836364746094,38.758014678955078
91978176,2023,2023-01-26,9246,2023-01-18,2020,017106,,3,2,9,0900,0,1,2,,1,020,"US-50 (LINCOLN HWY)","SAYLES CANYON TRACT",200.00,W,N,D,-,Y,ED,,50," "," ",61.281,H,,R,Y,2,0,1,2,A,-,03,22350,,N,B,C,A,C,G,-,D,A,0,,,,,Y,,A,01,1,0,0,0,0,0,0,0,0,"- ","- ",38.802318572998047,-120.11209869384766,"EL DORADO",UNINCORPORATED,-120.11210632324219,38.802394866943359
91990778,2023,2023-02-09,9245,2023-01-27,1610,017364,,5,2,9,0900,0,1,3,,1,115,"STATE HIGHWAY 49","RED BRICK LN",340.00,N,N,A,-,Y,ED,,49," "," ",16.367,H,,R,N,2,0,1,1,A,-,03,22350,,N,F,A,A,A,H,-,A,D,0,,,Y,,Y,,C,02,1,0,0,0,0,0,0,0,1,"- ","- ",38.744060516357422,-120.81945037841797,"EL DORADO",UNINCORPORATED,-120.81943511962891,38.744087219238281
91991983,2023,2023-02-10,9245,2023-02-05,1820,022185,,7,2,9,0900,0,2,4,,1,042,"BUCKS BAR RD","PLEASANT VALLEY RD",256.00,S,N,B,C,N,,,,,,,,,,N,2,0,2,1,A,-,01,23152,A,N,E,I,A,B,H,-,D,D,0,,,,,Y,Y,D,22,2,0,0,0,0,0,0,0,0,"- ","- ",38.679439544677734,-120.73680114746094,"EL DORADO",UNINCORPORATED,-120.73701477050781,38.679485321044922
91995292,2023,2023-02-15,9245,2023-02-05,2025,019252,,7,2,9,0900,0,1,2,,2,120,"US-50 E/B","SHINGLE SPRINGS DR",2660.00,W,N,C,-,Y,ED,,50," ",R,9.802,H,,R,Y,2,0,2,1,A,-,08,22107,,N,F,A,A,B,H,-,D,D,0,,,,,Y,,A,07,1,1,0,0,0,0,0,0,0,"- ","- ",38.674308776855469,-120.92073059082031,"EL DORADO",UNINCORPORATED,-120.92080688476562,38.674358367919922
91995564,2023,2023-02-15,9245,2023-01-22,1630,022169,,7,2,9,0900,0,1,2,,1,170,"US-50 E/B","ORIOLE DRIVE",0.00,,Y,A,-,Y,ED,,50," "," ",48.918,H,,R,Y,2,0,7,2,A,-,09,21804,A,N,D,C,A,A,H,-,A,D,0,,,,,Y,Y,A,07,1,2,4,0,0,0,0,0,0,"- ","- ",38.774631500244141,-120.29656982421875,"EL DORADO",UNINCORPORATED,-120.29656982421875,38.774650573730469
92001267,2023,2023-02-23,9245,2023-01-25,"815 ",017320,,3,1,9,0900,0,3,5,,2,001,"SILVA VALLEY PKY","PEDRA DR",50.00,N,N,A,-,N,,,,,,,,,,Y,2,0,1,2,A,-,03,22350,,N,C,C,A,A,H,-,A,D,0,,,Y,,Y,,C,02,1,0,0,0,0,0,0,0,1,"- ","- ",38.677780151367188,-121.06777954101562,"EL DORADO",UNINCORPORATED,-121.06787109375,38.677684783935547
92006918,2022,2023-03-01,9245,2022-09-17,2038,021520,,6,2,9,0900,0,1,2,,2,120,"US-50 WESTBOUND","EL DORADO ROAD OVERCROSSING",250.00,W,N,B,-,Y,ED,,50,,R,13.974,H,,L,Y,1,1,0,1,A,-,01,23152,A,N,E,I,A,A,H,-,D,D,0,,,,,Y,Y,A,07,0,0,0,0,0,0,0,0,0,"- ","- ",38.704681396484375,-120.85724639892578,"EL DORADO",UNINCORPORATED,-120.85723114013672,38.70465087890625
92008320,2023,2023-03-15,9246,2023-02-26,1501,018085,,7,2,9,0900,0,2,4,,1,024,"PIONEER BLVD.","WASHOAN BLVD",0.00,,Y,B,-,N,,,,,,,,,,N,2,0,1,2,A,-,09,21804,A,M,D,C,A,C,H,-,A,D,0,,,,,Y,,M,96,1,0,0,0,0,0,0,0,0,"- ","- ",38.884891510009766,-119.98506927490234,"EL DORADO",UNINCORPORATED,-119.98516082763672,38.885002136230469
92010599,2023,2023-03-06,9245,2023-02-19,1620,019252,,7,2,9,0900,0,1,2,,2,110,"US-50 E/B","CAMBRIDGE RD",2277.00,E,N,A,-,Y,ED,,50," "," ",5.398,H,,R,Y,2,0,1,2,A,-,01,23152,A,N,C,C,A,A,H,-,A,D,0,,,Y,,Y,Y,C,02,1,0,0,0,0,0,0,0,1,"- ","- ",38.6573486328125,-120.99031829833984,"EL DORADO",UNINCORPORATED,-120.99032592773438,38.657314300537109
92010683,2023,2023-03-06,9245,2023-02-21,1555,019252,,2,2,9,0900,0,1,2,,1,170,US-50,"PYRAMID CREEK RD",2100.00,W,N,D,-,Y,ED,,50," "," ",59.426,H,,R,N,2,0,1,3,A,-,03,22350,,N,B,2,E,C,H,-,A,D,0,Y,,,,Y,,A,07,1,0,0,0,1,0,0,0,0,"- ","- ",38.810218811035156,-120.12782287597656,"EL DORADO",UNINCORPORATED,-120.12785339355469,38.810291290283203
92012580,2023,2023-03-08,9245,2023-02-24,1640,022169,,5,2,9,0900,0,1,2,,2,150,"US-50 W/B","ICE HOUSE ROAD",528.00,W,N,D,-,Y,ED,,50," "," ",39.344,H,,L,Y,2,0,2,1,A,-,08,22107,,N,E,8,A,C,H,-,B,D,0,,,,Y,Y,,F,26,1,0,1,0,0,0,0,0,0,"- ","- ",38.771469116210938,-120.45416259765625,"EL DORADO",UNINCORPORATED,-120.45417785644531,38.771358489990234
92013043,2023,2023-03-08,9245,2023-03-02,1253,018601,,4,1,9,0900,0,1,2,,2,140,"US-50 W/B","PONDORADO RD.",5280.00,W,N,A,-,Y,ED,,50," "," ",22.533,H,,L,Y,2,0,3,1,C,-,18,,,N,E,I,A,B,H,-,A,D,0,,,,,Y,,-,"- ",1,2,0,0,0,0,0,0,0,"- ","- ",38.738910675048828,-120.72347259521484,"EL DORADO",UNINCORPORATED,-120.72348022460938,38.738849639892578
92013998,2023,2023-03-09,9245,2023-02-20,1555,019236,,1,2,9,0900,0,2,4,,1,042,"MT AUKUM","JAY BIRD L",2.00,N,N,A,-,N,,,,,,,,,,Y,2,0,1,1,A,-,08,22107,,N,F,I,A,A,H,-,A,D,0,,,,,Y,,D,22,1,0,0,0,0,0,0,0,0,"- ","- ",38.549629211425781,-120.73397827148438,"EL DORADO",UNINCORPORATED,-120.73409271240234,38.549156188964844
92019581,2023,2023-03-16,9245,2023-03-04,"152 ",018656,,6,3,9,0900,0,1,2,,2,120,"US50 WB","MISSOURI FLAT RD",2000.00,W,N,A,-,Y,ED,,50," ",R,14.692,H,,L,N,2,0,1,1,A,-,01,23152,A,N,E,I,A,A,H,-,C,D,0,,,,,Y,Y,A,01,1,0,0,0,0,0,0,0,0,"- ","- ",38.708789825439453,-120.84500885009766,"EL DORADO",UNINCORPORATED,-120.84498596191406,38.708721160888672
92043338,2022,2023-04-12,9245,2022-09-17,0707,017320,,6,1,9,0900,0,2,4,,2,012,"SALMON FALLS RD","SALMON VALLEY LANE",305.00,S,N,A,-,N,,,,,,,,,,Y,1,1,0,1,A,-,08,22107,,N,F,A,A,A,H,-,A,D,0,,,,,Y,,A,01,0,0,0,0,0,0,0,0,0,"- ","- ",38.740688323974609,-121.060546875,"EL DORADO",UNINCORPORATED,-121.06069183349609,38.74072265625
92043390,2022,2023-04-13,9245,2022-10-08,1259,017897,,6,1,9,0900,0,3,5,,2,001,"COOLWATER CREEK RD","MORNINGDALE LN",270.00,S,N,A,-,N,,,,,,,,,,N,1,1,0,2,A,-,11,21954,A,N,G,B,E,A,H,-,A,D,0,Y,,,,Y,,N,60,0,0,0,1,0,0,0,0,0,"- ","- ",38.734981536865234,-120.84940338134766,"EL DORADO",UNINCORPORATED,-120.8492431640625,38.734596252441406
92043444,2023,2023-04-12,9245,2023-04-01,1700,022185,,6,2,9,0900,0,1,3,,1,135,SR-49,"CANNON CT",400.00,S,N,A,-,Y,ED,,49," "," ",10.277,H,,R,N,2,0,1,2,A,-,11,21956,A,N,G,B,E,A,H,-,A,D,0,Y,,,,Y,,N,60,1,0,0,0,1,0,0,0,0,"- ","- ",38.684951782226562,-120.83625793457031,"EL DORADO",UNINCORPORATED,-120.83626556396484,38.684951782226562
92056857,2023,2023-04-28,9245,2023-04-25,1140,015419,,2,1,9,0900,0,2,4,,2,011,"MISSOURI FLAT RD","FORNI RD",0.00,,Y,A,-,N,,,,,,,,,,N,2,0,1,2,A,-,12,21453,A,N,D,C,A,A,H,-,A,A,0,,,Y,,Y,,C,02,1,0,0,0,0,0,0,0,1,"- ","- ",38.706390380859375,-120.83085632324219,"EL DORADO",UNINCORPORATED,-120.83074951171875,38.706424713134766
92059294,2023,2023-05-02,9245,2023-04-25,1440,018756,,2,2,9,0900,0,3,5,,2,001,"SILVA VALLEY ROAD","WEST GLENMORE WAY",1056.00,S,N,A,-,N,,,,,,,,,,N,2,0,1,1,A,-,08,22107,,N,E,I,A,A,H,-,A,A,0,,,,,Y,,A,07,1,0,0,0,0,0,0,0,0,"- ","- ",38.703010559082031,-121.07475280761719,"EL DORADO",UNINCORPORATED,-121.07460021972656,38.703685760498047
92061475,2023,2023-05-04,9245,2023-04-25,1500,022185,,2,2,9,0900,0,1,3,,1,115,SR-49,"PEDRO HILL",2640.00,N,N,A,-,Y,ED,,49," "," ",29.812,H,,R,Y,2,0,1,1,A,-,08,22107,,N,E,8,A,A,H,-,A,D,0,,,,,Y,,A,01,1,0,0,0,0,0,0,0,0,"- ","- ",38.830898284912109,-120.99777984619141,"EL DORADO",UNINCORPORATED,-120.99774932861328,38.830768585205078
92062249,2023,2023-05-05,9245,2023-04-26,1910,018394,,3,2,9,0900,0,1,2,,2,120,"US-50 E/B TRANSITION TO S. SHINGLE RD","S. SHINGLE RD",528.00,W,N,A,-,Y,,,,,,,,,,N,2,0,1,1,A,-,03,22350,,N,F,A,A,A,H,-,A,D,0,,,Y,,Y,,C,02,1,0,0,0,0,0,0,0,1,"- ","- ",38.661651611328125,-120.93956756591797,"EL DORADO",UNINCORPORATED,-120.93956756591797,38.661651611328125
92062392,2023,2023-05-05,9245,2023-04-27,1456,018756,,4,2,9,0900,0,2,4,,2,031,"LATROBE ROAD","THROTTLE LANE",3696.00,N,N,A,-,N,,,,,,,,,,N,2,0,2,2,A,-,05,21460,A,N,A,C,A,A,H,-,A,A,0,,,,,Y,,A,08,1,1,0,0,0,0,0,0,0,"- ","- ",38.575920104980469,-120.99790191650391,"EL DORADO",UNINCORPORATED,-120.99442291259766,38.571235656738281
92066684,2023,2023-05-11,9246,2023-05-09,1340,014471,,2,1,9,0900,0,1,2,,1,021,"US 50 (LINCOLN HWY)","FLAGPOLE / GUN MOUNT",3696.00,W,N,A,-,Y,ED,,50," "," ",68.622,H,,R,Y,2,0,2,1,A,-,01,23152,A,N,E,I,A,A,H,-,A,D,0,,,,,Y,Y,A,01,1,0,1,0,0,0,0,0,0,"- ","- ",38.836128234863281,-120.03533172607422,"EL DORADO",UNINCORPORATED,-120.03538513183594,38.836036682128906
92066983,2023,2023-10-25,9245,2023-05-05,1510,018756,,5,2,9,0900,0,3,5,,2,004,"SIERRA SPRINGS ROAD","BRODIAEA COURT",528.00,W,N,B,C,N,,,,,,,,,,N,2,0,1,1,A,-,08,22107,,N,E,I,A,B,H,-,A,D,0,,,,,Y,,A,01,1,0,0,0,0,0,0,0,0,"- ","- ",38.713058471679688,-120.61387634277344,"EL DORADO",UNINCORPORATED,,
92071173,2023,2023-05-17,9245,2023-05-04,2330,019236,,4,3,9,0900,0,2,4,,1,025,"PONY EXPRESS TRAIL","ELKHORN MILL ROAD",16.00,W,N,C,-,N,,,,,,,,,,Y,2,0,1,1,A,-,08,22107,,N,E,I,A,B,H,-,C,D,0,,,,,Y,,D,22,1,0,0,0,0,0,0,0,0,"- ","- ",38.755119323730469,-120.60102081298828,"EL DORADO",UNINCORPORATED,-120.60093688964844,38.75506591796875