CASE_ID,ACCIDENT_YEAR,PROC_DATE,JURIS,COLLISION_DATE,COLLISION_TIME,OFFICER_ID,REPORTING_DISTRICT,DAY_OF_WEEK,CHP_SHIFT,POPULATION,CNTY_CITY_LOC,SPECIAL_COND,BEAT_TYPE,CHP_BEAT_TYPE,CITY_DIVISION_LAPD,CHP_BEAT_CLASS,BEAT_NUMBER,PRIMARY_RD,SECONDARY_RD,DISTANCE,DIRECTION,INTERSECTION,WEATHER_1,WEATHER_2,STATE_HWY_IND,CALTRANS_COUNTY,CALTRANS_DISTRICT,STATE_ROUTE,ROUTE_SUFFIX,POSTMILE_PREFIX,POSTMILE,LOCATION_TYPE,RAMP_INTERSECTION,SIDE_OF_HWY,TOW_AWAY,COLLISION_SEVERITY,NUMBER_KILLED,NUMBER_INJURED,PARTY_COUNT,PRIMARY_COLL_FACTOR,PCF_CODE_OF_VIOL,PCF_VIOL_CATEGORY,PCF_VIOLATION,PCF_VIOL_SUBSECTION,HIT_AND_RUN,TYPE_OF_COLLISION,MVIW,PED_ACTION,ROAD_SURFACE,ROAD_COND_1,ROAD_COND_2,LIGHTING,CONTROL_DEVICE,CHP_ROAD_TYPE,PEDESTRIAN_ACCIDENT,BICYCLE_ACCIDENT,MOTORCYCLE_ACCIDENT,TRUCK_ACCIDENT,NOT_PRIVATE_PROPERTY,ALCOHOL_INVOLVED,STWD_VEHTYPE_AT_FAULT,CHP_VEHTYPE_AT_FAULT,COUNT_SEVERE_INJ,COUNT_VISIBLE_INJ,COUNT_COMPLAINT_PAIN,COUNT_PED_KILLED,COUNT_PED_INJURED,COUNT_BICYCLIST_KILLED,COUNT_BICYCLIST_INJURED,COUNT_MC_KILLED,COUNT_MC_INJURED,PRIMARY_RAMP,SECONDARY_RAMP,LATITUDE,LONGITUDE,COUNTY,CITY,POINT_X,POINT_Y
92075187,2023,2023-05-23,9245,2023-05-08,2145,021520,,1,2,9,0900,0,1,3,,1,115,SR-49,"BEACH CT",286.00,N,N,B,-,Y,ED,,49," "," ",24.354,H,,R,Y,2,0,2,1,A,-,01,23152,A,N,E,8,A,A,H,-,C,D,0,,,Y,,Y,Y,C,02,2,0,0,0,0,0,0,0,2,"- ","- ",38.808948516845703,-120.90754699707031,"EL DORADO",UNINCORPORATED,-120.90753173828125,38.808975219726562
92077516,2023,2023-05-25,9245,2023-05-18,1618,018756,,4,2,9,0900,0,1,3,,1,135,SR-49,"EL DORADO STREET",81.00,E,N,A,-,N,,,,,,,,,,Y,2,0,1,2,A,-,09,21802,A,N,F,A,A,A,H,-,A,A,0,,,Y,,Y,,A,08,1,0,0,0,0,0,0,0,1,"- ","- ",38.681838989257812,-120.84352874755859,"EL DORADO",UNINCORPORATED,-120.84352111816406,38.681858062744141
92081309,2023,2023-05-30,9245,2023-05-20,1125,018601,,6,1,9,0900,0,2,4,,1,037,"PLEASANT VALLEY RD.","MOTHER LODE DR.",1056.00,E,N,A,-,N,,,,,,,,,,Y,2,0,2,2,A,-,03,22350,,N,C,C,A,A,H,-,A,D,0,,,Y,,Y,,C,02,1,1,0,0,0,0,0,0,2,"- ","- ",38.681888580322266,-120.86560821533203,"EL DORADO",UNINCORPORATED,-120.86920166015625,38.680789947509766
92081426,2023,2023-05-30,9245,2023-05-22,2140,021520,,1,2,9,0900,0,1,3,,1,115,SR-49,"EMMERSON RD",7.00,S,N,A,-,Y,ED,,49," "," ",17.540,H,,R,N,2,0,1,1,A,-,17,21712,A,N,H,A,A,A,H,-,D,D,0,,,,,Y,,A,07,1,0,0,0,0,0,0,0,0,"- ","- ",38.754619598388672,-120.83045959472656,"EL DORADO",UNINCORPORATED,-120.83045959472656,38.754631042480469
92091634,2023,2023-06-12,9245,2023-05-26,1658,017364,,5,2,9,0900,0,1,3,,1,115,"STATE HIGHWAY 49","JEEP TRAIL",1056.00,N,N,A,-,Y,ED,,49," "," ",36.260,H,,R,Y,2,0,1,2,A,-,03,22350,,N,F,C,A,A,H,-,A,D,0,,,,,Y,,A,01,1,0,0,0,0,0,0,0,0,"- ","- ",38.908039093017578,-121.01625823974609,"EL DORADO",UNINCORPORATED,-121.01622009277344,38.908061981201172
92091661,2023,2023-06-12,9245,2023-05-29,1650,022185,,1,2,9,0900,0,3,5,,2,003,"LATROBE RD","SUN RIDGE MEADOW RD",6547.00,S,N,A,-,N,,,,,,,,,,Y,2,0,1,1,A,-,01,23152,F,N,F,J,A,A,H,-,A,D,0,,,,,Y,,D,22,1,0,0,0,0,0,0,0,0,"- ","- ",38.572940826416016,-120.99481964111328,"EL DORADO",UNINCORPORATED,-120.99509429931641,38.573223114013672
92094764,2023,2023-06-15,9245,2023-06-07,2145,019193,,3,2,9,0900,0,2,S,,2,005,"LARSEN DR","HAPPY HOLLOW LN",519.00,S,N,A,-,N,,,,,,,,,,Y,2,0,1,1,A,-,08,22107,,N,E,I,A,A,H,-,D,D,0,,,,,Y,,-,"- ",1,0,0,0,0,0,0,0,0,"- ","- ",38.744289398193359,-120.67691040039062,"EL DORADO",UNINCORPORATED,-120.67690277099609,38.744289398193359
92095830,2023,2023-12-20,9245,2023-05-31,1040,017728,,3,1,9,0900,0,2,4,,1,025,"PONY EXPRESS TRL","OAK ST",142.00,E,N,A,-,N,,,,,,,,,,N,2,0,6,6,A,-,03,22350,,N,G,B,B,A,H,-,A,A,0,Y,,,,Y,,A,08,4,2,0,0,5,0,0,0,0,"- ","- ",38.762821197509766,-120.58123779296875,"EL DORADO",UNINCORPORATED,-120.58125305175781,38.762775421142578
92096959,2023,2023-06-19,9246,2023-06-14,1655,017106,,3,2,9,0900,0,2,4,,1,032,"FALLEN LEAF ROAD","SR-89 (EMERALD BAY RD)",4000.00,S,N,B,-,N,,,,,,,,,,N,2,0,1,1,A,-,03,22350,,N,F,A,A,A,A,-,A,D,0,,Y,,,Y,,M,91,1,0,0,0,0,0,1,0,0,"- ","- ",38.911170959472656,-120.04421234130859,"EL DORADO",UNINCORPORATED,-120.04562377929688,38.923442840576172
92102533,2023,2023-06-26,9245,2023-06-15,"505 ",019193,,4,3,9,0900,0,1,3,,1,122,SR-193,"CHILI BAR CT",1056.00,S,N,A,-,Y,ED,,193," "," ",24.881,H,,R,Y,2,0,1,1,A,-,08,22107,,N,E,I,A,A,H,-,D,D,0,,,Y,,Y,,C,02,1,0,0,0,0,0,0,0,1,"- ","- ",38.763591766357422,-120.82160949707031,"EL DORADO",UNINCORPORATED,-120.82151794433594,38.763595581054688
92104148,2023,2023-06-28,9245,2023-06-16,2045,022658,,5,2,9,0900,0,2,4,,1,041,"PLEASANT VALLEY RD","COMBO CT",400.00,E,N,A,-,N,,,,,,,,,,Y,2,0,1,1,C,-,18,,,N,H,H,A,A,H,-,D,D,0,,,Y,,Y,,-,"- ",1,0,0,0,0,0,0,0,1,"- ","- ",38.680141448974609,-120.77407073974609,"EL DORADO",UNINCORPORATED,-120.77423858642578,38.680191040039062
92104437,2023,2023-06-28,9245,2023-06-20,1629,018756,,2,2,9,0900,0,1,3,,1,135,SR-49,"COMMERCE WAY",190.00,W,N,A,-,Y,ED,,49," "," ",11.048,H,,R,Y,2,0,1,2,A,-,03,22350,,N,C,C,A,A,H,-,A,A,0,,,Y,,Y,,C,02,1,0,0,0,0,0,0,0,1,"- ","- ",38.692050933837891,-120.82640838623047,"EL DORADO",UNINCORPORATED,-120.82640838623047,38.692039489746094
9211462,2020,2022-06-11,0901,2020-08-12,2257,336,0901,3,5,2,0901,0,0,0,,0,ALL,"MADRONE LN","POST MARKER #2240",67.00,N,N,A,-,N,,,,,,,,,,Y,1,1,0,1,A,-,13,22515,A,N,H,J,A,A,H,-,D,D,0,,,,,Y,Y,A,01,0,0,0,0,0,0,0,0,0,"- ","- ",,,"EL DORADO",PLACERVILLE,,
92133579,2023,2023-08-01,9245,2023-07-24,1145,018601,,1,1,9,0900,0,1,3,,1,115,SR-49,"AARON COOL DR.",5280.00,N,N,A,-,Y,ED,,49," "," ",35.960,H,,R,N,2,0,1,1,A,-,03,22350,,N,F,A,A,A,H,-,A,D,0,,,Y,,Y,,C,02,1,0,0,0,0,0,0,0,1,"- ","- ",38.904441833496094,-121.01345062255859,"EL DORADO",UNINCORPORATED,-121.01345825195312,38.904441833496094
92134161,2023,2023-08-02,9245,2023-07-23,1540,019252,,7,2,9,0900,0,2,4,,1,013,"N. SHINGLE RD","EASTVIEW DR",62.00,S,N,A,-,N,,,,,,,,,,Y,2,0,1,1,A,-,01,23152,A,N,E,I,A,A,H,-,A,D,0,,,,,Y,Y,A,01,1,0,0,0,0,0,0,0,0,"- ","- ",38.671169281005859,-120.92854309082031,"EL DORADO",UNINCORPORATED,-120.92861175537109,38.67120361328125
92135647,2023,2023-08-03,9246,2023-07-23,2354,017080,,7,3,9,0900,0,3,5,,2,200,"SAWMILL ROAD","ECHO VIEW DRIVE",12.90,S,N,A,-,N,,,,,,,,,,Y,2,0,1,1,A,-,01,23152,A,N,E,I,A,A,H,-,D,D,0,,,,,Y,Y,A,07,1,0,0,0,0,0,0,0,0,"- ","- ",38.880821228027344,-120.02317047119141,"EL DORADO",UNINCORPORATED,-120.02318572998047,38.880725860595703
92144649,2023,2023-08-15,9245,2023-08-03,"740 ",017320,,4,1,9,0900,0,3,5,,2,001,"SERRANO PARKWAY","VILLAGE GREEN RD",100.00,E,N,B,-,N,,,,,,,,,,N,2,0,1,1,C,-,18,,,N,F,A,A,A,H,-,A,D,0,,Y,,,Y,,-,"- ",1,0,0,0,0,0,1,0,0,"- ","- ",38.671951293945312,-121.06121063232422,"EL DORADO",UNINCORPORATED,-121.06119537353516,38.671855926513672
92146844,2023,2023-08-17,9245,2023-08-05,1900,017364,,6,2,9,0900,0,3,5,,2,001,"LUNEMAN RD","JAKES EIGHTY ROAD",365.00,E,N,A,-,N,,,,,,,,,,Y,2,0,6,1,A,-,01,23152,A,N,E,I,A,A,H,-,A,D,0,,,,,Y,Y,A,01,3,3,0,0,0,0,0,0,0,"- ","- ",38.764041900634766,-120.98207092285156,"EL DORADO",UNINCORPORATED,-120.98206329345703,38.764068603515625
92148640,2023,2023-08-21,9245,2023-08-04,1015,017320,,5,1,9,0900,0,3,5,,2,001,"ALHAMBRA DR","CAMERON PARK DRIVE",528.00,W,N,A,-,N,,,,,,,,,,Y,2,0,1,2,A,-,03,22350,,N,B,C,A,A,H,-,A,D,0,,,Y,,Y,,C,02,1,0,0,0,0,0,0,0,1,"- ","- ",38.687530517578125,-120.99005126953125,"EL DORADO",UNINCORPORATED,-120.99015045166016,38.687637329101562
92149152,2023,2023-08-21,9245,2023-08-11,1150,017752,,5,1,9,0900,0,2,4,,1,045,"NEWTOWN ROAD","HARMONY HILL RD",850.00,S,N,A,-,N,,,,,,,,,,Y,2,0,1,1,A,-,08,22107,,N,E,I,A,A,H,-,A,D,0,,,,,Y,,A,07,1,0,0,0,0,0,0,0,0,"- ","- ",38.711769104003906,-120.71019744873047,"EL DORADO",UNINCORPORATED,-120.71025848388672,38.711780548095703
92151727,2023,2023-08-23,9245,2023-08-10,2330,021493,,4,3,9,0900,0,2,4,,1,041,"PLEASANT VALLEY RD","BODEGA WAY",5.00,W,N,A,-,N,,,,,,,,,,Y,2,0,2,1,A,-,08,22107,,N,E,8,A,A,H,-,D,D,0,,,,,Y,,D,22,1,1,0,0,0,0,0,0,0,"- ","- ",38.690731048583984,-120.70156860351562,"EL DORADO",UNINCORPORATED,-120.70151519775391,38.690746307373047
92151754,2023,2023-08-23,9245,2023-08-14,"630 ",015419,,1,1,9,0900,0,2,4,,2,011,"MISSOURI FLAT RD","CHINA GARDEN RD",0.00,,Y,B,-,N,,,,,,,,,,Y,2,0,1,2,A,-,09,21801,A,N,D,C,A,A,H,-,A,D,0,,,Y,,Y,,A,01,1,0,0,0,0,0,0,0,1,"- ","- ",38.700370788574219,-120.82273101806641,"EL DORADO",UNINCORPORATED,-120.82271575927734,38.700325012207031
92156368,2023,2023-08-28,9245,2023-08-18,1700,022185,,5,2,9,0900,0,3,5,,2,004,"MORNING CANYON RD","GORGE VIEW DR",5280.00,N,N,A,-,N,,,,,,,,,,N,2,0,1,1,A,-,21,22106,,N,F,A,A,A,H,-,B,D,0,,,Y,,Y,,C,02,1,0,0,0,0,0,0,0,1,"- ","- ",38.617790222167969,-120.73477172851562,"EL DORADO",UNINCORPORATED,-120.73592376708984,38.628841400146484
92158949,2023,2023-08-30,9246,2023-08-21,2032,018674,,1,2,9,0900,0,1,3,,1,031,"STATE ROUTE 89 (EMERALD BAY RD)","DRUM RD",355.00,S,N,B,C,Y,ED,,89," "," ",25.307,H,,R,N,2,0,1,1,A,-,01,23152,A,N,E,J,A,B,H,-,D,D,0,,,,,Y,Y,-,"- ",1,0,0,0,0,0,0,0,0,"- ","- ",39.041080474853516,-120.12238311767578,"EL DORADO",UNINCORPORATED,-120.12233734130859,39.041061401367188
92175372,2023,2023-09-20,9245,2023-09-06,1700,019252,,3,2,9,0900,0,2,4,,1,025,"PONY EXPRESS TRAIL","MACE ROAD",250.00,W,N,A,-,N,,,,,,,,,,N,2,0,1,1,A,-,08,22107,,N,F,A,A,A,H,-,A,D,0,,Y,,,Y,Y,L,04,1,0,0,0,0,0,1,0,0,"- ","- ",38.745220184326172,-120.64514923095703,"EL DORADO",UNINCORPORATED,-120.64508056640625,38.745258331298828
92181765,2023,2023-09-27,9295,2023-09-13,1548,019079,,3,2,9,0900,0,2,S,,2,904,"BUCKS BAR ROAD","BUCKAROO TRAIL",1056.00,S,N,A,-,N,,,,,,,,,,N,2,0,1,1,A,-,08,22107,,N,E,I,A,A,H,-,A,D,0,,,Y,,Y,,-,"- ",1,0,0,0,0,0,0,0,1,"- ","- ",38.654449462890625,-120.70748138427734,"EL DORADO",UNINCORPORATED,-120.71079254150391,38.654888153076172
92186378,2023,2023-10-02,9245,2023-09-15,1250,017320,,5,1,9,0900,0,1,2,,2,110,"BASS LAKE RD",US-50,35.00,S,N,A,-,N,,,,,,,,,,N,2,0,1,2,A,-,03,22350,,N,C,C,A,A,H,-,A,D,0,,,,,Y,,D,22,1,0,0,0,0,0,0,0,0,"- ","- ",38.654941558837891,-121.02986145019531,"EL DORADO",UNINCORPORATED,-121.02980041503906,38.655162811279297
92188234,2023,2023-10-02,9245,2023-05-09,1815,018756,,2,2,9,0900,0,1,3,,1,135,"SR-49 N/B","GALENA DRIVE",129.00,N,N,A,-,Y,ED,,49," "," ",6.324,H,,R,Y,1,1,0,1,A,-,01,23152,A,N,E,I,A,A,H,-,A,A,0,,,,,Y,Y,A,07,0,0,0,0,0,0,0,0,0,"- ","- ",38.636089324951172,-120.85057067871094,"EL DORADO",UNINCORPORATED,-120.85066223144531,38.636104583740234
92191199,2023,2023-10-04,9245,2023-09-23,"15  ",022658,,6,3,9,0900,0,2,4,,1,013,"LOTUS RD",SR-49,0.00,,Y,A,-,Y,ED,,49," "," ",23.905,H,,R,Y,2,0,1,1,A,-,03,22350,,N,E,I,A,A,H,-,C,D,0,,,,,Y,,A,01,1,0,0,0,0,0,0,0,0,"- ","- ",38.808818817138672,-120.89988708496094,"EL DORADO",UNINCORPORATED,-120.89988708496094,38.808696746826172
92202897,2023,2023-10-18,9245,2023-10-07,2230,021520,,6,3,9,0900,0,3,5,,2,004,"SANDRIDGE RD","PISTACHIO LN",400.00,W,N,A,-,N,,,,,,,,,,Y,2,0,1,1,A,-,08,22107,,N,F,A,A,A,H,-,D,D,0,,,Y,,Y,Y,C,02,1,0,0,0,0,0,0,0,1,"- ","- ",38.639579772949219,-120.70497894287109,"EL DORADO",UNINCORPORATED,-120.70755767822266,38.637493133544922
92206222,2023,2023-10-23,9245,2023-10-08,2042,021379,,7,2,9,0900,0,1,3,,1,115,"ORLEANS ST","SOUTH ST",20.00,N,N,A,-,N,,,,,,,,,,N,2,0,1,2,A,-,05,21650,,N,A,G,A,A,H,-,D,A,0,,Y,,,Y,,A,01,1,0,0,0,0,0,1,0,0,"- ","- ",38.906368255615234,-120.83715057373047,"EL DORADO",UNINCORPORATED,-120.83711242675781,38.906364440917969
92225724,2023,2023-11-01,9245,2023-10-25,2319,019193,,3,3,9,0900,0,2,S,,2,005,"MOSQUITO RD","WILDLIFE WAY",79.00,N,N,C,-,N,,,,,,,,,,N,2,0,1,2,A,-,03,22350,,N,G,B,E,B,H,-,D,D,0,Y,,,,Y,,A,01,1,0,0,0,1,0,0,0,0,"- ","- ",38.738491058349609,-120.781982421875,"EL DORADO",UNINCORPORATED,-120.78205871582031,38.738410949707031
92233143,2023,2023-11-13,9245,2023-11-01,2331,018656,,3,3,9,0900,0,2,4,,1,023,"MOSQUITO RD","KAREN WAY",2.00,N,N,A,-,N,,,,,,,,,,N,2,0,1,2,A,-,01,23152,A,N,E,8,A,A,H,-,D,D,0,,,,,Y,Y,A,01,1,0,0,0,0,0,0,0,0,"- ","- ",38.751380920410156,-120.77767181396484,"EL DORADO",UNINCORPORATED,-120.77780151367188,38.751399993896484
92236733,2023,2023-11-15,9245,2023-11-03,"345 ",021520,,5,3,9,0900,0,3,5,,2,002,"WENTWORTH SPRINGS RD","BALDERSTON RD",1584.00,W,N,A,-,N,,,,,,,,,,Y,2,0,1,1,A,-,08,22107,,N,F,A,A,A,H,-,D,D,0,,,,,Y,,A,07,1,0,0,0,0,0,0,0,0,"- ","- ",38.92864990234375,-120.77960968017578,"EL DORADO",UNINCORPORATED,-120.78076934814453,38.928924560546875
92242945,2023,2023-11-22,9245,2023-11-13,1804,018756,,1,2,9,0900,0,1,3,,1,135,SR-49,"THROWITA WAY",160.00,N,N,A,-,Y,ED,,49," "," ",12.468,H,,R,Y,2,0,1,1,A,-,03,22350,,N,E,I,A,A,H,-,D,D,0,,,,,Y,,D,22,1,0,0,0,0,0,0,0,0,"- ","- ",38.703659057617188,-120.8123779296875,"EL DORADO",UNINCORPORATED,-120.81230926513672,38.703701019287109
92246620,2023,2023-11-28,9245,2023-09-04,2500,018394,,1,4,9,0900,0,2,4,,1,026,"ICE HOUSE RD","BIG HILL LOOKOUT RD",2112.00,N,N,A,-,N,,,,,,,,,,N,1,1,0,1,A,-,08,22107,,N,E,8,A,A,H,-,D,D,0,,,,,Y,,A,07,0,0,0,0,0,0,0,0,0,"- ","- ",38.836299896240234,-120.38362121582031,"EL DORADO",UNINCORPORATED,-120.38322448730469,38.836616516113281
92249073,2023,2023-11-30,9245,2023-11-25,"200 ",022185,,6,3,9,0900,0,2,S,,2,005,"GOLD RIDGE TRAIL","GRANITE TRL",1584.00,E,N,A,-,N,,,,,,,,,,Y,2,0,1,2,A,-,01,23152,A,N,B,4,A,A,H,-,D,D,0,,,,,Y,Y,D,22,1,0,0,0,0,0,0,0,0,"- ","- ",38.7559814453125,-120.57470703125,"EL DORADO",UNINCORPORATED,-120.57505035400391,38.75701904296875
92262184,2023,2023-12-14,9245,2023-12-06,1550,020197,,3,2,9,0900,0,1,2,,2,150,"US-50 EASTBOUND","ICE HOUSE ROAD",4500.00,W,N,B,C,Y,ED,,50," "," ",38.889,H,,R,Y,2,0,1,1,A,-,08,22107,,N,E,I,A,B,H,-,A,D,0,,,,,Y,,A,07,1,0,0,0,0,0,0,0,0,"- ","- ",38.774539947509766,-120.46015167236328,"EL DORADO",UNINCORPORATED,-120.46026611328125,38.774520874023438
92263399,2023,2023-12-15,9246,2023-07-05,1727,018085,,3,2,9,0900,0,2,4,,1,024,"PIONEER TRAIL","FAIR MEADOW TRAIL",76.00,S,N,A,-,N,,,,,,,,,,Y,1,2,4,2,A,-,05,21650,,N,A,C,A,A,H,-,A,D,0,,,,,Y,,A,01,1,3,0,0,0,0,0,0,0,"- ","- ",38.906890869140625,-119.96440124511719,"EL DORADO",UNINCORPORATED,-119.9642333984375,38.906970977783203
92263502,2023,2023-12-15,9245,2023-12-02,1505,019252,,6,2,9,0900,0,2,4,,1,037,"MISSOURI FLAT RD","FORNI ROAD",280.00,N,N,B,C,N,,,,,,,,,,N,2,0,1,2,A,-,09,21804,A,N,D,G,A,B,H,-,A,D,0,,Y,,,Y,,L,04,1,0,0,0,0,0,1,0,0,"- ","- ",38.706920623779297,-120.83175659179688,"EL DORADO",UNINCORPORATED,-120.83153533935547,38.706890106201172
92264585,2023,2023-12-18,9245,2023-11-29,1630,022589,,3,2,9,0900,0,3,5,,2,003,"LATROBE ROAD S/B","SUN RIDGE MEADOW ROAD",800.00,S,N,A,-,N,,,,,,,,,,N,2,0,1,1,A,-,08,22107,,N,E,I,A,A,H,-,D,D,0,,,,,Y,,D,22,1,0,0,0,0,0,0,0,0,"- ","- ",38.585258483886719,-121.00765991210938,"EL DORADO",UNINCORPORATED,-121.00753784179688,38.585258483886719
92267550,2023,2023-12-20,9245,2023-12-11,2050,021103,,1,2,9,0900,0,2,4,,1,013,"PONDEROSA ROAD","TOIYABE CT",510.00,N,N,A,-,N,,,,,,,,,,Y,2,0,3,1,A,-,08,22107,,N,E,I,A,A,H,-,D,A,0,,,,,Y,,A,07,3,0,0,0,0,0,0,0,0,"- ","- ",38.692001342773438,-120.94313049316406,"EL DORADO",UNINCORPORATED,-120.94302368164062,38.691898345947266
92272401,2023,2023-12-27,9245,2023-12-15,"730 ",015419,,5,1,9,0900,0,2,4,,1,039,"MOTHER LODE DR","FAWN ST",311.00,E,N,B,-,N,,,,,,,,,,Y,2,0,4,2,A,-,05,21460,A,N,A,C,A,A,H,-,A,D,0,,,,,Y,,A,07,2,2,0,0,0,0,0,0,0,"- ","- ",38.67108154296875,-120.89199829101562,"EL DORADO",UNINCORPORATED,-120.89208221435547,38.671043395996094
92273647,2023,2023-12-28,9246,2023-12-27,2307,018206,,3,3,9,0900,0,2,4,,1,025,"NORTH UPPER TRUCKEE RD.","NEZ PERCE DR.",83.00,N,N,B,C,N,,,,,,,,,,Y,2,0,1,1,A,-,08,22107,,N,F,J,A,B,H,-,D,D,0,,,,,Y,,A,01,1,0,0,0,0,0,0,0,0,"- ","- ",38.861499786376953,-120.03678131103516,"EL DORADO",UNINCORPORATED,-120.03668975830078,38.861373901367188
92273899,2023,2023-12-28,9245,2023-12-17,1600,021520,,7,2,9,0900,0,2,4,,2,031,"LATROBE RD","COTHRIN RANCH RD",20.00,N,N,B,C,N,,,,,,,,,,Y,2,0,4,3,A,-,03,22350,,N,C,C,A,B,H,-,A,D,0,,,,,Y,,E,22,1,1,2,0,0,0,0,0,0,"- ","- ",38.600151062011719,-121.02252197265625,"EL DORADO",UNINCORPORATED,-121.02240753173828,38.600101470947266
92275209,2023,2023-12-29,9245,2023-12-19,1600,022169,,2,2,9,0900,0,2,4,,1,041,"PLEASANT VALLEY ROAD","ZIGGY LANE",528.00,E,N,B,-,N,,,,,,,,,,Y,2,0,2,3,A,-,05,21460,A,N,A,C,A,B,H,-,A,D,0,,,,,Y,,A,01,1,0,1,0,0,0,0,0,0,"- ","- ",38.692531585693359,-120.79367828369141,"EL DORADO",UNINCORPORATED,-120.79271697998047,38.691944122314453
92279274,2023,2024-01-04,9245,2023-10-09,2349,019793,,1,3,9,0900,0,2,4,,2,011,"GREEN VALLEY ROAD","SOPHIA PARKWAY",409.00,E,N,B,-,N,,,,,,,,,,Y,1,1,0,1,A,-,08,22107,,N,E,I,A,A,D,-,D,D,0,,,,,Y,,A,01,0,0,0,0,0,0,0,0,0,"- ","- ",38.701820373535156,-121.10532379150391,"EL DORADO",UNINCORPORATED,-121.10554504394531,38.701816558837891
92288321,2024,2024-01-16,9245,2024-01-04,1030,017752,,4,1,9,0900,0,1,2,,1,170,"US-50 E/O KYBURZ DR","KYBURZ DR",625.00,E,N,A,-,Y,ED,,50," "," ",49.285,H,,R,Y,2,0,2,2,A,-,01,23152,A,F,A,C,A,B,H,-,A,D,0,,,,,Y,Y,A,01,1,1,0,0,0,0,0,0,0,"- ","- ",38.772331237792969,-120.29026031494141,"EL DORADO",UNINCORPORATED,-120.29026031494141,38.7723388671875
92293939,2024,2024-01-22,9245,2024-01-10,1300,015419,,3,1,9,0900,0,1,3,,1,135,SR-49,"UNION MINE RD",2640.00,N,N,C,-,Y,ED,,49," "," ",3.639,H,,R,N,2,0,3,2,A,-,05,21460,A,N,A,C,A,B,H,-,A,D,0,,,,,Y,,A,01,2,1,0,0,0,0,0,0,0,"- ","- ",38.600349426269531,-120.85027313232422,"EL DORADO",UNINCORPORATED,-120.85027313232422,38.600330352783203
92294738,2024,2024-01-23,9246,2024-01-22,1110,014471,,1,1,9,0900,0,1,3,,1,030,"SR-89 (EMERALD BAY RD)","CASCADE PROPERTY",528.00,N,N,B,C,Y,ED,,89," "," ",13.907,H,,R,Y,2,0,1,1,A,-,08,22107,,N,E,I,A,B,H,-,A,D,0,,,,,Y,,D,22,1,0,0,0,0,0,0,0,0,"- ","- ",38.942470550537109,-120.07875823974609,"EL DORADO",UNINCORPORATED,-120.07890319824219,38.942501068115234
92295015,2024,2024-01-23,9245,2024-01-13,"700 ",018656,,6,1,9,0900,0,1,2,,1,170,US-50,"WRIGHTS  LAKE RD",700.00,W,N,D,-,Y,ED,,50," "," ",53.687,H,,R,Y,2,0,2,2,A,-,03,22350,,N,A,C,A,C,H,-,A,D,0,,,,Y,Y,,D,22,1,0,1,0,0,0,0,0,0,"- ","- ",38.783729553222656,-120.21598815917969,"EL DORADO",UNINCORPORATED,-120.21588134765625,38.783657073974609
92305637,2023,2024-02-05,9245,2023-06-05,"305 ",022185,,1,3,9,0900,0,1,2,,2,120,"US-50 WESTBOUND","EL DORADO RD",3043.00,W,N,A,-,Y,ED,,50," ",R,13.404,H,,L,N,1,1,0,2,A,-,11,21954,A,F,G,B,E,A,H,-,D,D,0,Y,,,,Y,,N,60,0,0,0,1,0,0,0,0,0,"- ","- ",38.701320648193359,-120.86686706542969,"EL DORADO",UNINCORPORATED,-120.86687469482422,38.701332092285156
92323067,2024,2024-02-26,9245,2024-02-16,1457,017364,,5,2,9,0900,0,2,4,,1,014,"COLD SPRINGS RD","MARVA LANE",115.00,N,N,B,-,N,,,,,,,,,,N,2,0,1,1,A,-,03,22350,,N,F,I,A,A,A,-,A,D,0,,Y,,,Y,,L,04,1,0,0,0,0,0,1,0,0,"- ","- ",38.744651794433594,-120.87135314941406,"EL DORADO",UNINCORPORATED,-120.87126159667969,38.744655609130859
92331257,2023,2024-03-06,9245,2023-10-29,2143,019193,,7,2,9,0900,0,1,2,,1,170,US-50,"WRIGHTS LAKE ROAD",3115.00,W,N,A,-,Y,ED,,50," "," ",53.204,H,,R,Y,1,1,0,1,A,-,01,23152,A,N,E,I,A,A,H,-,D,D,0,,,,,Y,Y,A,01,0,0,0,0,0,0,0,0,0,"- ","- ",38.783149719238281,-120.22389984130859,"EL DORADO",UNINCORPORATED,-120.22389221191406,38.783184051513672