CASE_ID,ACCIDENT_YEAR,PROC_DATE,JURIS,COLLISION_DATE,COLLISION_TIME,OFFICER_ID,REPORTING_DISTRICT,DAY_OF_WEEK,CHP_SHIFT,POPULATION,CNTY_CITY_LOC,SPECIAL_COND,BEAT_TYPE,CHP_BEAT_TYPE,CITY_DIVISION_LAPD,CHP_BEAT_CLASS,BEAT_NUMBER,PRIMARY_RD,SECONDARY_RD,DISTANCE,DIRECTION,INTERSECTION,WEATHER_1,WEATHER_2,STATE_HWY_IND,CALTRANS_COUNTY,CALTRANS_DISTRICT,STATE_ROUTE,ROUTE_SUFFIX,POSTMILE_PREFIX,POSTMILE,LOCATION_TYPE,RAMP_INTERSECTION,SIDE_OF_HWY,TOW_AWAY,COLLISION_SEVERITY,NUMBER_KILLED,NUMBER_INJURED,PARTY_COUNT,PRIMARY_COLL_FACTOR,PCF_CODE_OF_VIOL,PCF_VIOL_CATEGORY,PCF_VIOLATION,PCF_VIOL_SUBSECTION,HIT_AND_RUN,TYPE_OF_COLLISION,MVIW,PED_ACTION,ROAD_SURFACE,ROAD_COND_1,ROAD_COND_2,LIGHTING,CONTROL_DEVICE,CHP_ROAD_TYPE,PEDESTRIAN_ACCIDENT,BICYCLE_ACCIDENT,MOTORCYCLE_ACCIDENT,TRUCK_ACCIDENT,NOT_PRIVATE_PROPERTY,ALCOHOL_INVOLVED,STWD_VEHTYPE_AT_FAULT,CHP_VEHTYPE_AT_FAULT,COUNT_SEVERE_INJ,COUNT_VISIBLE_INJ,COUNT_COMPLAINT_PAIN,COUNT_PED_KILLED,COUNT_PED_INJURED,COUNT_BICYCLIST_KILLED,COUNT_BICYCLIST_INJURED,COUNT_MC_KILLED,COUNT_MC_INJURED,PRIMARY_RAMP,SECONDARY_RAMP,LATITUDE,LONGITUDE,COUNTY,CITY,POINT_X,POINT_Y
94482444,2024,2024-11-25,9245,2024-11-15,"55  ",021379,,5,3,9,0900,0,3,5,,2,004,"GOLD RIDGE TRAIL","GRANITE TRAIL",410.00,S,N,C,-,N,,,,,,,,,,Y,2,0,1,1,A,-,01,23152,A,N,D,8,A,B,H,-,D,D,0,,,,,Y,Y,D,22,1,0,0,0,0,0,0,0,0,"- ","- ",38.755908966064453,-120.57421112060547,"EL DORADO",UNINCORPORATED,-120.57432556152344,38.755977630615234
94484251,2024,2024-11-26,9245,2024-11-22,"250 ",022589,,5,3,9,0900,0,3,5,,2,003,"FRENCH CREEK RD","CONNIE LANE",1056.00,S,N,A,-,N,,,,,,,,,,Y,2,0,1,1,A,-,01,23152,A,N,E,8,A,A,H,-,D,D,0,,,,,Y,Y,A,01,1,0,0,0,0,0,0,0,0,"- ","- ",38.626289367675781,-120.92109680175781,"EL DORADO",UNINCORPORATED,-120.92081451416016,38.626701354980469
94489108,2024,2024-12-02,9245,2024-11-19,2325,022185,,2,3,9,0900,0,2,4,,1,032,"SOUTH SHINGLE ROAD","TWILIGHT LN",1078.00,S,N,B,-,N,,,,,,,,,,Y,2,0,1,1,A,-,01,23152,A,N,E,8,A,A,H,-,D,D,0,,,,,Y,Y,A,01,1,0,0,0,0,0,0,0,0,"- ","- ",38.612331390380859,-120.95404815673828,"EL DORADO",UNINCORPORATED,-120.9541015625,38.612361907958984
94498675,2024,2024-12-13,9245,2024-12-02,"150 ",022185,,1,3,9,0900,0,2,4,,1,015,"CAMERON PARK DR","ALHAMBRA DRIVE",10.00,S,N,A,-,N,,,,,,,,,,Y,2,0,1,1,A,-,01,23152,A,N,E,I,A,A,H,-,C,D,0,,,,,Y,Y,A,01,1,0,0,0,0,0,0,0,0,"- ","- ",38.688869476318359,-120.99049377441406,"EL DORADO",UNINCORPORATED,-120.99069976806641,38.688899993896484
94507336,2024,2024-12-17,9245,2024-12-15,1140,019158,,7,1,9,0900,0,2,4,,1,041,"PLEASANT VALLEY ROAD","HANKS EXCHANGE RD",150.00,W,N,A,-,N,,,,,,,,,,Y,2,0,2,2,A,-,05,21460,A,N,A,C,A,A,H,-,A,D,0,,,,,Y,,D,22,2,0,0,0,0,0,0,0,0,"- ","- ",38.67578125,-120.75282287597656,"EL DORADO",UNINCORPORATED,-120.75276947021484,38.675807952880859
94532174,2024,2025-01-09,9245,2024-12-31,"800 ",019793,,2,1,9,0900,0,2,4,,1,037,"MISSOURI FLAT ROAD","MOTHER LODE DRIVE",1.00,N,N,A,-,N,,,,,,,,,,Y,2,0,2,2,A,-,08,22107,,N,A,C,A,A,H,-,A,A,0,,,,,Y,,A,01,1,1,0,0,0,0,0,0,0,"- ","- ",38.71051025390625,-120.83791351318359,"EL DORADO",UNINCORPORATED,-120.83786010742188,38.710372924804688
94542239,2024,2025-01-17,9245,2024-12-06,2035,022169,,5,2,9,0900,0,2,4,,1,041,"PLEASANT VALLEY ROAD","MANOR DRIVE",300.00,E,N,A,-,N,,,,,,,,,,Y,2,0,5,2,A,-,05,21460,A,N,A,2,A,A,H,-,D,D,0,,,,,Y,,D,22,3,0,2,0,0,0,0,0,0,"- ","- ",38.688770294189453,-120.78392791748047,"EL DORADO",UNINCORPORATED,-120.78457641601562,38.689140319824219
94552809,2025,2025-01-28,9245,2025-01-14,1700,020781,,2,2,9,0900,0,3,5,,2,003,"PRODUCT DR","MARKET CT",0.00,,Y,A,-,N,,,,,,,,,,N,2,0,1,2,A,-,12,22450,A,N,D,C,A,A,H,-,B,A,0,,Y,,,Y,,L,04,1,0,0,0,0,0,1,0,0,"- ","- ",38.653591156005859,-120.95037841796875,"EL DORADO",UNINCORPORATED,-120.95041656494141,38.653587341308594
94562486,2025,2025-02-03,9245,2025-01-24,"813 ",018601,,5,1,9,0900,0,1,2,,2,110,"US-50 W/B","SILVA VALLEY PKY",2112.00,E,N,A,-,Y,ED,,50," ",R,2.307,H,,L,Y,2,0,4,5,A,-,07,21658,A,N,B,2,A,A,H,-,A,D,0,,,,,Y,,A,07,1,1,2,0,0,0,0,0,0,"- ","- ",38.657970428466797,-121.04575347900391,"EL DORADO",UNINCORPORATED,-121.0457763671875,38.657936096191406
94564872,2025,2025-02-04,9245,2025-01-30,1530,020602,,4,2,9,0900,0,2,4,,2,011,"GREEN VALLEY RD","FRANCISCO DR",500.00,E,N,A,-,N,,,,,,,,,,N,2,0,1,2,A,-,09,21804,A,N,D,G,A,A,H,-,A,A,0,,Y,,,Y,,A,07,1,0,0,0,0,0,1,0,0,"- ","- ",38.709880828857422,-121.08355712890625,"EL DORADO",UNINCORPORATED,-121.08366394042969,38.709747314453125
94575367,2025,2025-02-12,9245,2025-02-02,1909,020197,,7,2,9,0900,0,1,2,,2,140,"US 50 E/B","CARSON RD",575.00,W,N,B,C,Y,ED,,50," "," ",18.691,H,,R,Y,2,0,1,1,A,-,01,23152,A,N,E,I,A,B,H,-,C,D,0,,,,,Y,Y,A,07,1,0,0,0,0,0,0,0,0,"- ","- ",38.731380462646484,-120.78730010986328,"EL DORADO",UNINCORPORATED,-120.78730010986328,38.731372833251953
94596444,2025,2025-03-04,9245,2025-02-20,1128,017897,,4,1,9,0900,0,2,4,,2,011,"GREEN VALLEY RD","GREENSTONE RD",20.00,E,N,A,-,N,,,,,,,,,,Y,2,0,1,1,A,-,08,22107,,N,E,I,A,A,H,-,A,A,0,,,,,Y,,A,01,1,0,0,0,0,0,0,0,0,"- ","- ",38.708759307861328,-120.88935089111328,"EL DORADO",UNINCORPORATED,-120.88937377929688,38.708698272705078
94597548,2025,2025-03-05,9245,2025-02-25,"130 ",018656,,2,3,9,0900,0,3,5,,2,001,"DEER VALLEY RD","KANAKA VALLEY RD",40.00,E,N,A,-,N,,,,,,,,,,N,2,0,1,1,A,-,01,23152,A,N,E,8,A,B,H,-,D,D,0,,,,,Y,Y,A,01,1,0,0,0,0,0,0,0,0,"- ","- ",38.728530883789062,-121.01432037353516,"EL DORADO",UNINCORPORATED,-121.01423645019531,38.728397369384766
94597667,2025,2025-03-05,9245,2025-02-19,2158,021379,,3,2,9,0900,0,1,2,,2,110,"US-50 W/B","CAMERON PARK DR",3696.00,W,N,B,-,Y,ED,,50," "," ",5.879,H,,L,Y,2,0,2,1,A,-,08,22107,,N,F,A,A,B,H,-,D,D,0,,,,,Y,,A,01,1,1,0,0,0,0,0,0,0,"- ","- ",38.658561706542969,-120.98182678222656,"EL DORADO",UNINCORPORATED,-120.98181915283203,38.658538818359375
94599854,2025,2025-03-17,9245,2025-02-27,1011,017897,,4,1,9,0900,0,2,4,,1,023,"MOSQUITO RD","MOSQUITO CUTOFF RD",655.00,N,N,A,-,N,,,,,,,,,,N,2,0,1,1,A,-,08,22107,,N,F,A,A,A,H,-,A,D,0,,Y,,,Y,,M,91,1,0,0,0,0,0,1,0,0,"- ","- ",38.790889739990234,-120.73679351806641,"EL DORADO",UNINCORPORATED,-120.73677825927734,38.790927886962891
94626304,2025,2025-03-25,9245,2025-02-24,2100,022658,,1,2,9,0900,0,3,5,,2,002,"SLIGER MINE RD","MIRACLE LN",10.00,N,N,A,-,N,,,,,,,,,,Y,2,0,1,1,A,-,08,22107,,N,F,A,A,A,H,-,D,D,0,,,Y,,Y,,C,02,1,0,0,0,0,0,0,0,1,"- ","- ",38.939079284667969,-120.90679168701172,"EL DORADO",UNINCORPORATED,-120.90674591064453,38.939014434814453
94638065,2025,2025-04-04,9245,2025-03-26,1730,020184,,3,2,9,0900,0,1,3,,1,122,"STATE ROUTE 193","WILD LILAC LN",800.00,W,N,A,-,Y,ED,,193," ",R,6.662,H,,R,Y,2,0,4,4,A,-,01,23153,A,N,A,C,A,A,H,-,A,D,0,,,Y,,Y,Y,A,01,1,2,1,0,0,0,0,0,1,"- ","- ",38.903358459472656,-120.91754913330078,"EL DORADO",UNINCORPORATED,-120.91758728027344,38.903354644775391
94641195,2025,2025-04-08,9245,2025-03-12,2100,022424,,3,2,9,0900,0,1,2,,1,170,"RT 50","ALDER CREEK RD",2652.00,W,N,D,-,Y,ED,,50," "," ",43.381,H,,R,Y,2,0,1,2,A,-,01,23152,A,N,A,C,A,C,G,-,D,D,0,,,,,Y,Y,D,22,1,0,0,0,0,0,0,0,0,"- ","- ",38.770961761474609,-120.38593292236328,"EL DORADO",UNINCORPORATED,-120.38596343994141,38.770919799804688
94646782,2025,2025-04-11,9245,2025-04-02,2040,022589,,3,2,9,0900,0,2,4,,1,023,"MOSQUITO ROAD","LADERA LN",280.00,S,N,A,-,N,,,,,,,,,,Y,2,0,1,1,A,-,08,22107,,N,E,I,A,B,H,-,D,D,0,,,,,Y,,A,07,1,0,0,0,0,0,0,0,0,"- ","- ",38.742908477783203,-120.78148651123047,"EL DORADO",UNINCORPORATED,-120.7816162109375,38.742923736572266
94648135,2025,2025-04-14,9245,2025-03-28,2000,023059,,5,2,9,0900,0,3,5,,2,001,"LA CRESCENTA DR","LA CANADA DR",300.00,N,N,A,-,N,,,,,,,,,,N,2,0,2,2,A,-,01,23153,A,N,G,B,E,A,H,-,C,D,0,Y,,Y,,Y,Y,C,02,2,0,0,0,1,0,0,0,1,"- ","- ",38.696540832519531,-120.989990234375,"EL DORADO",UNINCORPORATED,-120.99005126953125,38.696826934814453
94658325,2025,2025-04-22,9245,2025-04-12,"720 ",018394,,6,1,9,0900,0,2,4,,1,015,"CAMERON PARK DR","VIRADA RD",237.00,S,N,A,-,N,,,,,,,,,,N,2,0,1,1,A,-,08,22107,,N,E,I,A,A,H,-,A,D,0,,,,,Y,,D,22,1,0,0,0,0,0,0,0,0,"- ","- ",38.68572998046875,-120.98680114746094,"EL DORADO",UNINCORPORATED,-120.98684692382812,38.685665130615234
94658337,2025,2025-04-22,9245,2025-04-12,1255,018394,,6,1,9,0900,0,1,2,,2,110,"US-50 E/B","EL DORADO HILLS BLVD",2112.00,W,N,A,-,Y,ED,,50," "," ",0.477,H,,R,N,2,0,1,2,A,-,03,22350,,F,C,C,A,A,H,-,A,D,0,,,Y,,Y,,-,99,1,0,0,0,0,0,0,0,1,"- ","- ",38.650779724121094,-121.07743072509766,"EL DORADO",UNINCORPORATED,-121.07733917236328,38.650615692138672
94664731,2025,2025-04-25,9245,2025-04-16,1945,019119,,3,2,9,0900,0,2,4,,1,041,"PLEASANT VALLEY RD","KEARNS RD.",359.00,E,N,A,-,N,,,,,,,,,,Y,2,0,1,1,A,-,01,23152,A,N,F,A,A,A,H,-,D,D,0,,,,,Y,Y,D,22,1,0,0,0,0,0,0,0,0,"- ","- ",38.685779571533203,-120.77816009521484,"EL DORADO",UNINCORPORATED,-120.77826690673828,38.685710906982422
94673272,2025,2025-05-02,9245,2025-04-26,1520,022589,,6,2,9,0900,0,2,4,,1,032,"S SHINGLE ROAD","FERNWOOD DR",550.00,S,N,A,-,N,,,,,,,,,,N,2,0,1,2,A,-,03,22350,,N,B,C,A,A,H,-,A,D,0,,,Y,,Y,,C,02,1,0,0,0,0,0,0,0,1,"- ","- ",38.588409423828125,-120.96217346191406,"EL DORADO",UNINCORPORATED,-120.96212768554688,38.588489532470703
94685232,2025,2025-05-13,9245,2025-04-19,1430,018601,,6,2,9,0900,0,1,2,,2,140,"US-50 W/B TO CARSON RD.","PONDORADO RD.",2640.00,E,N,A,-,Y,,,,,,,,,,Y,1,1,0,1,A,-,03,22350,,N,F,A,A,A,H,-,A,D,0,,,Y,,Y,,C,02,0,0,0,0,0,0,0,1,0,"- ","- ",38.740478515625,-120.69670104980469,"EL DORADO",UNINCORPORATED,-120.70780944824219,38.736824035644531
94685298,2025,2025-05-13,9245,2025-05-05,1820,020184,,1,2,9,0900,0,2,4,,1,021,"MARSHALL ROAD","PROSPECTORS ROAD",0.00,,Y,A,-,N,,,,,,,,,,N,2,0,1,2,A,-,03,22350,,N,C,C,A,A,H,-,A,D,0,,,Y,,Y,,C,02,1,0,0,0,0,0,0,0,1,"- ","- ",38.816089630126953,-120.90254211425781,"EL DORADO",UNINCORPORATED,-120.90252685546875,38.816062927246094
94687347,2025,2025-05-14,9245,2025-05-06,1449,019793,,2,2,9,0900,0,2,4,,1,039,"MOTHER LODE DRIVE","GREENSTONE CUTOFF",0.00,,Y,A,-,N,,,,,,,,,,Y,2,0,1,2,A,-,03,22350,,N,C,C,A,A,H,-,A,D,0,,,Y,,Y,,C,02,1,0,0,0,0,0,0,0,1,"- ","- ",38.675220489501953,-120.8834228515625,"EL DORADO",UNINCORPORATED,-120.88337707519531,38.675212860107422
94695439,2025,2025-05-21,9245,2025-01-15,1250,017728,,3,1,9,0900,0,1,2,,1,170,"US-50 E/B","WRIGHTS LAKE RD",4224.00,E,N,A,-,Y,ED,,50," "," ",54.728,H,,R,N,1,1,0,1,A,-,08,22107,,N,E,I,A,A,H,-,A,D,0,,,,,Y,,D,23,0,0,0,0,0,0,0,0,0,"- ","- ",38.788841247558594,-120.19873046875,"EL DORADO",UNINCORPORATED,-120.19876861572266,38.788909912109375
94701482,2025,2025-05-27,9245,2025-05-14,1630,020184,,3,2,9,0900,0,2,4,,1,041,"PLEASANT VALLEY RD","THORSON DRIVE",0.00,,Y,A,-,N,,,,,,,,,,Y,2,0,1,2,A,-,06,21750,A,N,C,C,A,A,H,-,A,D,0,,,Y,,Y,,C,02,1,0,0,0,0,0,0,0,1,"- ","- ",38.691051483154297,-120.69481658935547,"EL DORADO",UNINCORPORATED,-120.69474029541016,38.691036224365234
94701624,2025,2025-05-27,9245,2025-05-22,1540,018656,,4,2,9,0900,0,2,4,,1,041,"PLEASANT VALLEY RD","CANYON VALLEY RD",100.00,W,N,A,-,N,,,,,,,,,,N,2,0,1,2,A,-,03,22350,,N,C,C,A,A,H,-,A,D,0,,,,,Y,,A,07,1,0,0,0,0,0,0,0,0,"- ","- ",38.694900512695312,-120.80573272705078,"EL DORADO",UNINCORPORATED,-120.80545806884766,38.694892883300781
94728762,2025,2025-06-17,9245,2025-06-04,1130,017897,,3,1,9,0900,0,2,S,,2,005,"ICE HOUSE RD","WENTWORTH SPRINGS RD",4224.00,N,N,A,-,N,,,,,,,,,,N,2,0,1,1,A,-,03,22350,,N,E,I,A,A,D,-,A,A,0,,,Y,,Y,,C,02,1,0,0,0,0,0,0,0,1,"- ","- ",38.949241638183594,-120.38687896728516,"EL DORADO",UNINCORPORATED,-120.37168121337891,38.957843780517578
94753451,2025,2025-07-08,9245,2025-06-29,"240 ",022185,,7,3,9,0900,0,1,3,,1,122,SR-193,"PENOBSCOT RD",1584.00,W,N,A,-,Y,ED,,193," ",R,3.826,H,,R,Y,2,0,1,1,A,-,01,23152,A,N,E,I,A,A,H,-,D,D,0,,,,,Y,Y,A,01,1,0,0,0,0,0,0,0,0,"- ","- ",38.900318145751953,-120.95298767089844,"EL DORADO",UNINCORPORATED,-120.95295715332031,38.900226593017578
94807644,2025,2025-08-18,9246,2025-06-07,"753 ",021208,,6,1,9,0900,0,2,4,,1,025,"LAKE TAHOE BLVD","SAWMILL RD",0.00,,Y,A,-,N,,,,,,,,,,Y,1,1,0,2,A,-,09,21802,B,N,G,G,A,A,H,-,A,B,0,,Y,,,Y,,A,07,0,0,0,0,0,1,0,0,0,"- ","- ",38.888278961181641,-120.02706909179688,"EL DORADO",UNINCORPORATED,-120.02710723876953,38.88848876953125
94814341,2025,2025-08-22,9245,2025-06-20,2114,023059,,5,2,9,0900,0,2,4,,2,011,"GREEN VALLEY ROAD","SKINNER LN",12.00,W,N,A,-,N,,,,,,,,,,N,1,1,0,1,A,-,08,22107,,N,E,8,A,A,H,-,D,D,0,,,,,Y,,A,07,0,0,0,0,0,0,0,0,0,"- ","- ",38.711910247802734,-120.95050048828125,"EL DORADO",UNINCORPORATED,-120.95030975341797,38.711894989013672
9482091,2022,2022-08-26,0901,2022-07-04,0951,349,0901,1,5,2,0901,0,0,0,,0,PP1,"PLACERVILLE DR","PLACERVILLE DR 567",0.00,,N,A,-,N,,,,,,,,,,Y,2,0,2,1,A,-,05,21650,,N,A,I,A,A,H,-,A,A,0,,,,,Y,,A,01,1,0,1,0,0,0,0,0,0,"- ","- ",,,"EL DORADO",PLACERVILLE,-121.09248352050781,38.627090454101562
9600843,2023,2023-08-03,0901,2023-07-18,"54  ",349,0901,2,5,2,0901,0,0,0,,0,PP2,"CARSON RD","UNION RIDGE RD",1520.00,E,N,A,-,N,,,,,,,,,,Y,2,0,1,1,A,-,03,22350,,N,H,J,A,A,H,-,D,D,0,,,Y,,Y,,C,02,1,0,0,0,0,0,0,0,1,"- ","- ",,,"EL DORADO",PLACERVILLE,-120.74220275878906,38.741424560546875
9611773,2023,2023-09-12,0901,2023-07-08,1645,307,0901,6,5,2,0901,0,0,0,,0,PP1,"PLACERVILLE DR","PIERROZ RD",582.00,E,N,A,-,N,,,,,,,,,,Y,2,0,2,2,A,-,05,21460,A,N,A,C,A,A,H,-,A,D,0,,,,,Y,,A,01,2,0,0,0,0,0,0,0,0,"- ","- ",,,"EL DORADO",PLACERVILLE,-120.82785034179688,38.733539581298828
9656214,2023,2024-02-01,0901,2023-12-14,1800,353,1,4,5,2,0901,0,0,0,,0,001,"RT 50","BEDFORD AV",0.00,,Y,A,-,Y,ED,3,50,-,-,18.032,I,5,W,Y,2,0,2,2,A,-,12,21453,A,N,A,C,A,A,H,-,C,A,0,,,,,Y,,A,01,1,1,0,0,0,0,0,0,0,"- ","- ",38.740959167480469,-120.80075836181641,"EL DORADO",PLACERVILLE,-120.79900360107422,38.730514526367188
9675217,2024,2024-04-11,0901,2024-02-06,1525,355,2,2,5,2,0901,0,0,0,,0,002,"SMITH FLAT RD","POLE #22B6",72.00,E,N,C,-,N,,,,,,,,,,Y,2,0,1,1,A,-,08,22107,,N,E,I,A,B,H,-,A,D,0,,,,,Y,Y,D,22,1,0,0,0,0,0,0,0,0,"- ","- ",,,"EL DORADO",PLACERVILLE,,
9730932,2024,2024-10-28,0901,2024-08-25,1859,358,1,7,5,2,0901,0,0,0,,0,001,"RT 50","CANAL ST",0.00,,Y,A,-,Y,ED,3,50,-,-,17.390,H,-,E,Y,2,0,1,1,A,-,03,22350,,N,E,J,A,A,H,-,A,D,0,,,Y,,Y,Y,C,02,1,0,0,0,0,0,0,0,1,"- ","- ",,,"EL DORADO",PLACERVILLE,-120.80968475341797,38.728916168212891
9778612,2025,2025-02-24,0901,2025-01-01,2300,356,1,3,5,2,0901,0,0,0,,0,001,"RT 50","PLACERVILLE DR",0.00,,Y,A,-,Y,ED,3,50,-,-,15.990,R,3,E,Y,2,0,2,2,A,-,08,22107,,N,A,G,A,A,H,-,C,D,0,,Y,,,Y,,D,22,1,0,1,0,0,0,1,0,0,EO,"- ",38.723880767822266,-120.83426666259766,"EL DORADO",PLACERVILLE,-120.83078765869141,38.722213745117188
9807450,2025,2025-06-12,0901,2025-05-16,1559,358,2,5,5,2,0901,0,0,0,,0,002,"BROADWAY DR","MONTEREY RD",480.00,E,N,A,-,N,,,,,,,,,,N,2,0,1,3,A,-,01,23152,A,N,B,C,A,A,H,-,A,D,0,,,,,Y,Y,A,01,1,0,0,0,0,0,0,0,0,"- ","- ",38.731548309326172,-120.75830078125,"EL DORADO",PLACERVILLE,-120.75832366943359,38.731525421142578
6290580,2014,2015-12-29,9245,2014-04-11,1905,16451,,5,2,9,0900,0,3,5,,2,002,"MAIN ST","RICCI RD",0.00,,Y,A,-,N,,,,,,,,,,Y,1,1,0,2,A,-,01,23152,A,N,C,C,A,A,H,-,A,D,0,,,Y,,Y,Y,C,02,0,0,0,0,0,0,0,1,0,"- ","- ",38.896419999999999,-120.91254000000001,"EL DORADO",UNINCORPORATED,-120.91254000000001,38.896419999999999
6290622,2014,2014-06-05,9245,2014-03-18,1218,13463,,2,1,9,0900,0,3,5,,2,002,"WENTWORTH SPRINGS RD","STARWOOD LN",551.00,W,N,A,-,N,,,,,,,,,,Y,1,1,1,1,C,-,18,,,N,E,I,A,A,H,-,A,D,0,,,,,Y,,-,"- ",1,0,0,0,0,0,0,0,0,"- ","- ",38.922150000000002,-120.80294000000001,"EL DORADO",UNINCORPORATED,-120.80283281,38.922362360000001
6291739,2014,2015-12-31,9245,2014-10-16,2025,17935,,4,2,9,0900,0,2,4,,1,042,"OMO RANCH RD","FAIRPLAY RD",315.00,E,N,A,-,N,,,,,,,,,,Y,1,1,0,1,A,-,05,21650,,N,E,I,A,A,H,-,D,D,0,,,Y,,Y,,C,02,0,0,0,0,0,0,0,1,0,"- ","- ",38.574820000000003,-120.66125,"EL DORADO",UNINCORPORATED,-120.66141496,38.574749529999998
6292185,2015,2015-05-27,9246,2015-03-13,2228,18916,,5,3,9,0900,0,1,2,,1,021,"RT 50","CHIAPA DR",1116.00,W,N,A,-,Y,ED,3,50,-,-,69.810,H,-,W,Y,1,1,2,2,A,-,01,23152,A,N,A,C,A,A,H,-,D,D,0,,,,,Y,Y,A,07,2,0,0,0,0,0,0,0,0,"- ","- ",38.504100000000001,-120.0154,"EL DORADO",UNINCORPORATED,-120.03376323000001,38.8437701
6292221,2015,2016-01-11,9245,2015-04-11,1828,15607,,6,2,2,0901,0,1,2,,2,140,"RT 50","MOSQUITO RD",172.00,E,N,A,-,Y,ED,3,50,-,-,18.630,R,2,W,Y,1,1,0,1,A,-,03,22350,,N,E,I,A,A,H,-,A,D,1,,,Y,,Y,,C,02,0,0,0,0,0,0,0,1,0,WF,"- ",38.731720000000003,-120.7897,"EL DORADO",PLACERVILLE,-120.7881513,38.731429509999998
6353568,2014,2014-06-16,9245,2014-01-04,2315,18240,,6,3,9,0900,0,2,4,,1,021,"MARSHALL RD","GREENWOOD RD",106.00,W,N,A,-,N,,,,,,,,,,Y,2,0,1,1,A,-,01,23152,A,N,E,I,A,A,H,-,D,D,0,,,,,Y,Y,A,01,1,0,0,0,0,0,0,0,0,"- ","- ",38.855110000000003,-120.85769000000001,"EL DORADO",UNINCORPORATED,-120.85672837,38.854640510000003
6359655,2014,2014-06-09,9245,2014-01-18,1500,015607,,6,2,9,0900,0,3,5,,2,003,"DUROCK RD","BUSINESS DR",428.00,E,N,A,-,N,,,,,,,,,,Y,2,0,1,1,A,-,01,23152,A,N,E,I,A,A,H,-,A,D,0,,,,,Y,Y,D,22,1,0,0,0,0,0,0,0,0,"- ","- ",38.657029999999999,-120.95383,"EL DORADO",UNINCORPORATED,-120.95336319,38.657120059999997
6360955,2014,2014-06-16,9245,2014-01-16,1756,015607,,4,2,9,0900,0,2,4,,1,043,"SLY PARK RD","BELFORD ESTATES RD",495.00,N,N,A,-,N,,,,,,,,,,Y,2,0,1,1,A,-,05,21460,A,N,E,I,A,A,H,-,D,D,0,,,,,Y,,D,22,1,0,0,0,0,0,0,0,0,"- ","- ",38.719659999999998,-120.57734000000001,"EL DORADO",UNINCORPORATED,-120.57774255,38.719306979999999
6365522,2014,2014-06-04,9245,2014-01-18,1655,017935,,6,2,9,0900,0,2,4,,1,042,"MOUNT AUKUM RD","MOUNT AUKUM RD 6520",1584.00,N,N,A,-,N,,,,,,,,,,Y,2,0,1,1,A,-,01,23152,A,N,E,I,A,A,H,-,A,D,0,,,,,Y,Y,D,22,1,0,0,0,0,0,0,0,0,"- ","- ",38.62444,-120.70094,"EL DORADO",UNINCORPORATED,,
6389440,2014,2015-11-13,9245,2014-02-17,0715,15262,,1,1,9,0900,0,1,2,,2,110,"RT 50","BASS LAKE RD",3960.00,W,N,A,-,Y,ED,3,50,-,R,2.430,H,-,W,Y,2,0,1,1,A,-,01,23152,A,N,E,I,A,A,H,-,A,A,1,,,,,Y,,A,07,1,0,0,0,0,0,0,0,0,"- ","- ",38.6571,-121.0442,"EL DORADO",UNINCORPORATED,-121.04388889000001,38.656776739999998
6427432,2014,2015-02-23,9245,2014-03-25,0920,13929,,2,1,9,0900,0,2,4,,1,013,"PONDEROSA RD","REFLECTION RD",600.00,S,N,B,-,Y,,,,,,,,,,N,2,0,1,1,A,-,01,23152,,N,E,I,A,A,H,-,A,D,0,,,,,Y,,A,01,1,0,0,0,0,0,0,0,0,"- ","- ",38.700409999999998,-120,"EL DORADO",UNINCORPORATED,-120.94299751,38.703477769999999
6471092,2014,2014-07-23,9245,2014-05-05,1705,013279,,1,2,9,0900,0,2,4,,1,043,"SLY PARK RD","ONYX TRL",150.00,N,N,B,-,N,,,,,,,,,,Y,2,0,1,1,A,-,05,21460,A,N,E,I,A,A,H,-,A,A,0,,,,,Y,,D,22,1,0,0,0,0,0,0,0,0,"- ","- ",38.752600000000001,-120.55710000000001,"EL DORADO",UNINCORPORATED,-120.55736815,38.751611850000003
6503598,2014,2014-08-11,9245,2014-05-17,1120,13463,,6,1,9,0900,0,3,5,,2,002,"WENTWORTH SPRINGS RD","MARK EDISON DAM",0.00,,Y,A,-,N,,,,,,,,,,Y,2,0,1,2,A,-,03,22350,,N,E,I,A,A,H,-,A,D,0,,,Y,,Y,,C,02,1,0,0,0,0,0,0,0,1,"- ","- ",38.905050000000003,-120.60332,"EL DORADO",UNINCORPORATED,-120.5646795,38.900303999999998
6512690,2014,2014-07-29,9245,2014-05-29,1725,017737,,4,2,9,0900,0,3,5,,2,002,"MOUNT MURPHY RD","LYNX RIDGE RD",900.00,S,N,A,-,N,,,,,,,,,,Y,2,0,1,2,A,-,03,22350,,N,A,C,A,A,H,-,A,D,0,,,Y,,Y,,C,02,1,0,0,0,0,0,0,0,1,"- ","- ",38.929400000000001,-121.07899999999999,"EL DORADO",UNINCORPORATED,,