CASE_ID,ACCIDENT_YEAR,PROC_DATE,JURIS,COLLISION_DATE,COLLISION_TIME,OFFICER_ID,REPORTING_DISTRICT,DAY_OF_WEEK,CHP_SHIFT,POPULATION,CNTY_CITY_LOC,SPECIAL_COND,BEAT_TYPE,CHP_BEAT_TYPE,CITY_DIVISION_LAPD,CHP_BEAT_CLASS,BEAT_NUMBER,PRIMARY_RD,SECONDARY_RD,DISTANCE,DIRECTION,INTERSECTION,WEATHER_1,WEATHER_2,STATE_HWY_IND,CALTRANS_COUNTY,CALTRANS_DISTRICT,STATE_ROUTE,ROUTE_SUFFIX,POSTMILE_PREFIX,POSTMILE,LOCATION_TYPE,RAMP_INTERSECTION,SIDE_OF_HWY,TOW_AWAY,COLLISION_SEVERITY,NUMBER_KILLED,NUMBER_INJURED,PARTY_COUNT,PRIMARY_COLL_FACTOR,PCF_CODE_OF_VIOL,PCF_VIOL_CATEGORY,PCF_VIOLATION,PCF_VIOL_SUBSECTION,HIT_AND_RUN,TYPE_OF_COLLISION,MVIW,PED_ACTION,ROAD_SURFACE,ROAD_COND_1,ROAD_COND_2,LIGHTING,CONTROL_DEVICE,CHP_ROAD_TYPE,PEDESTRIAN_ACCIDENT,BICYCLE_ACCIDENT,MOTORCYCLE_ACCIDENT,TRUCK_ACCIDENT,NOT_PRIVATE_PROPERTY,ALCOHOL_INVOLVED,STWD_VEHTYPE_AT_FAULT,CHP_VEHTYPE_AT_FAULT,COUNT_SEVERE_INJ,COUNT_VISIBLE_INJ,COUNT_COMPLAINT_PAIN,COUNT_PED_KILLED,COUNT_PED_INJURED,COUNT_BICYCLIST_KILLED,COUNT_BICYCLIST_INJURED,COUNT_MC_KILLED,COUNT_MC_INJURED,PRIMARY_RAMP,SECONDARY_RAMP,LATITUDE,LONGITUDE,COUNTY,CITY,POINT_X,POINT_Y
6513508,2014,2015-09-23,9245,2014-06-15,1240,13279,,7,1,9,0900,0,1,2,,2,110,"ICE HOUSE RD","WENTWORTH SPRINGS RD",2640.00,N,N,A,-,N,,,,,,,,,,Y,2,0,2,1,A,-,08,22107,,N,F,A,A,A,H,-,A,A,0,,,Y,,Y,,C,02,1,1,0,0,0,0,0,0,2,"- ","- ",38.945599999999999,-120.3874,"EL DORADO",UNINCORPORATED,-120.38859463999999,38.944175819999998
6517557,2014,2016-03-25,9246,2014-06-06,1950,15910,,5,2,9,0900,0,1,2,,1,020,"RT 50","PYRAMID CREEK TRACT",150.00,W,N,A,-,Y,ED,3,50,-,-,59.800,H,-,E,N,2,0,1,1,A,-,03,22350,,N,E,I,A,A,H,-,A,D,0,,,Y,,Y,,C,02,1,0,0,0,0,0,0,0,1,"- ","- ",38.805819999999997,-120.12347,"EL DORADO",UNINCORPORATED,-120.12110061,38.811512980000003
6521535,2014,2014-08-05,9245,2014-05-10,1645,017756,,6,2,9,0900,0,3,5,,2,002,"FOREBAY RD","BLAIR RD",1584.00,W,N,A,-,N,,,,,,,,,,Y,2,0,2,1,A,-,01,23152,A,N,E,I,A,A,H,-,A,D,0,,,,,Y,Y,A,01,1,1,0,0,0,0,0,0,0,"- ","- ",38.773850000000003,-120.59492,"EL DORADO",UNINCORPORATED,-120.59294718,38.773043899999998
6533602,2014,2014-08-12,9245,2014-06-23,1815,018114,,1,2,9,0900,0,3,5,,2,004,"RIDGEWAY DR","YORK CT",84.00,W,N,A,-,N,,,,,,,,,,Y,2,0,3,1,A,-,01,23152,A,N,E,I,A,A,H,-,A,D,0,,,,,Y,Y,A,01,2,0,1,0,0,0,0,0,0,"- ","- ",38.757040000000003,-120.58667,"EL DORADO",UNINCORPORATED,-120.58659283999999,38.757010440000002
6559392,2014,2014-08-23,9245,2014-07-05,1520,017935,,6,2,9,0900,0,2,4,,1,013,"NORTH SHINGLE RD","LANDES LN",75.00,N,N,A,-,N,,,,,,,,,,,2,0,1,1,A,-,05,21650,,N,E,I,A,A,H,-,A,D,0,,,,,Y,,A,01,1,0,0,0,0,0,0,0,0,"- ","- ",,,"EL DORADO",UNINCORPORATED,-120.92901000000001,38.683805929999998
6599530,2014,2015-04-30,9245,2014-08-18,1600,17604,,1,2,9,0900,0,3,5,,2,004,"CEDAR RAVINE RD","PLEASANT VALLEY RD",1056.00,N,N,A,-,N,,,,,,,,,,Y,2,0,1,1,A,-,01,23152,A,N,E,I,A,A,H,-,A,D,0,,,,,Y,Y,A,01,1,0,0,0,0,0,0,0,0,"- ","- ",38.681260000000002,-120.74257,"EL DORADO",UNINCORPORATED,-120.74236489,38.681282439999997
6606102,2014,2014-09-23,9245,2014-05-17,1210,17737,,6,1,9,0900,0,1,2,,2,140,"RT 50","RIDGEWAY DR",12672.00,W,N,A,-,Y,ED,3,50,-,R,26.440,H,-,E,Y,1,1,0,1,A,-,08,22107,,N,E,I,A,A,H,-,A,D,1,,,,,Y,,A,01,0,0,0,0,0,0,0,0,0,"- ","- ",38.743099999999998,-120.66030000000001,"EL DORADO",UNINCORPORATED,-120.65902472000001,38.74369669
6606245,2014,2015-12-30,9245,2014-07-04,1255,15607,,5,1,9,0900,0,1,2,,2,110,"RT 50","BASS LAKE RD",1510.00,E,N,A,-,Y,ED,3,50,-,R,3.540,H,-,E,Y,1,1,0,1,A,-,08,22107,,N,E,I,A,A,H,-,A,D,1,,,,,Y,,A,01,0,0,0,0,0,0,0,0,0,"- ","- ",38.65502,-121.01803,"EL DORADO",UNINCORPORATED,-121.0242952,38.655164880000001
6621363,2014,2014-11-06,9245,2014-09-06,1205,018624,9245,6,1,9,0900,0,3,5,,2,004,"WENTWORTH SPRINGS RD","WENTWORTH SPRINGS BRIDGE #25C0049",54.00,W,N,A,-,N,,,,,,,,,,,2,0,1,1,A,-,05,21650,,N,F,J,A,A,H,-,A,D,0,,,Y,,Y,,C,02,1,0,0,0,0,0,0,0,1,"- ","- ",38.905119999999997,-120.60345,"EL DORADO",UNINCORPORATED,,
6623996,2014,2014-10-09,9245,2014-09-01,1315,015459,,1,1,9,0900,0,2,4,,1,032,"SOUTH SHINGLE RD","BYRD FOOTE DR",225.00,S,N,A,-,N,,,,,,,,,,N,2,0,1,1,A,-,08,22107,,N,E,I,A,A,H,-,A,D,0,,,,,Y,,D,22,1,0,0,0,0,0,0,0,0,"- ","- ",38.637009999999997,-120.94458,"EL DORADO",UNINCORPORATED,-120.94462396,38.636933339999999
6642178,2014,2014-10-06,9245,2014-09-05,2159,015607,,5,2,9,0900,0,2,4,,1,032,"SOUTH SHINGLE RD","STAMPEDE LN",415.00,N,N,A,-,N,,,,,,,,,,Y,2,0,1,1,A,-,01,23152,A,N,E,I,A,A,H,-,D,D,0,,,,,Y,Y,A,01,1,0,0,0,0,0,0,0,0,"- ","- ",38.374499999999998,-120.5651,"EL DORADO",UNINCORPORATED,-120.94719587,38.629353739999999
6671110,2014,2014-10-29,9245,2014-08-22,1945,013028,,5,2,9,0900,0,3,5,,2,002,"BUD LN","LARAPIN WY",6.00,S,N,A,-,N,,,,,,,,,,Y,2,0,1,2,A,-,09,21800,B,N,D,C,A,A,H,-,A,D,0,,,Y,,Y,Y,A,01,1,0,0,0,0,0,0,0,1,"- ","- ",38.523400000000002,-120.52330000000001,"EL DORADO",UNINCORPORATED,-120.87585211,38.876217140000001
6711550,2014,2015-01-09,9246,2014-11-05,0950,010056,,3,1,9,0900,0,2,4,,1,025,"LAKE TAHOE BL","BOULDER MOUNTAIN CT",51.00,E,N,A,-,N,,,,,,,,,,Y,2,0,1,1,A,-,03,22350,,N,E,I,A,A,H,-,A,A,0,,,,,Y,,A,01,1,0,0,0,0,0,0,0,0,"- ","- ",38.886420000000001,-120.03349,"EL DORADO",UNINCORPORATED,-120.03357336000001,38.88652304
6713531,2014,2014-12-24,9245,2014-10-25,1850,017935,,6,2,9,0900,0,3,5,,2,003,"CRYSTAL SPRINGS","FERRITE ST",600.00,W,N,B,-,N,,,,,,,,,,Y,2,0,1,2,A,-,09,21801,B,N,D,C,A,A,H,-,D,D,0,,,Y,,Y,,C,02,1,0,0,0,0,0,0,0,1,"- ","- ",38.62632,-120.05701999999999,"EL DORADO",UNINCORPORATED,-120.85733999999999,38.624600000000001
6718422,2014,2014-12-11,9245,2014-07-17,1455,18624,,4,2,9,0900,0,1,2,,2,110,"RT 50","SILVA VALLEY PKWY",450.00,W,N,A,-,Y,ED,3,50,-,-,1.560,H,-,W,Y,1,2,1,2,A,-,03,22350,,N,C,C,A,A,H,-,A,D,1,,,,,Y,,D,22,0,1,0,0,0,0,0,0,0,"- ","- ",38.657800000000002,-121.05629999999999,"EL DORADO",UNINCORPORATED,-121.05873994,38.6570252
6723788,2014,2015-01-16,9245,2014-11-22,1835,17604,,6,2,9,0900,0,2,4,,1,037,"MISSOURI FLAT RD","ENTERPRISE DR",70.00,N,N,B,-,N,,,,,,,,,,N,2,0,1,2,A,-,01,21200,5,N,C,G,A,A,H,-,C,D,0,,Y,,,Y,Y,L,04,1,0,0,0,0,0,1,0,0,"- ","- ",38.696460000000002,-120.82361,"EL DORADO",UNINCORPORATED,-120.82358169,38.696478429999999
6774496,2015,2016-09-06,9245,2015-01-07,1430,018624,9245,3,2,9,0900,0,1,3,,1,122,"RT 193","GRAYBAR MINE RD",1056.00,N,N,A,-,Y,ED,3,193,-,-,10.500,H,-,W,Y,2,0,1,1,A,-,03,22350,,N,F,J,A,A,H,-,A,D,0,,,Y,,Y,,C,02,1,0,0,0,0,0,0,0,1,"- ","- ",38.892420000000001,-120.86525,"EL DORADO",UNINCORPORATED,-120.86482221999999,38.892657370000002
6789567,2015,2015-02-17,9245,2015-01-17,0845,012382,,6,1,9,0900,0,3,5,,2,004,"GRIZZLY FLAT RD","STRING CANYON RD",600.00,W,N,B,-,N,,,,,,,,,,Y,2,0,1,1,A,-,08,22107,,N,E,I,A,A,H,-,A,A,0,,,,,Y,,A,01,1,0,0,0,0,0,0,0,0,"- ","- ",38.631309999999999,-120.56775,"EL DORADO",UNINCORPORATED,-120.56732762999999,38.63213425
6799728,2015,2015-02-23,9245,2015-01-14,2035,013405,,3,2,9,0900,0,2,4,,2,011,"GREEN VALLEY RD","LODE RD",76.00,E,N,A,-,N,,,,,,,,,,Y,2,0,1,1,A,-,08,22107,,N,E,I,A,A,H,-,D,D,0,,,,,Y,,A,01,1,0,0,0,0,0,0,0,0,"- ","- ",38.722209999999997,-120.84531,"EL DORADO",UNINCORPORATED,-120.84522327000001,38.722333380000002
6825101,2015,2015-08-17,9245,2015-02-21,1410,15609,,6,2,9,0900,0,2,4,,1,021,"GREENSTONE RD","GREEN VALLEY RD",528.00,S,N,A,-,N,,,,,,,,,,Y,2,0,1,1,A,-,08,22107,,N,E,I,A,A,H,-,A,D,0,,,,,Y,,A,01,1,0,0,0,0,0,0,0,0,"- ","- ",38.707560000000001,-120.88894999999999,"EL DORADO",UNINCORPORATED,-120.88908621,38.707257140000003
6854052,2015,2015-03-23,9246,2015-02-11,1235,14478,,3,1,9,0900,0,3,5,,2,200,"SOUTH UPPER TRUCKEE RD","KEKIN ST",440.00,N,N,A,-,N,,,,,,,,,,Y,1,1,0,1,C,-,18,,,N,E,I,A,A,H,-,A,D,0,,,,,Y,,-,"- ",0,0,0,0,0,0,0,0,0,"- ","- ",38.841079999999998,-120.02561,"EL DORADO",UNINCORPORATED,-120.02470992000001,38.839959909999997
6854221,2015,2015-04-13,9245,2015-02-01,2045,17604,,7,2,9,0900,0,2,4,,1,015,"CAMERON PARK DR","HACIENDA RD",0.00,N,N,A,-,N,,,,,,,,,,Y,1,1,0,1,A,-,01,23152,A,N,E,I,A,A,H,-,D,D,0,,,,,Y,Y,A,07,0,0,0,0,0,0,0,0,0,"- ","- ",38.664729999999999,-120.97524,"EL DORADO",UNINCORPORATED,-120.97485991000001,38.664349960000003
6854728,2015,2015-07-16,9246,2015-06-04,1349,18006,,4,1,9,0900,0,1,3,,1,023,"RT 89","ALPINE COUNTY LINE",4224.00,N,N,C,-,Y,ED,3,89,-,-,0.800,H,-,S,Y,1,1,0,1,A,-,03,22350,,N,E,I,A,C,H,-,A,D,0,,,,,Y,,A,01,0,0,0,0,0,0,0,0,0,"- ","- ",38.79448,-119.95893,"EL DORADO",UNINCORPORATED,-119.95727367000001,38.793996989999997
6884236,2015,2016-11-02,9245,2015-04-04,1300,015609,,6,1,9,0900,0,1,2,,2,120,"RT 50","PLACERVILLE DR",122.00,W,N,A,-,Y,ED,3,50,-,-,15.710,H,-,E,Y,2,0,1,1,A,-,08,22107,,N,E,I,A,A,H,-,A,D,1,,,Y,,Y,,C,02,1,0,0,0,0,0,0,0,1,"- ","- ",38.720759999999999,-120.63435,"EL DORADO",UNINCORPORATED,-120.83393787999999,38.720993249999999
6915425,2015,2016-10-31,9246,2015-05-07,0750,15335,,4,1,9,0900,0,1,3,,1,031,"RT 89","DL BLISS STATE PARK",1175.00,N,N,B,D,Y,ED,3,89,-,-,19.760,H,-,N,Y,2,0,1,1,A,-,03,22350,,N,F,I,A,C,H,-,A,D,0,,,,,Y,,D,22,1,0,0,0,0,0,0,0,0,"- ","- ",38.986820000000002,-120.10787000000001,"EL DORADO",UNINCORPORATED,-120.10412065,38.980397840000002
7061851,2015,2015-10-23,0902,2015-08-11,1553,222,0902,2,5,3,0902,0,0,0,,0,EAST,"SKI RUN BL","SPRUCE AV",15.00,S,N,A,-,N,,,,,,,,,,N,2,0,1,2,A,-,01,21200,5,N,D,G,A,A,H,-,A,D,0,,Y,,,Y,,L,04,1,0,0,0,0,0,1,0,0,"- ","- ",,,"EL DORADO","SOUTH LAKE TAHOE",-119.95350566,38.943003490000002
7097213,2015,2017-01-10,0902,2015-06-20,1240,191,0902,6,5,3,0902,0,0,0,,0,00W,"EMERALD BAY RD","LAKE TAHOE BL",436.00,S,N,A,-,Y,ED,3,50,-,-,75.370,H,-,W,Y,2,0,1,2,A,-,09,21801,A,N,D,C,A,A,H,-,A,A,0,,,Y,,Y,,D,22,1,0,0,0,0,0,0,0,1,"- ","- ",,,"EL DORADO","SOUTH LAKE TAHOE",-120.00406685,38.912453759999998
81437341,2020,2021-03-29,0902,2020-12-04,1551,235,,5,5,3,0902,0,0,0,,0,West,"EMERALD BAY RD","11TH ST",89.00,N,N,A,-,Y,,,,,,,,,,Y,1,1,0,2,A,-,01,23152,A,N,F,I,A,A,H,-,A,D,0,,,,,Y,Y,A,01,0,0,0,0,0,0,0,0,0,"- ","- ",38.919551849365234,-120.01371002197266,"EL DORADO","SOUTH LAKE TAHOE",,
82103751,2023,2023-06-28,0902,2023-06-24,"549 ",248,,6,5,3,0902,0,0,0,,0,,"LAKE TAHOE BLVD","3RD ST",100.00,E,N,A,-,Y,ED,,50," "," ",75.827,H,,L,Y,2,0,2,1,A,-,01,23152,A,N,E,I,A,A,H,-,A,D,0,,,,,Y,,A,01,1,1,0,0,0,0,0,0,0,"- ","- ",38.916938781738281,-119.99918365478516,"EL DORADO","SOUTH LAKE TAHOE",-119.99911499023438,38.916885375976562
8341909,2017,2017-04-21,0901,2017-04-01,2106,296,0901,6,5,2,0901,0,0,0,,0,PP1,"PLACERVILLE DR","FORNI RD",1373.00,W,N,A,-,N,,,,,,,,,,N,2,0,1,2,A,-,05,21202,A,F,H,G,A,A,H,-,C,D,0,,Y,,,Y,,L,04,1,0,0,0,0,0,1,0,0,"- ","- ",,,"EL DORADO",PLACERVILLE,-120.83356000000001,38.72137
8367401,2017,2017-05-24,0901,2017-04-14,1604,313,,5,5,2,0901,0,0,0,,0,PP1,"MIDDLETOWN RD","CANAL ST",0.00,,Y,A,-,N,,,,,,,,,,Y,2,0,1,2,A,-,03,22350,,N,D,C,A,A,H,-,A,D,0,,,,,Y,,A,01,1,0,0,0,0,0,0,0,0,"- ","- ",,,"EL DORADO",PLACERVILLE,-120.81899992,38.736539929999999
83767514,2024,2024-08-07,0902,2024-07-03,2327,248,,3,5,3,0902,0,0,0,,0,MID,"LAKE TAHOE BLVD","FAIRWAY AVE",0.00,,Y,A,-,Y,,,,,,,,,,Y,2,0,1,2,A,-,11,21950,B,N,G,B,B,A,H,-,C,A,0,Y,,Y,,Y,Y,N,60,1,0,0,0,1,0,0,0,0,"- ","- ",38.946819305419922,-119.96528625488281,"EL DORADO","SOUTH LAKE TAHOE",-119.96450805664062,38.946121215820312
8404857,2018,2018-07-18,0901,2018-01-12,0224,318,0901,5,5,2,0901,0,0,0,,0,PP1,"RT 50","SPRING ST",228.00,E,N,A,-,Y,ED,3,50,-,-,17.710,H,-,W,Y,1,1,0,1,A,-,05,21650,,N,E,I,A,A,H,-,C,A,0,,,,,Y,,A,01,0,0,0,0,0,0,0,0,0,"- ","- ",,,"EL DORADO",PLACERVILLE,-120.80459594726562,38.728321075439453
84401189,2024,2024-09-20,0902,2024-09-18,1314,256,,3,5,3,0902,0,0,0,,0,WEST,"EMERALD BAY RD","C ST",409.00,N,N,C,-,Y,ED,,50," "," ",75.013,H,,R,Y,2,0,1,2,A,-,11,21954,A,F,G,B,D,B,H,-,A,D,0,Y,,,,Y,Y,N,60,1,0,0,0,1,0,0,0,0,"- ","- ",38.907711029052734,-120.00115203857422,"EL DORADO","SOUTH LAKE TAHOE",-120.00119781494141,38.907691955566406
8465489,2018,2018-11-19,0902,2018-07-26,0614,,0902,4,5,3,0902,0,0,0,,0,EAST,"RT 50","JOHNSON BL",0.00,,Y,A,-,Y,ED,3,50,-,-,78.770,I,5,E,Y,1,1,0,2,A,-,09,21802,A,N,D,C,A,A,H,-,B,D,0,,,Y,,Y,,D,22,0,0,0,0,0,0,0,1,0,"- ","- ",,,"EL DORADO","SOUTH LAKE TAHOE",-119.96649932861328,38.94561767578125
84728060,2025,2025-06-17,0902,2025-06-14,1639,248,,6,5,3,0902,0,0,0,,0,WEST,"LAKE TAHOE BLVD","WINNEMUCCA AVE",0.00,,Y,A,-,Y,ED,,50," "," ",76.131,H,,L,N,2,0,2,2,A,-,09,21801,A,N,D,C,A,A,H,-,A,D,0,,,Y,,Y,,A,07,1,0,1,0,0,0,0,0,1,"- ","- ",38.919868469238281,-119.99492645263672,"EL DORADO","SOUTH LAKE TAHOE",-119.99478149414062,38.91973876953125
84752649,2025,2025-07-08,0902,2025-06-28,1754,252,,6,5,3,0902,0,0,0,,0,,"SKI RUN BLVD","LAKE TAHOE BLVD",160.00,S,N,A,-,N,,,,,,,,,,N,2,0,1,2,A,-,05,21651,B,N,D,G,A,A,H,-,A,D,0,,Y,,,Y,Y,L,04,1,0,0,0,0,0,1,0,0,"- ","- ",38.948539733886719,-119.95761108398438,"EL DORADO","SOUTH LAKE TAHOE",-119.95729827880859,38.948177337646484
8717893,2018,2018-10-22,0901,2018-09-23,1645,296,0901,7,5,2,0901,0,0,0,,0,PP1,"CANAL ST","HARVEY CT",10.00,N,N,A,-,N,,,,,,,,,,Y,2,0,1,2,A,-,06,21755,,M,B,C,A,A,H,-,A,D,0,,,,,Y,,A,01,1,0,0,0,0,0,0,0,0,"- ","- ",,,"EL DORADO",PLACERVILLE,-120.81570434570312,38.733699798583984
8990063,2019,2019-12-04,0902,2019-04-13,2311,236,,6,5,3,0902,0,0,0,,0,,"SADDLE RD","JUNE WY",180.00,W,N,A,-,N,,,,,,,,,,N,2,0,1,2,A,-,11,21954,A,N,G,B,E,A,H,-,D,D,0,Y,,,,Y,Y,A,07,1,0,0,0,1,0,0,0,0,"- ","- ",,,"EL DORADO","SOUTH LAKE TAHOE",-119.94223785400391,38.936378479003906
90014653,2015,2015-10-19,9245,2015-08-29,1900,015421,,6,2,9,0900,0,3,5,,2,002,"COLD SPRINGS ROAD","GOOD PASTURE RD",200.00,W,N,A,-,N,,,,,,,,,,Y,2,0,1,1,A,-,01,23152,A,N,E,I,A,A,H,-,A,D,0,,,Y,,Y,Y,C,02,1,0,0,0,0,0,0,0,1,"- ","- ",38.755429999999997,-120.87818,"EL DORADO",UNINCORPORATED,-120.87664304,38.754655499999998
90017624,2015,2015-10-19,9245,2015-09-04,0640,015609,,5,1,9,0900,0,1,2,,2,120,"US 50 E/B","MISSOURI FLAT",1056.00,W,N,A,-,Y,,,,,,,,,,Y,2,0,1,1,A,-,08,22107,,N,F,A,A,A,H,-,A,D,0,,,Y,,Y,,C,02,1,0,0,0,0,0,0,0,1,"- ","- ",38.708500000000001,-120.84452,"EL DORADO",UNINCORPORATED,-120.84198363,38.709304469999999
9003366,2018,2019-12-28,0902,2018-10-30,1335,220,SLTPD,2,5,3,0902,0,0,0,,0,,"12TH ST","ELOISE AV",0.00,,Y,A,-,N,,,,,,,,,,N,2,0,1,2,A,-,09,21802,A,N,D,G,A,A,H,-,A,A,0,,Y,,,Y,,L,04,1,0,0,0,0,0,1,0,0,"- ","- ",,,"EL DORADO","SOUTH LAKE TAHOE",-120.01444244384766,38.921760559082031
90037912,2015,2015-10-26,9245,2015-07-27,1050,013929,,1,1,9,0900,0,2,4,,2,012,"SALMON FALLS ROAD","GALLAGHER RD",1848.00,S,N,A,-,N,,,,,,,,,,Y,1,1,0,1,A,-,08,22107,,N,F,A,A,A,H,-,A,D,0,,,,,Y,,D,22,0,0,0,0,0,0,0,0,0,"- ","- ",38.783580000000001,-121.0322,"EL DORADO",UNINCORPORATED,-121.03211567,38.783513880000001
90037948,2015,2015-10-26,9245,2015-08-15,2500,018624,9245,6,4,9,0900,0,3,5,,2,004,"GRIZZLY FLAT RD","PINE RIDGE RD",1056.00,N,N,A,-,N,,,,,,,,,,Y,1,1,0,1,A,-,01,23152,A,N,E,I,A,A,H,-,D,D,0,,,Y,,Y,Y,C,02,0,0,0,0,0,0,0,1,0,"- ","- ",38.634390000000003,-120.55085,"EL DORADO",UNINCORPORATED,-120.55103228,38.634554520000002
90046309,2015,2015-11-06,9245,2015-10-24,1155,016451,,6,1,9,0900,0,3,5,,2,002,"ROCK CREEK RD","ROCK CREEK RD BRIDGE",1584.00,W,N,A,-,N,,,,,,,,,,Y,2,0,1,2,A,-,05,21650,,N,A,C,A,A,H,-,A,D,0,,,Y,,Y,,C,02,1,0,0,0,0,0,0,0,1,"- ","- ",38.79365,-120.779,"EL DORADO",UNINCORPORATED,,
90065752,2015,2016-01-06,9245,2015-08-09,2225,013405,,7,3,9,0900,0,3,5,,2,002,"WENTWORTH SPRINGS ROAD","SAND MT BLVD",1056.00,E,N,A,-,N,,,,,,,,,,Y,1,1,1,1,A,-,01,23152,A,N,E,I,A,A,H,-,D,D,0,,,,,Y,Y,D,22,0,1,0,0,0,0,0,0,0,"- ","- ",38.90419,-120.6716,"EL DORADO",UNINCORPORATED,-120.67687607000001,38.912036540000003
90088099,2015,2016-01-05,9245,2015-12-14,1805,015421,,1,2,9,0900,0,2,4,,1,039,"MOTHER LODE DRIVE","DOE ST",528.00,E,N,B,-,N,,,,,,,,,,Y,2,0,1,1,A,-,08,22107,,N,E,I,A,A,H,-,C,D,0,,,,,Y,,D,22,1,0,0,0,0,0,0,0,0,"- ","- ",38.669910000000002,-120.89606000000001,"EL DORADO",UNINCORPORATED,-120.89570879,38.669979570000002
90110274,2016,2016-02-29,9245,2016-02-01,1710,017737,,1,2,9,0900,0,3,5,,2,004,"PLEASANT VALLEY RD","HANKS EXCHANGE RD",300.00,W,N,A,-,N,,,,,,,,,,Y,2,0,5,3,A,-,05,21460,A,N,B,C,A,A,H,-,B,D,0,,,,,Y,,D,22,1,2,2,0,0,0,0,0,0,"- ","- ",38.675730000000001,-120.7539,"EL DORADO",UNINCORPORATED,-120.75327239000001,38.675691100000002
90124605,2016,2016-02-26,9245,2016-02-21,0045,018782,,7,3,9,0900,0,3,5,,2,004,"PLEASANT VALLEY RD","MOUNT AUKUM RD",0.00,,Y,A,-,N,,,,,,,,,,Y,2,0,1,1,A,-,08,22107,,N,E,I,A,A,H,-,D,D,0,,,,,Y,,D,22,1,0,0,0,0,0,0,0,0,"- ","- ",38.682920000000003,-120.66240000000001,"EL DORADO",UNINCORPORATED,-120.66221994999999,38.682799940000002
90124650,2016,2016-02-26,9245,2016-02-21,0315,018782,,7,3,9,0900,0,3,5,,2,001,"LOTUS RD","SPRINGVALE RD",0.00,,N,A,-,N,,,,,,,,,,Y,2,0,2,1,A,-,01,23152,A,N,E,I,A,A,H,-,D,D,0,,,,,Y,Y,D,22,2,0,0,0,0,0,0,0,0,"- ","- ",38.751510000000003,-120.9331,"EL DORADO",UNINCORPORATED,-120.93245989,38.748689919999997
90133570,2016,2016-03-10,9245,2016-02-19,2200,018656,,5,3,9,0900,0,2,4,,1,041,"PLEASANT VALLEY RD","NEWTOWN RD",1682.00,E,N,A,-,N,,,,,,,,,,Y,2,0,2,1,A,-,08,22107,,F,E,I,A,A,H,-,D,D,0,,,,,Y,,E,22,2,0,0,0,0,0,0,0,0,"- ","- ",38.692390000000003,-120.67422999999999,"EL DORADO",UNINCORPORATED,-120.67214968,38.690075960000001
90158103,2016,2016-04-14,9245,2016-04-03,0150,018782,,7,3,9,0900,0,3,5,,2,001,"STAGECOACH RD","COUNTRYSIDE DR",1584.00,N,N,A,-,N,,,,,,,,,,Y,2,0,2,1,A,-,01,23152,A,N,E,I,A,A,H,-,D,D,0,,,,,Y,Y,A,07,2,0,0,0,0,0,0,0,0,"- ","- ",38.730580000000003,-120.89581,"EL DORADO",UNINCORPORATED,-120.89495888,38.728525429999998
90170936,2016,2016-05-02,9245,2016-04-09,0055,018893,,6,3,9,0900,0,3,5,,2,003,"MOTHER LODE DR","RIDGE DR",192.00,W,N,A,-,N,,,,,,,,,,Y,2,0,2,1,C,-,18,,,N,E,I,A,A,H,-,D,D,0,,,,,Y,,-,"- ",1,1,0,0,0,0,0,0,0,"- ","- ",38.6678,-120.91175,"EL DORADO",UNINCORPORATED,-120.91161169999999,38.667795429999998
90195657,2016,2016-06-07,9245,2016-05-24,0430,015263,,2,3,9,0900,0,3,5,,2,001,"BASS LAKE ROAD","OLD BASS LAKE ROAD",200.00,N,N,B,-,N,,,,,,,,,,Y,2,0,2,1,A,-,08,22107,,N,F,A,A,A,H,-,D,D,0,,,,,Y,,A,01,1,1,0,0,0,0,0,0,0,"- ","- ",38.393459999999997,-121.15626,"EL DORADO",UNINCORPORATED,-121.03211449,38.659504550000001
9020476,2018,2020-01-31,0902,2018-06-22,1513,220,SLTPD,5,5,3,0902,0,0,0,,0,00W,"EMERALD BAY RD","15TH ST",0.00,,Y,A,-,Y,ED,3,89,-,-,9.615,I,5,N,Y,2,0,1,2,A,-,09,21801,A,N,B,C,A,A,H,-,A,D,0,,,Y,,Y,,D,22,1,0,0,0,0,0,0,0,1,"- ","- ",,,"EL DORADO","SOUTH LAKE TAHOE",-120.01994323730469,38.921367645263672
90207999,2016,2016-06-23,9245,2016-06-10,2320,018893,,5,3,9,0900,0,1,2,,1,170,"US-50 W/B","KYBURZ DR",15840.00,E,N,A,-,Y,,,50,,,,,,W,Y,2,0,1,1,A,-,08,22107,,N,F,I,A,A,H,-,D,D,0,,,,,Y,Y,A,01,1,0,0,0,0,0,0,0,0,"- ","- ",38.78049,-120.25185,"EL DORADO",UNINCORPORATED,-120.25187421,38.78055904
90210261,2016,2016-06-27,9246,2016-06-18,1710,015910,,6,2,9,0900,0,1,3,,1,015,SR-89,"LEVIATHAN MINE RD",5280.00,E,N,A,-,Y,,,,,,,,,,Y,2,0,1,1,A,-,03,22350,,N,F,A,A,A,H,-,A,D,0,,,Y,,Y,Y,C,02,1,0,0,0,0,0,0,0,1,"- ","- ",38.401870000000002,-119.39437,"EL DORADO",UNINCORPORATED,,
90218111,2016,2016-07-07,9245,2016-07-03,1100,013929,,7,1,9,0900,0,3,5,,2,002,"WENTWORTH SPRINGS ROAD","BUCKEYE LAKE ROAD",100.00,E,N,A,-,N,,,,,,,,,,Y,2,0,1,2,A,-,05,21460,A,N,F,A,A,A,H,-,A,D,0,,,Y,,Y,,C,02,1,0,0,0,0,0,0,0,1,"- ","- ",38.924289999999999,-120.79640000000001,"EL DORADO",UNINCORPORATED,-120.79607045,38.924382790000003