CASE_ID,ACCIDENT_YEAR,PROC_DATE,JURIS,COLLISION_DATE,COLLISION_TIME,OFFICER_ID,REPORTING_DISTRICT,DAY_OF_WEEK,CHP_SHIFT,POPULATION,CNTY_CITY_LOC,SPECIAL_COND,BEAT_TYPE,CHP_BEAT_TYPE,CITY_DIVISION_LAPD,CHP_BEAT_CLASS,BEAT_NUMBER,PRIMARY_RD,SECONDARY_RD,DISTANCE,DIRECTION,INTERSECTION,WEATHER_1,WEATHER_2,STATE_HWY_IND,CALTRANS_COUNTY,CALTRANS_DISTRICT,STATE_ROUTE,ROUTE_SUFFIX,POSTMILE_PREFIX,POSTMILE,LOCATION_TYPE,RAMP_INTERSECTION,SIDE_OF_HWY,TOW_AWAY,COLLISION_SEVERITY,NUMBER_KILLED,NUMBER_INJURED,PARTY_COUNT,PRIMARY_COLL_FACTOR,PCF_CODE_OF_VIOL,PCF_VIOL_CATEGORY,PCF_VIOLATION,PCF_VIOL_SUBSECTION,HIT_AND_RUN,TYPE_OF_COLLISION,MVIW,PED_ACTION,ROAD_SURFACE,ROAD_COND_1,ROAD_COND_2,LIGHTING,CONTROL_DEVICE,CHP_ROAD_TYPE,PEDESTRIAN_ACCIDENT,BICYCLE_ACCIDENT,MOTORCYCLE_ACCIDENT,TRUCK_ACCIDENT,NOT_PRIVATE_PROPERTY,ALCOHOL_INVOLVED,STWD_VEHTYPE_AT_FAULT,CHP_VEHTYPE_AT_FAULT,COUNT_SEVERE_INJ,COUNT_VISIBLE_INJ,COUNT_COMPLAINT_PAIN,COUNT_PED_KILLED,COUNT_PED_INJURED,COUNT_BICYCLIST_KILLED,COUNT_BICYCLIST_INJURED,COUNT_MC_KILLED,COUNT_MC_INJURED,PRIMARY_RAMP,SECONDARY_RAMP,LATITUDE,LONGITUDE,COUNTY,CITY,POINT_X,POINT_Y
90229604,2016,2016-07-25,9245,2016-07-08,1240,018893,,5,1,9,0900,0,2,4,,1,039,"MOTHER LODE DR","SUMMIT VIEW DR",0.00,,Y,A,-,N,,,,,,,,,,Y,2,0,1,3,A,-,01,23152,A,F,B,C,A,A,H,-,A,D,0,,,Y,,Y,Y,A,01,1,0,0,0,0,0,0,0,1,"- ","- ",38.675719999999998,-120.87942,"EL DORADO",UNINCORPORATED,-120.87945999,38.67569993
90236083,2016,2016-08-02,9245,2016-07-23,0209,018663,,6,3,9,0900,0,3,5,,2,003,"DUROCK RD","SHINGLE LIME MINE RD",1056.00,W,N,A,-,N,,,,,,,,,,Y,2,0,1,1,A,-,01,23152,A,N,E,I,A,A,H,-,C,D,0,,,,,Y,Y,A,01,1,0,0,0,0,0,0,0,0,"- ","- ",38.653449999999999,-120.96132,"EL DORADO",UNINCORPORATED,-120.96063667,38.653741449999998
90242035,2016,2016-08-10,9245,2016-08-04,1720,018893,,4,2,9,0900,0,3,5,,2,001,"THOMPSON HILL HILL RD","LOS ROBLES RD",528.00,W,N,A,-,N,,,,,,,,,,N,2,0,2,1,A,-,03,22350,,N,F,A,A,A,H,-,A,D,0,,,Y,,Y,,C,02,1,1,0,0,0,0,0,0,2,"- ","- ",38.779209999999999,-120.89267,"EL DORADO",UNINCORPORATED,-120.90221018,38.776370970000002
90248771,2016,2016-08-19,9246,2016-08-05,1530,016041,,5,2,9,0900,0,1,3,,1,030,SR-89,"POPE BEACH RD",1239.00,S,N,A,-,Y,,,89,,,,,,,Y,2,0,2,2,A,-,01,23152,E,N,A,C,A,A,H,-,A,D,0,,,,,Y,,A,07,2,0,0,0,0,0,0,0,0,"- ","- ",38.930340000000001,-120.03099,"EL DORADO",UNINCORPORATED,-120.03094724,38.930369030000001
90263291,2016,2016-09-07,9245,2016-08-20,1355,018466,,6,1,9,0900,0,3,5,,2,003,"BUSINESS DR","DUROCK RD",0.00,,Y,A,-,N,,,,,,,,,,Y,2,0,1,2,A,-,01,23152,E,N,D,C,A,A,H,-,A,A,0,,,Y,,Y,Y,A,01,1,0,0,0,0,0,0,0,1,"- ","- ",38.656440000000003,-120.95451,"EL DORADO",UNINCORPORATED,-120.95456996,38.656429899999999
90269066,2016,2016-09-16,9245,2016-09-07,0610,012315,,3,1,9,0900,0,1,2,,2,140,US-50,"LOWER CARSON RD/SIERRA BLANCA RD",0.00,,Y,A,-,Y,,,50,,,,,,,Y,2,0,1,2,A,-,09,21801,A,N,D,C,A,A,H,-,B,D,0,,,Y,,Y,,D,22,1,0,0,0,0,0,0,0,1,"- ","- ",38.73706,-120.70774,"EL DORADO",UNINCORPORATED,-120.70773944,38.737043919999998
90280835,2016,2016-09-30,9245,2016-09-22,1320,012382,,4,1,9,0900,0,2,S,,2,005,"WENTWORTH SPRINGS ROAD","HOMEWOOD DR",528.00,W,N,A,B,N,,,,,,,,,,Y,1,1,0,1,A,-,05,21650,,N,E,I,A,A,H,-,A,A,0,,,,,Y,Y,A,01,0,0,0,0,0,0,0,0,0,"- ","- ",38.942540000000001,-120.73187,"EL DORADO",UNINCORPORATED,-120.73168733999999,38.942597650000003
90286594,2016,2016-10-07,9245,2016-09-23,1758,017897,,5,2,9,0900,0,2,4,,1,032,"SOUTH SHINGLE ROAD","TWILIGHT LN",865.00,S,N,A,-,N,,,,,,,,,,Y,2,0,2,1,A,-,03,22350,,N,E,I,A,A,H,-,A,D,0,,,,,Y,,A,01,1,1,0,0,0,0,0,0,0,"- ","- ",38.612810000000003,-120.95379,"EL DORADO",UNINCORPORATED,-120.95379375,38.612908109999999
90293447,2016,2016-10-17,9245,2016-10-06,0830,017089,,4,1,9,0900,0,1,2,,2,110,"US-50 W/B","SILVA VALLEY PARKWAY",15.00,E,N,A,-,Y,,,50,,,,,,W,Y,2,0,1,2,A,-,01,23152,A,N,B,C,A,A,H,-,A,D,0,,,,,Y,Y,A,07,1,0,0,0,0,0,0,0,0,"- ","- ",38.657890000000002,-121.05603000000001,"EL DORADO",UNINCORPORATED,-121.0560206,38.657851569999998
90313652,2016,2016-11-08,9245,2016-10-26,1345,013929,,3,1,9,0900,0,2,4,,1,014,"COLD SPRINGS ROAD","THOMPSON HILL ROAD",1584.00,S,N,A,-,N,,,,,,,,,,Y,2,0,2,2,A,-,09,21801,A,N,A,C,A,A,H,-,A,D,0,,,Y,,Y,,J,43,1,0,1,0,0,0,0,0,2,"- ","- ",38.775149999999996,-120.8921,"EL DORADO",UNINCORPORATED,-120.89219347,38.774892600000001
90327000,2016,2016-11-22,9245,2016-11-12,1743,018663,,6,2,9,0900,0,3,5,,2,001,"SERRANO PKY","SILVA VALLEY PKY",2112.00,E,N,A,-,N,,,,,,,,,,Y,2,0,2,1,A,-,03,22350,,N,E,I,A,A,H,-,C,D,0,,,,,Y,,A,01,1,0,1,0,0,0,0,0,0,"- ","- ",38.674959999999999,-121.05956999999999,"EL DORADO",UNINCORPORATED,-121.05997000000001,38.674140000000001
90336405,2016,2016-12-05,9245,2016-11-20,2150,017737,,7,2,9,0900,0,3,5,,2,004,"SLY PARK ROAD","NORTHERN LIGHTS RD",500.00,W,N,B,C,N,,,,,,,,,,Y,2,0,1,1,A,-,01,23152,A,N,E,I,A,B,H,-,D,D,0,,,Y,,Y,Y,C,02,1,0,0,0,0,0,0,0,1,"- ","- ",38.684489999999997,-120.64022,"EL DORADO",UNINCORPORATED,-120.6402397,38.684483219999997
90342774,2016,2016-12-12,9245,2016-11-30,1710,015421,,3,2,9,0900,0,2,4,,1,032,"CAMERON PARK DR","COACH LN",350.00,S,N,B,-,N,,,,,,,,,,N,2,0,1,2,A,-,11,21954,A,N,G,B,D,A,H,-,D,D,0,Y,,,,Y,Y,N,60,1,0,0,0,1,0,0,0,0,"- ","- ",38.6571,-120.96968,"EL DORADO",UNINCORPORATED,-120.96902892,38.65716913
90362476,2016,2017-01-05,9246,2016-12-23,1435,017757,,5,2,9,0900,0,1,2,,1,020,US-50,"TWIN BRIDGES RD",528.00,E,N,B,D,Y,,,50,,,,,,,N,2,0,1,2,A,-,08,22107,,N,G,B,E,C,G,-,A,A,0,Y,,,,Y,,A,08,1,0,0,0,1,0,0,0,0,"- ","- ",38.805419999999998,-120.12173,"EL DORADO",UNINCORPORATED,-120.12174448,38.805373420000002
90366748,2016,2017-03-09,9245,2016-12-31,0752,016451,,6,1,9,0900,0,3,5,,2,003,"WHITE ROCK RD","VALLEY VIEW PARKWAY",276.00,E,N,B,-,N,,,,,,,,,,Y,2,0,1,1,A,-,03,22350,,N,E,I,A,B,H,-,A,D,0,,,,,Y,,D,22,1,0,0,0,0,0,0,0,0,"- ","- ",38.650019999999998,-120.05986,"EL DORADO",UNINCORPORATED,-121.05986251,38.649969470000002
90376530,2017,2017-01-24,9245,2017-01-15,1750,015607,,7,2,9,0900,0,2,4,,1,042,"OMO RANCH RD","CEDARVILLE RD",6336.00,E,N,E,-,N,,,,,,,,,,Y,2,0,1,1,A,-,01,23152,A,N,E,I,A,A,H,-,D,D,0,,,,,Y,Y,A,07,1,0,0,0,0,0,0,0,0,"- ","- ",38.578099999999999,-120.6379,"EL DORADO",UNINCORPORATED,-120.63832739,38.57775153
90385034,2017,2017-04-25,9245,2017-01-25,1800,017737,,3,2,9,0900,0,3,5,,2,004,"SAND RIDGE RD","TRIPP RD",400.00,E,N,A,-,N,,,,,,,,,,Y,2,0,1,2,A,-,05,21650,,N,B,C,A,A,H,-,D,D,0,,,,,Y,,A,01,1,0,0,0,0,0,0,0,0,"- ","- ",38.593739999999997,-120.82192000000001,"EL DORADO",UNINCORPORATED,-120.82184436999999,38.593584300000003
90422542,2017,2017-03-28,9245,2017-03-10,2027,018756,,5,2,9,0900,0,3,5,,2,001,"GREEN VALLEY ROAD","AMY'S LANE",0.00,,Y,A,-,N,,,,,,,,,,Y,2,0,1,2,A,-,03,22350,,N,C,C,A,A,H,-,A,D,0,,,Y,,Y,,A,01,1,0,0,0,0,0,0,0,1,"- ","- ",38.421019999999999,-121.06157,"EL DORADO",UNINCORPORATED,-121.10488989,38.702199899999997
90427358,2016,2017-04-04,9245,2016-12-18,0250,018656,,7,3,9,0900,0,3,5,,2,002,"WENTWORTH SPRINGS RD","BALDERSTON RD",1041.00,W,N,B,-,N,,,,,,,,,,Y,1,1,0,1,A,-,03,22350,,N,E,I,A,A,H,-,D,D,0,,,,,Y,,A,07,0,0,0,0,0,0,0,0,0,"- ","- ",38.928130000000003,-120.77905,"EL DORADO",UNINCORPORATED,-120.77902280000001,38.928202710000001
9044778,2019,2020-06-16,0902,2019-08-22,2100,237,,4,5,3,0902,0,0,0,,0,,"LAKE TAHOE BL","JOHNSON BL",0.00,,Y,A,-,Y,ED,3,50,-,-,78.770,I,5,E,Y,2,0,2,2,A,-,09,21802,A,N,D,C,A,A,H,-,C,A,0,,,,,Y,,A,01,1,1,0,0,0,0,0,0,0,"- ","- ",,,"EL DORADO","SOUTH LAKE TAHOE",-119.96649932861328,38.94561767578125
90448119,2017,2017-05-03,9245,2017-04-26,2222,012833,,3,3,9,0900,0,2,4,,2,011,"GREEN VALLEY RD","HASTINGS DR",15.00,E,N,B,-,N,,,,,,,,,,Y,2,0,1,2,A,-,11,21954,A,N,G,B,E,A,H,-,D,D,0,Y,,,,Y,,N,60,1,0,0,0,1,0,0,0,0,"- ","- ",38.698540000000001,-120.99849,"EL DORADO",UNINCORPORATED,-120.99838944,38.698541239999997
90454266,2017,2017-05-11,9245,2017-04-29,0843,012382,,6,1,9,0900,0,1,2,,2,150,US-50,"FOREST RD",600.00,W,N,A,-,Y,,,50,,,,,,,Y,2,0,2,2,A,-,05,21460,A,N,A,C,A,A,H,-,A,A,0,,,,,Y,,A,08,1,1,0,0,0,0,0,0,0,"- ","- ",38.761150000000001,-120.53263,"EL DORADO",UNINCORPORATED,-120.53263649,38.7611323
90469577,2017,2017-06-02,9245,2017-05-21,1000,013929,,7,1,9,0900,0,3,5,,2,002,"HASSLER ROAD","FRUIT RIDGE ROAD",1056.00,S,N,A,-,N,,,,,,,,,,Y,2,0,1,1,A,-,03,22350,,N,E,I,A,A,A,-,A,D,0,,Y,,,Y,,L,04,1,0,0,0,0,0,1,0,0,"- ","- ",38.748089999999998,-120.73851000000001,"EL DORADO",UNINCORPORATED,-120.73845083,38.748073509999998
90480723,2017,2017-06-19,9245,2017-06-11,1815,017737,,7,2,9,0900,0,1,2,,2,140,"US-50 W/B","SLY PARK ROAD",800.00,W,N,B,C,Y,,,50,,,,,,W,Y,2,0,1,1,A,-,08,22107,,N,E,I,A,B,H,-,A,D,0,,,,,Y,,A,01,1,0,0,0,0,0,0,0,0,"- ","- ",38.758839999999999,-120.58591,"EL DORADO",UNINCORPORATED,-120.58590633,38.758827490000002
90488056,2017,2017-06-26,9245,2017-06-17,2500,017040,,6,4,9,0900,0,3,5,,2,004,"CALDOR RD.","LEONI RD.",15840.00,W,N,A,-,N,,,,,,,,,,N,2,0,1,1,A,-,03,22350,,N,F,I,A,A,G,-,A,D,0,,,Y,,Y,,C,02,1,0,0,0,0,0,0,0,1,"- ","- ",38.606459999999998,-120.43555000000001,"EL DORADO",UNINCORPORATED,-120.47550875,38.602288649999998
90497840,2017,2017-07-11,9245,2017-06-24,1115,017897,,6,1,9,0900,0,3,5,,2,002,"WENTWORTH SPRINGS RD","HELIX FLAT AVE",2112.00,W,N,A,-,N,,,,,,,,,,N,2,0,1,1,A,-,03,22350,,N,F,A,A,A,H,-,A,D,0,,,Y,,Y,,C,02,1,0,0,0,0,0,0,0,1,"- ","- ",38.931980000000003,-120.48069,"EL DORADO",UNINCORPORATED,-120.43816388,38.939959399999999
90503054,2017,2017-07-18,9246,2017-07-16,1640,014471,,7,2,9,0900,0,1,2,,1,021,"RT 50","JOHNSON PASS RD",145.00,W,N,A,-,Y,,,50,,,,,,,N,2,0,2,1,A,-,03,22350,,N,F,A,A,A,H,-,A,D,0,,,Y,,Y,,C,02,2,0,0,0,0,0,0,0,2,"- ","- ",38.825850000000003,-120.02909,"EL DORADO",UNINCORPORATED,-120.02912366,38.825796660000002
90505689,2017,2017-07-21,9245,2017-07-14,2310,016328,,5,3,9,0900,0,3,5,,2,003,"LATROBE RD","THROTTLE LN",2112.00,N,N,A,-,N,,,,,,,,,,Y,2,0,1,1,C,-,18,,,N,A,H,A,A,H,-,D,D,0,,,Y,,Y,,-,"- ",1,0,0,0,0,0,0,0,1,"- ","- ",38.567039999999999,-120.99111000000001,"EL DORADO",UNINCORPORATED,-120.99136679999999,38.56730452
90519802,2017,2017-08-09,9245,2017-08-07,1850,018724,,1,2,9,0900,0,3,5,,2,004,"WOODED GLEN DR","LEONI RD",28.00,S,N,A,-,N,,,,,,,,,,N,2,0,1,1,A,-,03,22350,,N,F,A,A,A,H,-,A,D,0,,,Y,,Y,,C,02,1,0,0,0,0,0,0,0,1,"- ","- ",38.633539999999996,-120.53162,"EL DORADO",UNINCORPORATED,-120.53159170000001,38.633395040000003
90520505,2017,2017-08-10,9245,2017-08-07,1620,015421,,1,2,9,0900,0,3,5,,2,003,"LATROBE ROAD","RYAN RANCH RD",2082.00,N,N,A,-,N,,,,,,,,,,Y,2,0,2,2,A,-,05,21460,A,N,A,C,A,A,H,-,A,D,0,,,,,Y,,A,01,1,1,0,0,0,0,0,0,0,"- ","- ",38.60586,-121.03091999999999,"EL DORADO",UNINCORPORATED,-121.03076037,38.605875419999997
90524558,2017,2017-08-16,9245,2017-08-14,1640,018394,,1,2,9,0900,0,1,2,,1,160,US-50,"RANDALL TRACT BRG",528.00,E,N,A,-,Y,,,50,,,,,,,Y,2,0,2,1,A,-,08,22107,,N,F,A,A,A,H,-,A,D,0,,,,,Y,,A,07,1,1,0,0,0,0,0,0,0,"- ","- ",38.774149999999999,-120.39523,"EL DORADO",UNINCORPORATED,-120.39523077,38.774107469999997
90529614,2017,2017-08-23,9246,2017-08-17,1830,019398,,4,2,9,0900,0,1,2,,1,021,US-50,"CHIAPA DR",6864.00,W,N,A,-,Y,,,,,,,,,,Y,2,0,1,1,A,-,08,22107,,N,F,A,A,A,H,-,A,D,0,,,Y,,Y,,C,02,1,0,0,0,0,0,0,0,1,"- ","- ",38.509430000000002,-120.2769,"EL DORADO",UNINCORPORATED,-120.03570043000001,38.83612179
90544563,2017,2017-09-11,9245,2017-01-26,2144,018893,,4,2,9,0900,0,1,2,,2,140,"US-50 W/B","SMITH FLAT RD",956.00,E,N,A,-,Y,,,,,,,,,,Y,1,2,0,2,A,-,05,21651,B,N,A,C,A,A,H,-,D,D,0,,,,,Y,,A,01,0,0,0,0,0,0,0,0,0,"- ","- ",38.734259999999999,-120.77477,"EL DORADO",UNINCORPORATED,-120.76846217000001,38.731469699999998
90548811,2017,2017-09-15,9245,2017-09-10,1735,015607,,7,2,9,0900,0,2,4,,1,041,"PLEASANT VALLEY RD","BIG CUT RD",2.00,E,N,A,-,N,,,,,,,,,,Y,2,0,2,2,A,-,09,21802,A,N,D,C,A,A,H,-,A,D,0,,,,,Y,,A,01,1,0,1,0,0,0,0,0,0,"- ","- ",38.689999999999998,-120.78740000000001,"EL DORADO",UNINCORPORATED,-120.78739401,38.690067149999997
90558108,2017,2017-09-28,9245,2017-09-16,2250,018782,,6,3,9,0900,0,1,2,,2,140,US-50,"SIERRA BLANCA DR",333.00,E,N,A,-,Y,,,50,,,,,,,Y,2,0,1,2,A,-,01,23152,A,N,B,C,A,A,H,-,D,D,0,,,,,Y,Y,A,01,1,0,0,0,0,0,0,0,0,"- ","- ",38.738500000000002,-120.70180000000001,"EL DORADO",UNINCORPORATED,-120.70170131,38.738247110000003
90572304,2017,2017-10-19,9245,2017-09-07,1519,018394,,4,2,9,0900,0,1,3,,1,135,"STATE ROUTE 49","SAND RIDGE RD",623.00,S,N,A,-,Y,,,49,,,,,,,Y,1,1,0,1,A,-,08,22107,,N,E,I,A,A,H,-,A,D,0,,,,,Y,,A,07,0,0,0,0,0,0,0,0,0,"- ","- ",38.588520000000003,-120.84649,"EL DORADO",UNINCORPORATED,-120.84660356000001,38.588533769999998
90576434,2017,2017-10-23,9245,2017-10-15,1640,015607,,7,2,2,0901,0,1,3,,1,122,SR-193,"LONGVIEW LN",194.00,W,N,A,-,Y,,,,,,,,,,Y,2,0,2,2,A,-,01,23152,A,N,A,C,A,A,H,-,A,D,0,,,,,Y,Y,A,01,2,0,0,0,0,0,0,0,0,"- ","- ",38.89396,-120.87869999999999,"EL DORADO",PLACERVILLE,-120.87868174,38.893913679999997
90580956,2017,2017-10-27,9245,2017-10-14,0305,016371,,6,3,2,0901,0,1,2,,2,120,"US-50 E/B","FORNI RD",255.00,W,N,A,-,Y,,,50,,,,,,E,Y,2,0,1,1,A,-,03,22350,,N,F,A,A,A,H,-,C,D,0,,,Y,,Y,,C,02,1,0,0,0,0,0,0,0,1,"- ","- ",38.721040000000002,-120.834,"EL DORADO",PLACERVILLE,-120.83396731000001,38.720977789999999
90616308,2017,2017-12-13,9245,2017-11-10,1345,012833,,5,1,9,0900,0,3,5,,2,002,"WENTWORTH SPRINGS RD","SCHOOL STREET",983.00,E,N,B,-,N,,,,,,,,,,Y,1,1,0,1,A,-,05,21650,,N,E,I,A,B,H,-,A,D,0,,,,,Y,,D,22,0,0,0,0,0,0,0,0,0,"- ","- ",38.911209999999997,-120.83411,"EL DORADO",UNINCORPORATED,-120.83414644,38.911213590000003
90616324,2017,2017-12-13,9245,2017-10-14,1736,018663,,6,2,9,0900,0,2,S,,2,005,"MOSQUITO RD","KONA DR",6864.00,N,N,A,-,N,,,,,,,,,,Y,1,1,0,1,A,-,03,22350,,N,E,I,A,A,H,-,A,D,0,,,,,Y,,D,22,0,0,0,0,0,0,0,0,0,"- ","- ",38.775489999999998,-120.744,"EL DORADO",UNINCORPORATED,-120.74656838,38.773883509999997
90620466,2017,2017-12-19,9245,2017-11-09,1045,017856,,4,1,9,0900,0,2,4,,1,015,"CAMERON PARK DR","LA CANADA DR",1056.00,S,N,B,-,N,,,,,,,,,,Y,1,1,1,3,A,-,01,23152,F,N,B,C,A,A,H,-,A,D,0,,,,,Y,,A,01,0,0,1,0,0,0,0,0,0,"- ","- ",38.694879999999998,-120.99462,"EL DORADO",UNINCORPORATED,-120.994327,38.692461459999997
90631184,2017,2018-01-02,9245,2017-10-21,1515,018466,,6,2,9,0900,0,1,2,,2,120,US-50,"GREENSTONE RD",3696.00,E,N,A,-,Y,,,50,,,,,,,Y,1,1,0,1,A,-,08,22107,,N,E,I,A,A,H,-,A,D,0,,,,,Y,,A,07,0,0,0,0,0,0,0,0,0,"- ","- ",38.698349999999998,-120.87562,"EL DORADO",UNINCORPORATED,-120.8755962,38.698281059999999
90693025,2018,2018-03-29,9245,2018-03-22,1505,018394,,4,2,9,0900,0,1,2,,2,120,"US 50 W/B","PONDEROSA RD",4.00,E,N,B,-,Y,,,,,,,,,,Y,2,0,1,2,A,-,03,22350,,N,B,C,A,B,H,-,A,D,0,,,,,Y,,D,22,1,0,0,0,0,0,0,0,0,"- ","- ",38.662708282470703,-120.93755340576172,"EL DORADO",UNINCORPORATED,-120.93763732910156,38.662704467773438
90703692,2018,2018-04-11,9245,2018-03-31,1940,017364,,6,2,9,0900,0,3,5,,2,002,"MOSQUITO RD","VOLZ LN",3696.00,N,N,A,-,N,,,,,,,,,,Y,2,0,1,2,A,-,05,21650,,N,A,C,A,A,H,-,B,D,0,,,Y,,Y,,C,02,1,0,0,0,0,0,0,0,1,"- ","- ",38.769710540771484,-120.75595092773438,"EL DORADO",UNINCORPORATED,-120.75191497802734,38.769504547119141
90712963,2018,2018-04-25,9246,2018-04-24,1800,015487,,2,2,9,0900,0,2,4,,1,025,"NORTH UPPER TRUCKEE RD","US-50 (LINCOLN HWY)",735.00,N,N,A,-,N,,,,,,,,,,Y,2,0,1,1,A,-,03,22350,,N,E,J,A,A,H,-,A,D,0,,,Y,,Y,,C,02,1,0,0,0,0,0,0,0,1,"- ","- ",38.847549438476562,-120.03118133544922,"EL DORADO",UNINCORPORATED,-120.03103637695312,38.847579956054688
90716258,2018,2018-04-30,9245,2018-04-22,1357,018663,,7,1,9,0900,0,3,5,,2,004,"MORMON EMIGRANT TRL","SLY PARK RD",422.00,E,N,A,-,N,,,,,,,,,,N,2,0,1,1,A,-,08,22107,,N,E,I,A,A,H,-,A,D,0,,,Y,,Y,,C,02,1,0,0,0,0,0,0,0,1,"- ","- ",38.714588165283203,-120.56085968017578,"EL DORADO",UNINCORPORATED,-120.57323455810547,38.719223022460938
90723319,2018,2018-05-09,9245,2018-05-08,1430,015197,,2,2,9,0900,0,3,5,,2,002,"HARKNESS ST.","MAIN ST",0.00,,Y,A,-,N,,,,,,,,,,N,2,0,1,2,A,-,08,22107,,N,G,B,D,A,H,-,A,D,0,Y,,,,Y,,E,22,1,0,0,0,1,0,0,0,0,"- ","- ",38.907798767089844,-120.83747100830078,"EL DORADO",UNINCORPORATED,-120.83763122558594,38.907718658447266
90730343,2018,2018-05-21,9245,2018-05-14,1930,016371,,1,2,9,0900,0,3,5,,2,001,"HIDDEN HILLS LN.","GREEN VALLEY RD",1584.00,S,N,A,-,N,,,,,,,,,,N,2,0,1,1,A,-,08,22107,,N,E,I,A,A,H,-,A,D,0,,,Y,,Y,,C,02,1,0,0,0,0,0,0,0,1,"- ","- ",38.715980529785156,-120.86920928955078,"EL DORADO",UNINCORPORATED,-120.86890411376953,38.716400146484375
90737738,2018,2018-05-30,9245,2018-04-28,1925,018782,,6,2,9,0900,0,2,4,,1,025,"PONY EXPRESS TRAIL","CRYSTAL SPRINGS RD",900.00,W,N,B,-,N,,,,,,,,,,Y,1,1,0,1,A,-,01,23152,A,N,E,I,A,A,H,-,B,D,0,,,,,Y,Y,A,01,0,0,0,0,0,0,0,0,0,"- ","- ",38.743621826171875,-120.66023254394531,"EL DORADO",UNINCORPORATED,-120.65988922119141,38.743762969970703
90745688,2018,2018-06-11,9245,2018-04-23,0855,013342,,1,1,2,0901,0,3,5,,2,001,"SILVA VALLEY PARKWAY","TIMBERLINE RIDGE DRIVE",3.00,S,N,A,-,N,,,,,,,,,,Y,1,1,1,2,A,-,09,21801,A,N,D,C,A,A,H,-,A,D,0,,,Y,,Y,,A,07,0,1,0,0,0,0,0,1,0,"- ","- ",38.707828521728516,-121.07572174072266,"EL DORADO",PLACERVILLE,-121.07571411132812,38.707813262939453
90747710,2018,2018-06-13,9245,2018-06-09,1250,015728,,6,1,9,0900,0,3,5,,2,001,SR49,"UNION MINE RD",1584.00,N,N,B,-,Y,,,49,,,,,,,Y,2,0,1,1,A,-,08,22107,,N,F,A,A,A,H,-,A,D,0,,,Y,,Y,,C,02,1,0,0,0,0,0,0,0,1,"- ","- ",38.596401214599609,-120.84937286376953,"EL DORADO",UNINCORPORATED,-120.84941101074219,38.596328735351562
90747747,2018,2018-06-13,9245,2018-06-12,1050,013929,,2,1,9,0900,0,2,4,,2,011,"GREEN VALLEY ROAD","SKINNER LANE",326.00,W,N,A,-,N,,,,,,,,,,Y,2,0,2,1,A,-,08,22107,,N,F,A,A,A,H,-,A,D,0,,,,,Y,,A,01,1,1,0,0,0,0,0,0,0,"- ","- ",38.71173095703125,-120.94976043701172,"EL DORADO",UNINCORPORATED,-120.95135498046875,38.711635589599609
90754038,2018,2018-06-26,9245,2018-06-22,0915,015728,,5,1,9,0900,0,3,5,,2,003,"MISSOURI FLAT RD","ENTERPRISE DR",0.00,,Y,A,-,N,,,,,,,,,,Y,2,0,2,2,A,-,09,21802,A,N,D,C,A,A,H,-,A,A,0,,,,,Y,,D,22,1,1,0,0,0,0,0,0,0,"- ","- ",38.696281433105469,-120.82363891601562,"EL DORADO",UNINCORPORATED,-120.82363128662109,38.6962890625
90754053,2018,2018-06-22,9245,2018-06-16,1045,018601,,6,1,9,0900,0,2,S,,2,005,"ICE HOUSE RD.","JONES FORK POWER HOUSE RD",1056.00,N,N,A,-,N,,,,,,,,,,N,2,0,1,1,A,-,03,22350,,N,F,A,A,A,H,-,A,D,0,,Y,,,Y,,L,04,1,0,0,0,0,0,1,0,0,"- ","- ",38.849399566650391,-120.37677001953125,"EL DORADO",UNINCORPORATED,-120.37584686279297,38.859298706054688
90762053,2018,2018-07-03,9245,2018-05-23,0605,013342,,3,1,9,0900,0,2,4,,1,013,"PONDEROSA ROAD","CARPENTER LN",23.00,S,N,B,-,N,,,,,,,,,,Y,1,1,0,1,A,-,08,22107,,N,E,I,A,A,H,-,A,D,0,,,,,Y,,A,07,0,0,0,0,0,0,0,0,0,"- ","- ",38.706569671630859,-120.94438934326172,"EL DORADO",UNINCORPORATED,-120.94438171386719,38.706447601318359
90766936,2018,2018-07-11,9245,2018-07-03,2020,012833,,2,2,2,0901,0,3,5,,2,004,"OAK HILL RD","BLUERIDGE ROAD",275.00,N,N,A,-,N,,,,,,,,,,Y,2,0,1,1,A,-,01,23152,A,N,E,I,A,A,H,-,D,D,0,,,,,Y,Y,A,01,1,0,0,0,0,0,0,0,0,"- ","- ",38.398418426513672,-120.46845245361328,"EL DORADO",PLACERVILLE,-120.78078460693359,38.663761138916016