CASE_ID,ACCIDENT_YEAR,PROC_DATE,JURIS,COLLISION_DATE,COLLISION_TIME,OFFICER_ID,REPORTING_DISTRICT,DAY_OF_WEEK,CHP_SHIFT,POPULATION,CNTY_CITY_LOC,SPECIAL_COND,BEAT_TYPE,CHP_BEAT_TYPE,CITY_DIVISION_LAPD,CHP_BEAT_CLASS,BEAT_NUMBER,PRIMARY_RD,SECONDARY_RD,DISTANCE,DIRECTION,INTERSECTION,WEATHER_1,WEATHER_2,STATE_HWY_IND,CALTRANS_COUNTY,CALTRANS_DISTRICT,STATE_ROUTE,ROUTE_SUFFIX,POSTMILE_PREFIX,POSTMILE,LOCATION_TYPE,RAMP_INTERSECTION,SIDE_OF_HWY,TOW_AWAY,COLLISION_SEVERITY,NUMBER_KILLED,NUMBER_INJURED,PARTY_COUNT,PRIMARY_COLL_FACTOR,PCF_CODE_OF_VIOL,PCF_VIOL_CATEGORY,PCF_VIOLATION,PCF_VIOL_SUBSECTION,HIT_AND_RUN,TYPE_OF_COLLISION,MVIW,PED_ACTION,ROAD_SURFACE,ROAD_COND_1,ROAD_COND_2,LIGHTING,CONTROL_DEVICE,CHP_ROAD_TYPE,PEDESTRIAN_ACCIDENT,BICYCLE_ACCIDENT,MOTORCYCLE_ACCIDENT,TRUCK_ACCIDENT,NOT_PRIVATE_PROPERTY,ALCOHOL_INVOLVED,STWD_VEHTYPE_AT_FAULT,CHP_VEHTYPE_AT_FAULT,COUNT_SEVERE_INJ,COUNT_VISIBLE_INJ,COUNT_COMPLAINT_PAIN,COUNT_PED_KILLED,COUNT_PED_INJURED,COUNT_BICYCLIST_KILLED,COUNT_BICYCLIST_INJURED,COUNT_MC_KILLED,COUNT_MC_INJURED,PRIMARY_RAMP,SECONDARY_RAMP,LATITUDE,LONGITUDE,COUNTY,CITY,POINT_X,POINT_Y
90770676,2018,2018-11-19,9245,2018-07-06,2010,017897,,5,2,9,0900,0,2,4,,2,012,"SALMON FALLS RD","FALCONS CREST LN",528.00,N,N,A,-,N,,,,,,,,,,Y,2,0,1,1,A,-,03,22350,,N,E,I,A,A,H,-,A,D,0,,,Y,,Y,,C,02,1,0,0,0,0,0,0,0,1,"- ","- ",38.749759674072266,-121.05837249755859,"EL DORADO",UNINCORPORATED,-121.05860900878906,38.749412536621094
90772605,2018,2018-07-19,9245,2018-07-11,2015,018466,,3,2,9,0900,0,1,3,,1,115,SR-49,"QUARRY RD",2640.00,N,N,A,-,Y,,,49,,,,,,,Y,2,0,1,1,A,-,01,23152,A,N,F,A,A,A,H,-,B,D,0,,,,,Y,Y,D,22,1,0,0,0,0,0,0,0,0,"- ","- ",38.908321380615234,-121.01670074462891,"EL DORADO",UNINCORPORATED,-121.01668548583984,38.908359527587891
90775547,2018,2018-07-24,9245,2018-07-16,0031,018663,,1,3,9,0900,0,2,4,,1,039,"MOTHER LODE DR","FAWN ST",528.00,E,N,A,-,N,,,,,,,,,,Y,2,0,1,1,A,-,01,23152,A,N,F,A,A,A,H,-,D,D,0,,,,,Y,Y,A,01,1,0,0,0,0,0,0,0,0,"- ","- ",38.671459197998047,-120.89093017578125,"EL DORADO",UNINCORPORATED,-120.89138031005859,38.6712646484375
90783900,2018,2018-08-03,9245,2018-07-31,0100,015609,,2,3,9,0900,0,3,5,,2,004,"MORMON EMIGRANT TRL","CAPPS CROSSING RD",5755.00,E,N,A,-,N,,,,,,,,,,Y,2,0,1,1,A,-,01,23152,A,N,E,I,A,A,H,-,D,D,0,,,Y,,Y,Y,C,02,1,0,0,0,0,0,0,0,1,"- ","- ",38.731128692626953,-120.50840759277344,"EL DORADO",UNINCORPORATED,-120.50911712646484,38.731124877929688
90785605,2018,2018-08-07,9245,2018-08-04,1335,013342,,6,1,9,0900,0,1,3,,1,115,SR-49,"MEADOWVIEW ACRES RD",650.00,N,N,A,-,Y,,,49,,,,,,,Y,2,0,1,1,A,-,08,22107,,N,E,I,A,A,H,-,A,D,0,,,Y,,Y,,C,02,1,0,0,0,0,0,0,0,1,"- ","- ",38.858810424804688,-121.01438903808594,"EL DORADO",UNINCORPORATED,-121.01441192626953,38.858806610107422
90793146,2018,2018-08-17,9245,2018-08-10,1940,017364,,5,2,9,0900,0,3,5,,2,003,"PLEASANT VALLEY RD","EL DORADO ST",0.00,,N,A,-,N,,,,,,,,,,Y,2,0,1,1,A,-,01,23152,A,N,E,I,A,A,H,-,A,D,0,,,,,Y,Y,A,07,1,0,0,0,0,0,0,0,0,"- ","- ",38.681510925292969,-120.84245300292969,"EL DORADO",UNINCORPORATED,-120.85472106933594,38.682399749755859
90802129,2018,2018-08-30,9245,2018-07-22,0421,018663,,7,3,9,0900,0,2,4,,1,042,"CR E-16 (MT. AUKUM ROAD)","LONE BARN RD",1900.00,N,N,A,-,N,,,,,,,,,,Y,1,1,0,1,A,-,08,22107,,N,E,I,A,A,H,-,D,D,0,,,,,Y,,A,01,0,0,0,0,0,0,0,0,0,"- ","- ",38.592121124267578,-120.73014831542969,"EL DORADO",UNINCORPORATED,-120.73017883300781,38.592029571533203
90804227,2018,2018-09-03,9245,2018-07-28,1435,017856,,6,2,9,0900,0,1,2,,2,120,"US-50 W/B","PLACERVILLE DR",30.00,E,N,A,-,Y,,,50,,,,,,W,Y,1,1,0,1,A,-,08,22107,,N,F,I,A,A,H,-,A,D,0,,,,,Y,,D,22,0,0,0,0,0,0,0,0,0,"- ","- ",38.721519470214844,-120.83319091796875,"EL DORADO",UNINCORPORATED,-120.83319091796875,38.721523284912109
90813549,2018,2018-09-14,9245,2018-09-13,2225,018782,,4,3,9,0900,0,1,2,,2,120,"US-50 E/B","MISSOURI FLAT RD",800.00,E,N,A,-,Y,,,50,,,,,,E,Y,2,0,1,1,A,-,08,22107,,N,F,A,A,A,H,-,C,D,0,,,Y,,Y,,C,02,1,0,0,0,0,0,0,0,1,"- ","- ",38.715660095214844,-120.83685302734375,"EL DORADO",UNINCORPORATED,-120.83683776855469,38.715652465820312
90826462,2018,2018-10-02,9245,2018-09-22,2050,018466,,6,2,9,0900,0,2,4,,1,037,"FORNI RD","BECKETT LN",742.00,N,N,A,-,N,,,,,,,,,,Y,2,0,2,1,A,-,05,21650,,N,E,I,A,A,H,-,D,D,0,,,,,Y,,A,01,1,0,1,0,0,0,0,0,0,"- ","- ",38.689640045166016,-120.84224700927734,"EL DORADO",UNINCORPORATED,-120.84207916259766,38.689598083496094
90829103,2018,2018-10-04,9245,2018-09-25,1735,018394,,2,2,9,0900,0,2,4,,1,025,"PONY EXPRESS TRAIL","RIDGEWAY DR",0.00,,Y,A,-,N,,,,,,,,,,Y,2,0,2,2,A,-,09,21801,A,N,A,C,A,A,H,-,A,D,0,,,,,Y,,A,01,2,0,0,0,0,0,0,0,0,"- ","- ",38.749431610107422,-120.61782836914062,"EL DORADO",UNINCORPORATED,-120.61789703369141,38.749431610107422
90829110,2018,2018-10-04,9245,2018-09-24,0845,015563,,1,1,9,0900,0,2,4,,1,037,"MISSOURI FLAT RD","GOLDEN CENTER DR",0.00,,Y,A,-,N,,,,,,,,,,N,2,0,1,2,A,-,12,21453,A,N,D,G,A,A,H,-,A,A,0,,Y,,,Y,,L,04,1,0,0,0,0,0,1,0,0,"- ","- ",38.704498291015625,-120.82774353027344,"EL DORADO",UNINCORPORATED,-120.82762908935547,38.704498291015625
90851043,2018,2018-11-01,9245,2018-10-28,0840,020432,,7,1,9,0900,0,2,4,,2,012,"SALMON FALLS ROAD","OLD BRIDGE ROAD",1584.00,N,N,A,-,N,,,,,,,,,,N,2,0,2,2,A,-,08,22107,,N,H,G,A,A,H,-,A,D,0,,Y,,,Y,,L,04,2,0,0,0,0,0,2,0,0,"- ","- ",38.7510986328125,-121.04930114746094,"EL DORADO",UNINCORPORATED,-121.05014801025391,38.751499176025391
90851163,2018,2018-11-01,9245,2018-10-26,0100,018656,,5,3,9,0900,0,3,5,,2,001,"OXFORD RD","WOOD LN",180.00,W,N,A,-,N,,,,,,,,,,Y,2,0,1,1,A,-,01,23152,A,N,E,I,A,A,H,-,D,D,0,,,,,Y,Y,D,22,1,0,0,0,0,0,0,0,0,"- ","- ",38.677330017089844,-120.98246765136719,"EL DORADO",UNINCORPORATED,-120.982421875,38.677471160888672
90855218,2018,2018-11-07,9246,2018-10-28,0320,017106,,7,3,9,0900,0,2,4,,1,024,"PIONEER TRAIL","US-50 (EMERALD BAY RD)",621.00,E,N,A,-,N,,,,,,,,,,Y,2,0,1,1,A,-,03,22350,,N,E,I,A,A,H,-,D,D,0,,,Y,,Y,,C,02,1,0,0,0,0,0,0,0,1,"- ","- ",38.858638763427734,-120.01081848144531,"EL DORADO",UNINCORPORATED,-120.01004028320312,38.859870910644531
90859883,2018,2018-12-06,9245,2018-10-14,0225,018782,,7,3,9,0900,0,1,2,,2,120,"US-50 EASTBOUND","GREENSTONE ROAD",480.00,E,N,A,-,Y,,,50,,,,,,E,Y,1,1,0,1,A,-,01,23152,G,N,F,A,A,A,H,-,D,A,0,,,,,Y,Y,A,01,0,0,0,0,0,0,0,0,0,"- ","- ",38.695770263671875,-120.88455200195312,"EL DORADO",UNINCORPORATED,-120.88455200195312,38.695846557617188
90863125,2018,2018-11-19,9245,2018-11-17,0150,018656,,6,3,9,0900,0,2,4,,1,045,"NEWTOWN RD","FRIENDSHIP HILL RD",400.00,S,N,B,-,N,,,,,,,,,,Y,2,0,1,1,A,-,01,23152,A,N,F,A,A,A,H,-,D,D,0,,,,,Y,Y,D,22,1,0,0,0,0,0,0,0,0,"- ","- ",38.700408935546875,-120.66960906982422,"EL DORADO",UNINCORPORATED,-120.66957855224609,38.700454711914062
90863610,2018,2018-11-20,9245,2018-11-16,1650,018724,,5,2,9,0900,0,2,S,,2,005,"CABLE RD","SIERRA EXPRESS DR",2112.00,E,N,A,-,N,,,,,,,,,,N,2,0,2,3,A,-,03,22350,,N,A,C,A,A,H,-,B,D,0,,,Y,,Y,,C,02,1,0,1,0,0,0,0,0,2,"- ","- ",38.757900238037109,-120.65309906005859,"EL DORADO",UNINCORPORATED,-120.65415954589844,38.757980346679688
90864416,2018,2018-11-20,9245,2018-11-18,1417,017897,,7,2,9,0900,0,1,2,,2,140,US-50,"BRAEBURN LN",110.00,W,N,A,-,Y,,,50,,,,,,,Y,2,0,3,2,A,-,03,22350,,N,C,C,A,A,H,-,A,D,0,,,,,Y,,A,07,1,0,2,0,0,0,0,0,0,"- ","- ",38.738670349121094,-120.72563934326172,"EL DORADO",UNINCORPORATED,-120.72563934326172,38.738792419433594
90875433,2018,2018-12-04,9245,2018-12-02,0913,015328,,7,1,9,0900,0,2,4,,2,011,"GREEN VALLEY RD","MALCOLM DIXON RD",2640.00,W,N,A,-,N,,,,,,,,,,Y,2,0,1,1,A,-,08,22107,,N,E,I,A,A,H,-,A,D,0,,,,,Y,,A,01,1,0,0,0,0,0,0,0,0,"- ","- ",38.7135009765625,-121.05030059814453,"EL DORADO",UNINCORPORATED,-121.05463409423828,38.712989807128906
90890674,2018,2018-12-26,9245,2018-12-16,1709,017897,,7,2,9,0900,0,1,2,,1,160,US-50,"30 MILE STONE",3168.00,W,N,B,-,Y,,,50,,,,,,,Y,2,0,4,2,A,-,01,23152,A,N,B,C,A,A,H,-,D,D,0,,,,,Y,Y,A,07,2,0,2,0,0,0,0,0,0,"- ","- ",38.763809204101562,-120.34667205810547,"EL DORADO",UNINCORPORATED,-120.34665679931641,38.763736724853516
90895785,2018,2019-01-02,9245,2018-12-29,1410,018782,,6,2,9,0900,0,1,2,,2,140,"US-50 W/B","SNOWS RD",708.00,E,N,B,-,Y,,,50,,,,,,W,Y,2,0,5,1,A,-,08,22107,,N,F,A,A,A,H,-,A,D,0,,,,,Y,,A,01,1,2,2,0,0,0,0,0,0,"- ","- ",38.734779357910156,-120.67595672607422,"EL DORADO",UNINCORPORATED,-120.67597198486328,38.734661102294922
90901058,2019,2019-01-09,9245,2019-01-02,1315,015609,,3,1,9,0900,0,3,5,,2,003,"WHITE ROCK RD","CLARKSVILLE CROSSING",528.00,W,N,A,-,N,,,,,,,,,,N,2,0,1,1,D,-,00,,,N,F,A,A,A,H,-,A,D,0,,Y,,,Y,,-,"- ",1,0,0,0,0,0,1,0,0,"- ","- ",38.653469085693359,-121.05625915527344,"EL DORADO",UNINCORPORATED,-121.05629730224609,38.653285980224609
90917543,2019,2019-02-01,9245,2019-01-26,2310,018624,,6,3,9,0900,0,2,4,,1,023,"MOSQUITO RD","MEADOW LN",2112.00,N,N,A,B,N,,,,,,,,,,Y,2,0,2,1,A,-,01,23152,A,N,E,I,A,A,H,-,D,D,0,,,,,Y,Y,A,01,1,0,1,0,0,0,0,0,0,"- ","- ",38.749950408935547,-120.77957153320312,"EL DORADO",UNINCORPORATED,-120.78035736083984,38.749721527099609
90939046,2019,2019-03-04,9245,2019-01-14,0730,015609,,1,1,9,0900,0,1,3,,1,135,SR-49,"STREAMBED LN",78.00,S,N,B,-,Y,,,49,,,,,,,Y,1,1,0,1,A,-,05,21650,,N,E,I,A,A,H,-,B,D,0,,,,,Y,,D,22,0,0,0,0,0,0,0,0,0,"- ","- ",38.708389282226562,-120.81198883056641,"EL DORADO",UNINCORPORATED,-120.81214141845703,38.708362579345703
90950744,2019,2019-03-21,9245,2019-03-16,1430,018076,,6,2,9,0900,0,3,5,,2,003,"GREESTONE RD NB","GREENSTONE CUTOFF",25.00,N,N,A,-,N,,,,,,,,,,Y,2,0,1,1,A,-,03,22350,,N,F,A,A,A,H,-,A,D,0,,,Y,,Y,,C,02,1,0,0,0,0,0,0,0,1,"- ","- ",38.676021575927734,-120.88670349121094,"EL DORADO",UNINCORPORATED,-120.88673400878906,38.675937652587891
90966226,2019,2019-04-11,9245,2019-04-05,1508,018663,,5,2,9,0900,0,2,4,,1,042,"MOUNT AUKUM RD","BERTONE DR",320.00,S,N,B,-,N,,,,,,,,,,Y,2,0,1,1,A,-,08,22107,,N,F,A,A,B,H,-,A,D,0,,,,,Y,,A,01,1,0,0,0,0,0,0,0,0,"- ","- ",38.566028594970703,-120.72898864746094,"EL DORADO",UNINCORPORATED,-120.7291259765625,38.566188812255859
90970456,2019,2019-04-18,9245,2019-04-15,2015,018466,,1,2,9,0900,0,3,5,,2,003,"WHITE ROCK RD","KEAGLES LN",0.00,,Y,C,-,N,,,,,,,,,,N,2,0,1,2,A,-,11,21954,A,N,G,B,D,B,H,-,D,D,0,Y,,,,Y,Y,N,60,1,0,0,0,1,0,0,0,0,"- ","- ",38.648708343505859,-121.06301879882812,"EL DORADO",UNINCORPORATED,-121.062995,38.648710000000001
90973678,2019,2019-04-23,9245,2019-04-16,1625,018601,,2,2,9,0900,0,3,5,,2,001,"COUNTRY CLUB DR.","KNOLLWOOD DR",0.00,,Y,A,-,N,,,,,,,,,,Y,2,0,3,2,A,-,12,22450,A,N,D,C,A,A,H,-,A,A,0,,,,,Y,,A,01,2,1,0,0,0,0,0,0,0,"- ","- ",38.661678314208984,-121.00042724609375,"EL DORADO",UNINCORPORATED,-121.00035095214844,38.661270141601562
90990927,2019,2019-05-17,9246,2019-05-14,1730,015910,,2,2,9,0900,0,1,2,,1,020,"US-50 (EMERALD BAY RD)","SLIPPERY FORD RD",63.00,W,N,B,-,Y,,,50,,,,,,,Y,2,0,1,1,A,-,03,22350,,N,F,A,A,A,H,-,A,D,0,,,Y,,Y,,C,02,1,0,0,0,0,0,0,0,1,"- ","- ",38.805751800537109,-120.12336730957031,"EL DORADO",UNINCORPORATED,-120.12328338623047,38.805839538574219
91011316,2019,2019-06-17,9245,2019-06-05,1705,017364,,3,2,9,0900,0,1,2,,2,120,"US-50 W/B","GREENSTONE RD",0.00,,Y,A,-,Y,,,50,,,,,,W,Y,2,0,1,2,A,-,01,23152,A,N,D,C,A,A,H,-,A,A,0,,,,,Y,Y,A,07,1,0,0,0,0,0,0,0,0,"- ","- ",38.696468353271484,-120.887939453125,"EL DORADO",UNINCORPORATED,-120.88790893554688,38.696029663085938
91017706,2019,2019-06-26,9245,2019-06-15,1910,018394,,6,2,9,0900,0,3,5,,2,004,"WENTWORTH SPRINGS RD","ONION VALLEY RD",2112.00,W,N,A,-,N,,,,,,,,,,Y,2,0,1,1,A,-,08,22107,,N,F,A,A,A,H,-,A,D,0,,,,,Y,,A,07,1,0,0,0,0,0,0,0,0,"- ","- ",38.904758453369141,-120.5235595703125,"EL DORADO",UNINCORPORATED,-120.52409362792969,38.904640197753906
91019038,2019,2019-06-27,9245,2019-06-20,1615,015563,,4,2,9,0900,0,1,3,,1,135,SR-49,"MORALES RANCH RD",1584.00,N,N,A,-,Y,,,49,,,,,,,Y,2,0,1,1,A,-,03,22350,,N,E,I,A,A,H,-,A,D,0,,,,,Y,,A,01,1,0,0,0,0,0,0,0,0,"- ","- ",38.565238952636719,-120.84568023681641,"EL DORADO",UNINCORPORATED,-120.84577178955078,38.565223693847656
91036633,2019,2019-07-24,9246,2019-07-13,2150,018085,,6,2,9,0900,0,1,2,,1,020,"US-50 (LINCOLN HWY)","ALPINE AVE",1742.00,W,N,A,-,Y,,,50,,,,,,,Y,2,0,3,2,A,-,05,21460,A,N,A,C,A,A,H,-,D,D,0,,,,,Y,,A,07,1,2,0,0,0,0,0,0,0,"- ","- ",38.816028594970703,-120.08261108398438,"EL DORADO",UNINCORPORATED,-120.08263397216797,38.816055297851562
91050451,2019,2019-08-12,9245,2019-08-04,1625,018937,,7,2,9,0900,0,3,5,,2,001,"BAYNE RD","MOUNT MURPHY RD",1500.00,S,N,A,-,N,,,,,,,,,,Y,2,0,1,2,A,-,05,21650,,N,A,C,A,A,H,-,A,D,0,,,Y,,Y,Y,D,22,1,0,0,0,0,0,0,0,1,"- ","- ",38.800411224365234,-120.88365173339844,"EL DORADO",UNINCORPORATED,-120.88401794433594,38.800514221191406
91070102,2019,2019-09-09,9245,2019-09-06,1415,018782,,5,2,9,0900,0,2,4,,1,043,"SLY PARK ROAD","GOLD RIDGE TRL",300.00,S,N,A,-,N,,,,,,,,,,Y,2,0,1,3,A,-,01,23152,A,N,D,C,A,A,H,-,A,D,0,,,,,Y,Y,A,07,1,0,0,0,0,0,0,0,0,"- ","- ",38.756870269775391,-120.57469177246094,"EL DORADO",UNINCORPORATED,-120.57411193847656,38.756904602050781
9107893,2020,2020-09-24,0902,2020-05-09,0348,230,,6,5,3,0902,0,0,0,,0,EAST,"LAKE TAHOE BL","SAN JOSE AV",70.00,E,N,-,-,Y,ED,3,50,-,-,78.180,H,-,W,N,2,0,1,1,A,-,01,23152,A,N,E,I,A,A,H,-,C,A,0,,,,,Y,Y,A,07,1,0,0,0,0,0,0,0,0,"- ","- ",38.942569732666016,-119.97721099853516,"EL DORADO","SOUTH LAKE TAHOE",-119.97664642333984,38.943778991699219
91083063,2019,2019-09-25,9245,2019-09-21,1756,019631,,6,2,9,0900,0,2,4,,1,043,"SLY PARK RD","MORMON EMIGRANT TRL",0.00,,Y,A,-,N,,,,,,,,,,Y,2,0,3,2,A,-,01,23152,A,N,A,C,A,A,H,-,A,D,0,,,,,Y,Y,A,01,1,1,1,0,0,0,0,0,0,"- ","- ",38.719940185546875,-120.57434844970703,"EL DORADO",UNINCORPORATED,-120.57437896728516,38.719928741455078
91106480,2019,2019-10-25,9245,2019-10-16,2130,019631,,3,2,9,0900,0,3,5,,2,002,"MAMELUKE HILL RD","MORGAN RANCH LOOP",1000.00,N,N,B,-,N,,,,,,,,,,Y,2,0,1,1,A,-,08,22107,,N,E,I,A,A,H,-,D,D,0,,,,,Y,,D,22,1,0,0,0,0,0,0,0,0,"- ","- ",38.917121887207031,-120.84329986572266,"EL DORADO",UNINCORPORATED,-120.84357452392578,38.917350769042969
91110669,2019,2019-10-31,9245,2019-10-22,1130,018394,,2,1,9,0900,0,2,4,,1,043,"SLY PARK RD","SHELL LN",125.00,S,N,A,-,N,,,,,,,,,,N,2,0,1,1,C,-,18,,,N,F,A,A,A,H,-,A,D,0,,,Y,,Y,,-,"- ",1,0,0,0,0,0,0,0,1,"- ","- ",38.684959411621094,-120.65151214599609,"EL DORADO",UNINCORPORATED,-120.65128326416016,38.685096740722656
91115898,2019,2019-11-07,9246,2019-11-03,1218,014471,,7,1,9,0900,0,2,4,,1,024,"PIONEER TR","JICARILLA DR",2112.00,N,N,A,-,N,,,,,,,,,,N,2,0,1,2,A,-,08,22107,,N,B,G,A,A,H,-,A,D,0,,Y,,,Y,,A,01,1,0,0,0,0,0,1,0,0,"- ","- ",38.89385986328125,-119.97284698486328,"EL DORADO",UNINCORPORATED,-119.97286224365234,38.893821716308594
91130746,2019,2020-01-21,9245,2019-07-20,1615,018937,,6,2,9,0900,0,3,5,,2,004,"GRIZZLY FLAT RD","ED MPM 044",73.00,W,N,A,-,N,,,,,,,,,,Y,1,1,0,1,A,-,01,23152,G,N,E,I,A,A,H,-,A,D,0,,,,,Y,Y,D,22,0,0,0,0,0,0,0,0,0,"- ","- ",38.647651672363281,-121.67925262451172,"EL DORADO",UNINCORPORATED,,
91134567,2019,2019-12-03,9245,2019-11-26,1600,017364,,2,2,9,0900,0,3,5,,2,004,"STRING CANYON RD","EAGLE HILL RD",1320.00,E,N,D,-,N,,,,,,,,,,Y,2,0,3,1,A,-,03,22350,,N,F,A,A,C,H,-,A,D,0,,,,,Y,,A,07,1,2,0,0,0,0,0,0,0,"- ","- ",38.645149230957031,-120.53884124755859,"EL DORADO",UNINCORPORATED,-120.5394287109375,38.645107269287109
91153300,2019,2019-12-26,9245,2019-12-24,2130,019631,,2,2,9,0900,0,2,4,,2,012,"SALMON FALLS RD","FALCONS CREST LN",1320.00,N,N,B,-,N,,,,,,,,,,Y,2,0,1,1,A,-,08,22107,,N,E,I,A,A,H,-,D,D,0,,,,,Y,,D,22,1,0,0,0,0,0,0,0,0,"- ","- ",38.75054931640625,-121.05824279785156,"EL DORADO",UNINCORPORATED,-121.05711364746094,38.751018524169922
91186952,2020,2020-02-14,9245,2020-02-13,2125,018601,,4,2,9,0900,0,3,5,,2,003,"GREENSTONE RD.","STUDEBAKER RD",528.00,S,N,A,-,N,,,,,,,,,,Y,2,0,1,1,A,-,01,23152,F,N,E,I,A,A,H,-,D,D,0,,,,,Y,,A,01,1,0,0,0,0,0,0,0,0,"- ","- ",38.682029724121094,-120.88803863525391,"EL DORADO",UNINCORPORATED,-120.88760375976562,38.681427001953125
91202165,2020,2020-03-05,9245,2020-02-27,1110,015328,,4,1,9,0900,0,2,4,,1,015,"CAMERON PARK DR","COUNTRY CLUB DR",150.00,S,N,A,-,N,,,50,,,,,,,Y,2,0,1,2,A,-,01,23152,A,N,C,C,A,A,H,-,A,A,0,,,Y,,Y,Y,C,02,1,0,0,0,0,0,0,0,1,"- ","- ",38.659599304199219,-120.96920013427734,"EL DORADO",UNINCORPORATED,-120.96920013427734,38.659610748291016
91204405,2020,2020-03-09,9245,2020-03-04,1055,013929,,3,1,9,0900,0,1,3,,1,115,"STATE ROUTE 49","RATTLESNAKE BAR ROAD",147.00,S,N,A,-,Y,,,49,,,,,,,Y,2,0,1,2,A,-,09,21801,A,N,D,C,A,A,H,-,A,D,0,,,Y,,Y,,A,07,1,0,0,0,0,0,0,0,1,"- ","- ",38.8402099609375,-121.01528167724609,"EL DORADO",UNINCORPORATED,-121.01524353027344,38.840206146240234
91210234,2020,2020-03-17,9245,2020-03-17,0755,013929,,2,1,9,0900,0,1,2,,2,140,"RT 50","SCHNELL SCHOOL RD",2376.00,E,N,A,-,Y,,,50,,,,,,,Y,2,0,1,1,A,-,03,22350,,N,F,A,A,C,H,-,A,D,0,,,,,Y,,D,22,1,0,0,0,0,0,0,0,0,"- ","- ",38.733779907226562,-120.77178955078125,"EL DORADO",UNINCORPORATED,-120.77180480957031,38.733726501464844
91213457,2020,2020-03-23,9245,2020-03-12,2000,017364,,4,2,9,0900,0,1,2,,2,120,US-50,"EL DORADO RD",0.00,,N,A,-,Y,,,50,,,,,,,Y,2,0,1,1,A,-,01,23152,A,N,F,A,A,A,H,-,C,D,0,,,,,Y,Y,A,01,1,0,0,0,0,0,0,0,0,"- ","- ",38.705379486083984,-120.85491943359375,"EL DORADO",UNINCORPORATED,-120.85494232177734,38.705440521240234
91225663,2020,2020-04-14,9245,2020-04-08,0005,018656,,3,3,9,0900,0,3,5,,2,002,"MACE RD","CRYSTAL SPRINGS RD",400.00,N,N,A,-,N,,,,,,,,,,Y,2,0,1,1,A,-,01,23152,F,N,F,A,A,A,H,-,D,D,0,,,,,Y,,A,01,1,0,0,0,0,0,0,0,0,"- ","- ",38.754291534423828,-120.65177154541016,"EL DORADO",UNINCORPORATED,-120.65154266357422,38.754177093505859
91228876,2020,2020-04-23,9245,2020-04-15,0610,017897,,3,1,9,0900,0,1,2,,2,120,"US-50 E/B","SHINGLE SPRINGS DR",2280.00,E,N,A,-,Y,,,50,,,,,,E,Y,2,0,1,2,A,-,03,22350,,F,C,C,A,A,H,-,B,D,0,,,,,Y,,A,01,1,0,0,0,0,0,0,0,0,"- ","- ",38.685348510742188,-120.90959167480469,"EL DORADO",UNINCORPORATED,-120.90961456298828,38.685379028320312
91231485,2020,2020-04-30,9245,2020-04-25,1440,018782,,6,2,9,0900,0,3,5,,2,002,"WENTWORTH SPRINGS ROAD","HELIX FLAT AVE",5280.00,E,N,A,-,N,,,,,,,,,,Y,2,0,1,1,A,-,03,22350,,N,F,A,A,A,H,-,A,D,0,,,,,Y,,A,01,1,0,0,0,0,0,0,0,0,"- ","- ",38.945518493652344,-120.47141265869141,"EL DORADO",UNINCORPORATED,-120.47142028808594,38.945476531982422
91233515,2020,2020-05-04,9245,2020-04-26,1301,017320,,7,1,9,0900,0,2,4,,1,026,"ICE HOUSE RD","LOON LAKE BOAT RAMP",142.00,N,N,A,-,N,,,,,,,,,,Y,2,0,1,1,A,-,03,22350,,N,D,I,A,A,H,-,A,D,0,,,Y,,Y,,C,02,1,0,0,0,0,0,0,0,1,"- ","- ",38.981208801269531,-120.32705688476562,"EL DORADO",UNINCORPORATED,-120.32706451416016,38.980728149414062
91247486,2020,2020-06-04,9245,2020-05-28,1756,018756,,4,2,9,0900,0,1,2,,2,140,"FIVE MILE ROAD","US-50 W/B",0.00,,Y,A,-,Y,,,,,,,,,,Y,2,0,2,2,A,-,09,21802,A,N,D,C,A,A,H,-,A,A,0,,,,,Y,,A,01,1,0,1,0,0,0,0,0,0,"- ","- ",38.737300872802734,-120.71798706054688,"EL DORADO",UNINCORPORATED,,
91255573,2020,2020-06-22,9245,2020-06-14,1015,017897,,7,1,9,0900,0,3,5,,2,003,"AVANTI DR","LATROBE RD",62.00,E,N,A,-,N,,,,,,,,,,N,2,0,1,2,A,-,12,21455,,N,D,G,A,A,H,-,A,A,0,,Y,,,Y,,L,04,1,0,0,0,0,0,1,0,0,"- ","- ",38.617519378662109,-121.04936981201172,"EL DORADO",UNINCORPORATED,-121.04936981201172,38.617519378662109