CASE_ID,ACCIDENT_YEAR,PROC_DATE,JURIS,COLLISION_DATE,COLLISION_TIME,OFFICER_ID,REPORTING_DISTRICT,DAY_OF_WEEK,CHP_SHIFT,POPULATION,CNTY_CITY_LOC,SPECIAL_COND,BEAT_TYPE,CHP_BEAT_TYPE,CITY_DIVISION_LAPD,CHP_BEAT_CLASS,BEAT_NUMBER,PRIMARY_RD,SECONDARY_RD,DISTANCE,DIRECTION,INTERSECTION,WEATHER_1,WEATHER_2,STATE_HWY_IND,CALTRANS_COUNTY,CALTRANS_DISTRICT,STATE_ROUTE,ROUTE_SUFFIX,POSTMILE_PREFIX,POSTMILE,LOCATION_TYPE,RAMP_INTERSECTION,SIDE_OF_HWY,TOW_AWAY,COLLISION_SEVERITY,NUMBER_KILLED,NUMBER_INJURED,PARTY_COUNT,PRIMARY_COLL_FACTOR,PCF_CODE_OF_VIOL,PCF_VIOL_CATEGORY,PCF_VIOLATION,PCF_VIOL_SUBSECTION,HIT_AND_RUN,TYPE_OF_COLLISION,MVIW,PED_ACTION,ROAD_SURFACE,ROAD_COND_1,ROAD_COND_2,LIGHTING,CONTROL_DEVICE,CHP_ROAD_TYPE,PEDESTRIAN_ACCIDENT,BICYCLE_ACCIDENT,MOTORCYCLE_ACCIDENT,TRUCK_ACCIDENT,NOT_PRIVATE_PROPERTY,ALCOHOL_INVOLVED,STWD_VEHTYPE_AT_FAULT,CHP_VEHTYPE_AT_FAULT,COUNT_SEVERE_INJ,COUNT_VISIBLE_INJ,COUNT_COMPLAINT_PAIN,COUNT_PED_KILLED,COUNT_PED_INJURED,COUNT_BICYCLIST_KILLED,COUNT_BICYCLIST_INJURED,COUNT_MC_KILLED,COUNT_MC_INJURED,PRIMARY_RAMP,SECONDARY_RAMP,LATITUDE,LONGITUDE,COUNTY,CITY,POINT_X,POINT_Y
91256135,2020,2020-06-23,9245,2020-06-16,2110,019193,,2,2,9,0900,0,1,3,,1,122,SR-193,"PILGRIM CT",0.00,,Y,A,-,Y,,,193,,,,,,,Y,2,0,2,2,A,-,09,21802,A,N,D,C,A,A,H,-,D,D,0,,,,,Y,,A,01,1,1,0,0,0,0,0,0,0,"- ","- ",38.910430908203125,-120.92427825927734,"EL DORADO",UNINCORPORATED,-120.92430877685547,38.910472869873047
91266806,2020,2020-07-10,9245,2020-07-02,1827,018756,,4,2,9,0900,0,1,3,,1,135,SR-49,"MORALES RANCH ROAD",1056.00,S,N,A,-,Y,,,,,,,,,,Y,2,0,1,1,A,-,08,22107,,N,E,I,A,A,H,-,A,A,0,,,,,Y,,D,22,1,0,0,0,0,0,0,0,0,"- ","- ",38.332660675048828,-120.50502777099609,"EL DORADO",UNINCORPORATED,,
91267852,2020,2020-07-13,9245,2020-07-09,1625,016328,,4,2,9,0900,0,1,2,,2,120,"US 50 E/B","EL DORADO RD",480.00,W,N,A,-,Y,,,,,,,,,,Y,2,0,2,1,A,-,08,22107,,N,E,J,A,A,H,-,A,D,0,,,,,Y,,A,07,1,0,1,0,0,0,0,0,0,"- ","- ",38.703670501708984,-120.85843658447266,"EL DORADO",UNINCORPORATED,-120.85808563232422,38.704044342041016
91274209,2020,2020-07-24,9245,2020-07-20,0610,013929,,1,1,9,0900,0,1,2,,1,170,"RT 50","CEDAR STREET",1200.00,E,N,A,-,Y,,,50,,,,,,,Y,2,0,1,1,A,-,08,22107,,N,E,I,A,A,H,-,B,D,0,,,,,Y,,A,01,1,0,0,0,0,0,0,0,0,"- ","- ",38.805511474609375,-120.14021301269531,"EL DORADO",UNINCORPORATED,-120.14015960693359,38.805469512939453
91284452,2020,2020-08-11,9245,2020-08-08,0320,019793,,6,3,9,0900,0,2,4,,1,045,"NEWTOWN ROAD","PIONEER HILL RD",0.00,,Y,A,-,N,,,,,,,,,,N,2,0,1,1,A,-,21,22106,,N,G,B,A,A,H,-,D,D,0,,,,,Y,,A,01,1,0,0,0,0,0,0,0,0,"- ","- ",38.716079711914062,-120.71498870849609,"EL DORADO",UNINCORPORATED,-120.71505737304688,38.716110229492188
91285560,2020,2020-08-13,9245,2020-08-07,2030,019193,,5,2,9,0900,0,2,4,,1,026,"ICE HOUSE RD","GERLE CREEK",5280.00,S,N,A,-,N,,,,,,,,,,N,2,0,1,2,A,-,08,22107,,N,B,C,A,A,H,-,D,D,0,,,Y,,Y,,C,02,1,0,0,0,0,0,0,0,1,"- ","- ",38.999118804931641,-120.32131195068359,"EL DORADO",UNINCORPORATED,-120.32131195068359,38.999118804931641
91287577,2020,2020-08-17,9245,2020-08-13,1825,018782,,4,2,9,0900,0,2,4,,1,032,"SOUTH SHINGLE ROAD","AMBER FIELDS DR",0.00,,Y,A,-,N,,,,,,,,,,Y,2,0,3,2,A,-,12,22450,A,N,D,C,A,A,H,-,A,D,0,,,,,Y,,A,07,1,2,0,0,0,0,0,0,0,"- ","- ",38.603008270263672,-120.95874786376953,"EL DORADO",UNINCORPORATED,-120.95858764648438,38.602951049804688
91287625,2020,2020-08-17,9245,2020-08-14,1705,018601,,5,2,9,0900,0,2,4,,1,041,"PLEASANT VALLEY RD","HOLM RD.",1056.00,W,N,A,-,N,,,,,,,,,,Y,2,0,1,1,A,-,08,22107,,N,E,I,A,A,H,-,A,D,0,,,Y,,Y,,C,02,1,0,0,0,0,0,0,0,1,"- ","- ",38.689231872558594,-120.72560119628906,"EL DORADO",UNINCORPORATED,-120.72551727294922,38.689201354980469
91291669,2020,2020-08-24,9245,2020-08-17,1020,015419,,1,1,2,0901,0,1,2,,2,120,"US 50 WESTBOUND","PLACERVILLE DR",113.00,W,N,A,-,Y,,,,,,,,,,Y,2,0,1,3,A,-,03,22350,,N,C,C,A,A,H,-,A,D,0,,,,,Y,,A,07,1,0,0,0,0,0,0,0,0,"- ","- ",38.730388641357422,-120.81658935546875,"EL DORADO",PLACERVILLE,-120.83389282226562,38.721206665039062
91300607,2020,2020-09-08,9245,2020-08-30,1246,018394,,7,1,9,0900,0,2,4,,1,042,"MOUNT AUKUM RD","HIGGINS RD",528.00,W,N,A,-,N,,,,,,,,,,N,2,0,1,1,C,-,18,,,N,D,H,A,A,H,-,A,D,0,,,Y,,Y,,-,"- ",1,0,0,0,0,0,0,0,1,"- ","- ",38.584320068359375,-120.73680114746094,"EL DORADO",UNINCORPORATED,-120.73659515380859,38.581363677978516
91313914,2020,2020-09-29,9245,2020-09-21,0310,021493,,1,3,9,0900,0,2,4,,1,042,"BUCKS BAR RD","YOSEMITE PL",0.00,,Y,A,-,N,,,,,,,,,,Y,2,0,2,1,A,-,01,23152,A,N,F,A,A,A,H,-,D,D,0,,,Y,,Y,Y,C,02,1,1,0,0,0,0,0,0,2,"- ","- ",38.651390075683594,-120.6993408203125,"EL DORADO",UNINCORPORATED,-120.69931793212891,38.651329040527344
91320799,2020,2020-10-09,9245,2020-10-03,1530,017364,,6,2,9,0900,0,2,4,,1,041,"PLEASANT VALLEY RD","CEDAR VALLEY LN",0.00,,N,A,-,N,,,,,,,,,,Y,2,0,2,1,C,-,18,,,N,E,I,A,A,H,-,A,D,0,,,,,Y,,-,"- ",2,0,0,0,0,0,0,0,0,"- ","- ",38.678150177001953,-120.74465942382812,"EL DORADO",UNINCORPORATED,-120.74308776855469,38.678749084472656
91323608,2020,2020-10-14,9245,2020-08-30,1610,019252,,7,2,9,0900,0,3,5,,2,004,"GRIZZLY FLAT RD","MOUNT PLEASANT DR",325.00,W,N,A,-,N,,,,,,,,,,N,1,1,0,1,A,-,03,22350,,N,E,I,A,A,H,-,A,D,0,,,Y,,Y,,C,02,0,0,0,0,0,0,0,1,0,"- ","- ",38.63336181640625,-120.53816986083984,"EL DORADO",UNINCORPORATED,-120.5430908203125,38.632362365722656
91323690,2020,2020-10-14,9245,2020-10-09,1848,018601,,5,2,9,0900,0,1,2,,2,120,"US-50 W/B","EL DORADO RD.",1584.00,E,N,A,-,Y,,,50,,,,,,W,Y,2,0,1,2,A,-,06,21750,,N,E,I,A,A,H,-,B,D,0,,,,,Y,,A,01,1,0,0,0,0,0,0,0,0,"- ","- ",38.706058502197266,-120.8531494140625,"EL DORADO",UNINCORPORATED,-120.8531494140625,38.706062316894531
91326086,2020,2020-10-19,9245,2020-09-05,2310,020072,,6,3,9,0900,0,2,4,,2,011,"GREEN VALLEY ROAD","CROWDIS LANE",9.00,W,N,A,-,N,,,,,,,,,,Y,1,1,0,1,A,-,03,22350,,N,F,A,A,A,H,-,D,D,0,,,Y,,Y,Y,C,02,0,0,0,0,0,0,0,1,0,"- ","- ",38.700859069824219,-120.98442077636719,"EL DORADO",UNINCORPORATED,-120.98468017578125,38.700820922851562
91331572,2020,2020-10-26,9245,2020-10-18,2335,019193,,7,3,9,0900,0,2,4,,2,011,"GREEN VALLEY RD","WILDWOOD LN",100.00,W,N,A,-,N,,,,,,,,,,Y,2,0,2,2,A,-,08,22107,,N,D,C,A,A,H,-,D,D,0,,,,,Y,,A,01,1,1,0,0,0,0,0,0,0,"- ","- ",38.712291717529297,-120.89705657958984,"EL DORADO",UNINCORPORATED,-120.89658355712891,38.712184906005859
91340371,2020,2020-11-05,9245,2020-10-31,2500,013929,,6,4,9,0900,0,2,4,,1,025,"PONY EXPRESS TRAIL","CRYSTAL SPRINGS ROAD",1584.00,E,N,A,-,N,,,,,,,,,,Y,2,0,1,1,A,-,08,22107,,N,E,I,A,A,H,-,D,D,0,,,,,Y,,A,01,1,0,0,0,0,0,0,0,0,"- ","- ",38.744590759277344,-120.65090179443359,"EL DORADO",UNINCORPORATED,-120.65134429931641,38.744594573974609
91340961,2020,2020-11-10,9245,2020-09-27,1520,017320,,7,2,9,0900,0,2,4,,1,013,"LOTUS RD","GOLD HILL RD",0.00,,Y,A,-,N,,,,,,,,,,Y,1,1,0,2,A,-,09,21802,A,N,D,C,A,A,H,-,A,D,0,,,Y,,Y,Y,D,22,0,0,0,0,0,0,0,1,0,"- ","- ",38.768890380859375,-120.92530822753906,"EL DORADO",UNINCORPORATED,-120.92530822753906,38.768878936767578
91357640,2020,2020-12-02,9245,2020-11-26,1225,016451,,4,1,9,0900,0,1,3,,1,115,"SR-49 N/B","COLOMA HEIGHTS RD",40.00,N,N,A,-,Y,,,49,,,,,,N,Y,2,0,1,1,A,-,03,22350,,N,E,I,A,A,H,-,A,D,0,,,Y,,Y,,C,02,1,0,0,0,0,0,0,0,1,"- ","- ",38.795211791992188,-120.88552093505859,"EL DORADO",UNINCORPORATED,-120.88550567626953,38.795173645019531
91359179,2020,2020-12-04,9245,2020-11-26,1340,017364,,4,1,9,0900,0,2,4,,1,039,"MOTHER LODE DR","MISSOURI FLAT RD",0.00,,N,A,-,N,,,,,,,,,,Y,2,0,2,2,A,-,01,23152,A,N,A,C,A,A,H,-,A,D,0,,,,,Y,Y,D,22,1,1,0,0,0,0,0,0,0,"- ","- ",38.709598541259766,-120.83943939208984,"EL DORADO",UNINCORPORATED,-120.83783721923828,38.710361480712891
91363723,2020,2020-12-10,9245,2020-12-02,2235,019793,,3,3,9,0900,0,3,5,,2,003,"FORNI RD","TURBO RD",75.00,N,N,A,-,N,,,,,,,,,,Y,2,0,1,1,A,-,08,22107,,N,F,A,A,A,H,-,D,D,0,,,Y,,Y,,C,02,1,0,0,0,0,0,0,0,1,"- ","- ",38.693351745605469,-120.83699035644531,"EL DORADO",UNINCORPORATED,-120.83708190917969,38.693328857421875
91404416,2021,2021-02-24,9246,2021-01-30,0815,017612,,6,1,9,0900,0,1,2,,1,021,"US-50 (LINCOLN HWY)","ECHO RD (FOREST RTE 11N06B)",2075.00,W,N,B,-,Y,,,50,,,,,,,Y,2,0,3,3,A,-,03,22350,,N,B,C,A,C,H,-,A,D,0,,,,,Y,,A,07,2,0,1,0,0,0,0,0,0,"- ","- ",38.817668914794922,-120.03427124023438,"EL DORADO",UNINCORPORATED,-120.03430938720703,38.817653656005859
91406810,2021,2021-02-11,9245,2021-02-02,2110,021493,,2,2,9,0900,0,3,5,,2,001,"SILVA VALLEY PKY","GLENMORE WAY",200.00,S,N,B,C,N,,,,,,,,,,N,2,0,1,1,A,-,03,22350,,N,F,A,A,B,H,-,C,D,0,,,Y,,Y,,C,02,1,0,0,0,0,0,0,0,1,"- ","- ",38.705741882324219,-121.074951171875,"EL DORADO",UNINCORPORATED,-121.07511138916016,38.705951690673828
91418267,2021,2021-03-01,9245,2021-01-10,1530,018782,,7,2,9,0900,0,2,4,,1,042,"FAIRPLAY ROAD","PERRY CREEK ROAD",528.00,S,N,B,-,N,,,,,,,,,,Y,1,1,0,1,A,-,01,23152,F,N,E,I,A,A,H,-,A,D,0,,,,,Y,,D,22,0,0,0,0,0,0,0,0,0,"- ","- ",38.591289520263672,-120.66056060791016,"EL DORADO",UNINCORPORATED,-120.700439453125,38.607212066650391
91419962,2021,2021-03-03,9245,2021-02-26,1800,015419,,5,2,9,0900,0,3,5,,2,003,"MERCHANDISE WAY","ENTERPRISE DR",178.00,N,N,A,-,N,,,,,,,,,,Y,2,0,1,1,A,-,01,23152,A,N,F,C,A,A,H,-,C,D,0,,,,,Y,Y,A,07,1,0,0,0,0,0,0,0,0,"- ","- ",38.695770263671875,-120.82939147949219,"EL DORADO",UNINCORPORATED,-120.82939910888672,38.695674896240234
91424611,2021,2021-03-10,9245,2021-03-05,0202,019252,,5,3,9,0900,0,1,2,,2,120,"US-50 E/B","GREENSTONE RD",1356.00,E,N,A,-,Y,,,50,,,,,,E,Y,2,0,1,1,A,-,08,22107,,N,F,A,A,A,H,-,C,D,0,,,,,Y,,A,01,1,0,0,0,0,0,0,0,0,"- ","- ",38.695781707763672,-120.88295745849609,"EL DORADO",UNINCORPORATED,-120.88298797607422,38.695972442626953
91425459,2021,2021-03-11,9245,2021-03-07,1355,017897,,7,1,9,0900,0,3,5,,2,002,"VOLCANOVILLE RD","BEAR STATE ROAD",5280.00,N,N,A,-,N,,,,,,,,,,Y,2,0,2,1,A,-,08,22107,,N,E,I,A,A,H,-,A,D,0,,,,,Y,,A,08,2,0,0,0,0,0,0,0,0,"- ","- ",38.981121063232422,-120.73021697998047,"EL DORADO",UNINCORPORATED,-120.73021697998047,38.981613159179688
91442210,2021,2021-04-02,9245,2021-03-29,1210,015609,,1,1,9,0900,0,3,5,,2,002,"WENTWORTH SPRINGS RD","HANSEN HOLLOW RD",60.00,W,N,A,-,N,,,,,,,,,,N,2,0,1,2,A,-,03,22350,,N,C,G,A,A,H,-,A,D,0,,Y,,,Y,,D,22,1,0,0,0,0,0,1,0,0,"- ","- ",38.911628723144531,-120.82244873046875,"EL DORADO",UNINCORPORATED,-120.82225799560547,38.911602020263672
91445947,2021,2021-04-08,9246,2021-04-06,1324,014471,,2,1,9,0900,0,2,4,,1,025,"LAKE TAHOE BLVD","SAWMILL RD",4224.00,E,N,A,-,N,,,,,,,,,,Y,2,0,1,1,A,-,01,23152,A,N,E,I,A,A,H,-,A,D,0,,,,,Y,Y,A,07,1,0,0,0,0,0,0,0,0,"- ","- ",38.896869659423828,-120.01792907714844,"EL DORADO",UNINCORPORATED,-120.01747131347656,38.897113800048828
91456147,2021,2021-04-22,9245,2021-04-17,1215,017897,,6,1,9,0900,0,2,4,,1,037,"PLEASANT VALLEY RD","ORIENTAL ST",15.00,W,N,A,-,Y,,,,,,,,,,Y,2,0,1,2,A,-,01,23152,A,N,C,C,A,A,H,-,A,D,0,,,,,Y,Y,A,01,1,0,0,0,0,0,0,0,0,"- ","- ",38.682571411132812,-120.849609375,"EL DORADO",UNINCORPORATED,-120.84954071044922,38.682662963867188
91470561,2021,2021-05-27,9245,2021-05-02,1735,018394,,7,2,9,0900,0,2,4,,2,012,"SALMON FALLS RD","SALMON VALLEY LN",3.00,N,N,A,-,N,,,,,,,,,,Y,2,0,2,2,A,-,03,22350,,N,C,C,A,A,H,-,A,D,0,,,,,Y,,A,07,1,1,0,0,0,0,0,0,0,"- ","- ",38.582401275634766,-121.49539947509766,"EL DORADO",UNINCORPORATED,-121.06063842773438,38.741569519042969
91478184,2021,2021-05-27,9245,2021-05-13,2050,015607,,4,2,9,0900,0,1,3,,1,122,SR-193,"ZDOLSEK PLACE",170.00,E,N,A,-,Y,,,193,,,,,,,Y,2,0,1,1,C,-,18,,,N,E,H,A,A,H,-,D,D,0,,,Y,,Y,,-,"- ",1,0,0,0,0,0,0,0,1,"- ","- ",38.904640197753906,-120.91747283935547,"EL DORADO",UNINCORPORATED,-120.91758728027344,38.904655456542969
91485811,2021,2021-05-31,9245,2021-05-23,1400,018782,,7,2,9,0900,0,1,3,,1,135,SR-49,"COMMERCE WAY",300.00,S,N,A,-,Y,,,49,,,,,,,Y,2,0,3,3,A,-,17,22109,,F,B,C,A,A,H,-,A,D,0,,,Y,,Y,,-,99,1,2,0,0,0,0,0,0,3,"- ","- ",38.692008972167969,-120.82669830322266,"EL DORADO",UNINCORPORATED,-120.82669067382812,38.691967010498047
91494457,2021,2021-06-10,9245,2021-05-30,2043,017364,,7,2,9,0900,0,1,3,,1,115,"COLOMA RD","RIVER PARK DR",15.00,N,N,A,-,Y,,,,,,,,,,N,2,0,1,2,A,-,17,23109,C,F,G,B,D,A,H,-,C,D,0,Y,,,,Y,Y,D,22,1,0,0,0,1,0,0,0,0,"- ","- ",38.808631896972656,-120.90339660644531,"EL DORADO",UNINCORPORATED,-120.90438842773438,38.808605194091797
91509215,2021,2021-06-29,9245,2021-06-22,1910,019252,,2,2,9,0900,0,2,4,,1,042,"BUCKS BAR ROAD","PALACE LN",2412.00,S,N,A,-,N,,,,,,,,,,Y,2,0,1,2,A,-,05,21460,A,N,B,C,A,A,H,-,A,D,0,,,Y,,Y,,D,22,1,0,0,0,0,0,0,0,1,"- ","- ",38.670730590820312,-120.71630859375,"EL DORADO",UNINCORPORATED,-120.73069000244141,38.674999237060547
91509248,2021,2021-06-29,9245,2021-06-25,1900,018601,,5,2,9,0900,0,1,2,,2,140,"US-50 E/B","8 MILE RD.",1584.00,W,N,A,-,Y,,,50,,,,,,E,Y,2,0,1,1,A,-,08,22107,,N,E,I,A,A,H,-,A,D,0,,,,,Y,,A,01,1,0,0,0,0,0,0,0,0,"- ","- ",38.734458923339844,-120.66919708251953,"EL DORADO",UNINCORPORATED,-120.66919708251953,38.734447479248047
91510792,2021,2021-07-01,9245,2021-06-26,1315,017040,,6,1,9,0900,0,3,5,,2,003,"SARATOGA LN.","ROBIN LN.",640.00,S,N,A,-,N,,,,,,,,,,N,2,0,1,1,A,-,03,22350,,N,F,A,A,A,H,-,A,D,0,,,Y,,Y,,C,02,1,0,0,0,0,0,0,0,1,"- ","- ",38.654331207275391,-120.96723937988281,"EL DORADO",UNINCORPORATED,-120.96733093261719,38.654361724853516
91518419,2021,2021-07-12,9245,2021-07-03,1200,018656,,6,1,9,0900,0,2,S,,2,005,"WENTWORTH SPRINGS RD","ROBS CABIN TRL",2112.00,W,N,A,-,N,,,,,,,,,,N,2,0,1,1,A,-,03,22350,,N,F,A,A,A,H,-,A,D,0,,,Y,,Y,,C,02,1,0,0,0,0,0,0,0,1,"- ","- ",38.948410034179688,-120.46637725830078,"EL DORADO",UNINCORPORATED,,
91540740,2021,2021-08-09,9245,2021-08-01,1400,019252,,7,2,9,0900,0,2,4,,1,037,"FORNI ROAD","BLANCHARD RD",560.00,S,N,A,-,N,,,,,,,,,,Y,2,0,1,2,A,-,05,21460,A,N,F,A,A,A,H,-,A,D,0,,,Y,,Y,,C,02,1,0,0,0,0,0,0,0,1,"- ","- ",38.689628601074219,-120.84208679199219,"EL DORADO",UNINCORPORATED,-120.842041015625,38.68963623046875
91542485,2021,2021-08-11,9245,2021-06-06,2340,019193,,7,3,9,0900,0,1,3,,1,115,SR-49,"CATECROFT LANE",912.00,S,N,A,-,N,,,49,,,,,,,Y,1,1,0,1,A,-,01,23152,A,N,E,I,A,A,H,-,D,D,0,,,,,Y,Y,D,22,0,0,0,0,0,0,0,0,0,"- ","- ",38.863048553466797,-121.01788330078125,"EL DORADO",UNINCORPORATED,-121.01787567138672,38.863052368164062
91548448,2021,2023-04-21,9246,2021-08-06,0612,019119,,5,1,9,0900,0,1,3,,1,023,"SR-89 (LUTHER PASS RD)","SOUTH UPPER TRUCKEE RD.",9504.00,S,N,A,-,Y,,,89,,,,,,,Y,2,0,2,3,A,-,05,21460,A,N,B,C,A,A,H,-,A,D,0,,,,,Y,,D,22,1,1,0,0,0,0,0,0,0,"- ","- ",38.794338226318359,-119.99382019042969,"EL DORADO",UNINCORPORATED,-119.99382781982422,38.794391632080078
91552052,2021,2021-08-23,9245,2021-08-17,2340,017364,,2,3,9,0900,0,1,2,,2,140,US50,"FIVE MILE RD",90.00,W,N,A,-,Y,,,50,,,,,,,Y,2,0,1,1,A,-,08,22107,,N,E,I,A,A,D,-,C,A,0,,,,,Y,,A,01,1,0,0,0,0,0,0,0,0,"- ","- ",38.737659454345703,-120.71839141845703,"EL DORADO",UNINCORPORATED,-120.71845245361328,38.737457275390625
91557316,2021,2021-08-27,9245,2021-08-21,1645,015419,,6,2,9,0900,0,2,4,,1,037,"EL DORADO RD","SILVER LODE DR",668.00,N,N,A,-,N,,,,,,,,,,N,2,0,1,1,A,-,08,22107,,N,E,J,A,A,H,-,A,D,0,,,Y,,Y,,C,02,1,0,0,0,0,0,0,0,1,"- ","- ",38.695018768310547,-120.86187744140625,"EL DORADO",UNINCORPORATED,-120.86180877685547,38.695064544677734
91568338,2021,2021-09-13,9246,2021-09-07,1510,014478,,2,2,9,0900,0,1,3,,1,031,"SR-89 (EMERALD BAY RD)","ED Z'BERG SUGAR PINE STATE PARK",528.00,N,N,A,-,Y,,,89,,,,,,,N,2,0,1,2,A,-,08,22107,,N,B,G,A,A,H,-,A,D,0,,,,,Y,,M,91,1,0,0,0,0,0,0,0,0,"- ","- ",39.051719665527344,-120.11784362792969,"EL DORADO",UNINCORPORATED,-120.11788177490234,39.051738739013672
91571184,2021,2021-09-15,9245,2021-09-11,1135,018466,,6,1,9,0900,0,1,2,,2,140,US-50,"CARSON ROAD",0.00,,Y,A,-,Y,,,50,,,,,,,N,2,0,2,1,A,-,08,22107,,N,E,A,A,A,H,-,A,D,0,,,Y,,Y,,C,02,2,0,0,0,0,0,0,0,2,"- ","- ",38.740100860595703,-120.69676208496094,"EL DORADO",UNINCORPORATED,-120.69676208496094,38.740116119384766
91574655,2021,2021-10-28,9245,2021-09-10,1755,021415,,5,2,9,0900,0,1,3,,1,122,SR-193,"CHILI BAR CT",1500.00,S,N,A,-,Y,,,193,,,,,,,Y,2,0,1,2,A,-,05,21460,A,F,A,C,A,A,H,-,A,D,0,,,Y,,Y,,A,01,1,0,0,0,0,0,0,0,1,"- ","- ",38.762458801269531,-120.82097625732422,"EL DORADO",UNINCORPORATED,-120.82096099853516,38.762474060058594
91590847,2021,2021-10-07,9245,2021-09-30,1850,015609,,4,2,9,0900,0,2,4,,1,013,"LOTUS RD","THOMPSON HILL RD",1056.00,N,N,A,-,N,,,,,,,,,,N,2,0,1,2,A,-,05,21460,A,N,B,C,A,A,H,-,B,D,0,,,Y,,Y,,C,02,1,0,0,0,0,0,0,0,1,"- ","- ",38.776348114013672,-120.92458343505859,"EL DORADO",UNINCORPORATED,-120.92487335205078,38.774517059326172
91610755,2021,2021-10-29,9245,2021-08-15,1528,018756,,7,2,9,0900,0,1,2,,2,110,US-50,"SILVA VALLEY ROAD",2800.00,E,N,A,-,Y,,,50,,,,,,,N,1,1,0,1,A,-,08,22107,,N,E,I,A,A,H,-,A,A,0,,,,,Y,,A,01,0,0,0,0,0,0,0,0,0,"- ","- ",38.656280517578125,-121.04498291015625,"EL DORADO",UNINCORPORATED,-121.04468536376953,38.656650543212891
91613734,2021,2021-11-02,9245,2021-09-05,0159,019793,,7,3,9,0900,0,1,2,,2,120,"US-50 W/B TO EL DORADO ROAD","EL DORADO ROAD",10.00,W,N,A,-,Y,,,50,,,,R,,W,Y,1,1,0,1,A,-,01,23152,A,N,E,I,A,A,H,-,D,D,0,,,,,Y,Y,D,22,0,0,0,0,0,0,0,0,0,"- ","- ",38.705280303955078,-120.85678863525391,"EL DORADO",UNINCORPORATED,-120.85678863525391,38.705280303955078
91616402,2021,2022-01-04,9245,2021-10-29,1638,021379,,5,2,9,0900,0,3,5,,2,003,"DUROCK RD","PIN LN",1.00,E,N,A,-,N,,,,,,,,,,Y,1,1,0,3,A,-,09,21801,A,N,D,C,A,A,H,-,A,D,0,,,Y,,Y,,D,22,0,0,0,0,0,0,0,1,0,"- ","- ",38.657421112060547,-120.95242309570312,"EL DORADO",UNINCORPORATED,-120.95243835449219,38.657421112060547
91621708,2021,2021-11-10,9245,2021-11-03,2157,019193,,3,2,9,0900,0,1,2,,2,110,"US-50 W/B","DEER CREEK",976.00,E,N,A,-,Y,,,50,,,,,,W,Y,2,0,2,1,A,-,08,22107,,N,E,I,A,A,H,-,D,D,0,,,,,Y,,D,22,2,0,0,0,0,0,0,0,0,"- ","- ",38.657440185546875,-120.98813629150391,"EL DORADO",UNINCORPORATED,-120.98815155029297,38.657344818115234
91636714,2021,2021-11-29,9245,2021-11-15,1250,017897,,1,1,9,0900,0,2,4,,2,031,"GOLDEN FOOTHILL PARKWAY","LATROBE RD",0.00,,Y,A,-,N,,,,,,,,,,Y,2,0,3,2,A,-,12,21453,A,N,D,C,A,A,H,-,A,A,0,,,,,Y,,A,07,1,2,0,0,0,0,0,0,0,"- ","- ",38.720920562744141,-120.830810546875,"EL DORADO",UNINCORPORATED,-121.06561279296875,38.641319274902344
91667586,2021,2021-12-31,9245,2021-12-19,2350,019793,,7,3,9,0900,0,1,2,,2,120,"US-50 E/B","PONDEROSA RD",1831.00,E,N,A,-,Y,,,50,,,,,,E,Y,2,0,1,1,A,-,08,22107,,N,F,A,A,A,H,-,D,D,0,,,,,Y,,D,22,1,0,0,0,0,0,0,0,0,"- ","- ",38.665290832519531,-120.93196868896484,"EL DORADO",UNINCORPORATED,-120.93185424804688,38.665081024169922
91677426,2022,2022-01-13,9245,2022-01-06,1447,018756,,4,2,9,0900,0,2,4,,1,025,"PONY EXPRESS TRAIL","ALDER DRIVE",0.00,,Y,A,-,N,,,,,,,,,,Y,2,0,1,2,A,-,09,21801,A,N,A,C,A,B,H,-,A,A,0,,,Y,,Y,,A,01,1,0,0,0,0,0,0,0,1,"- ","- ",38.745189666748047,-120.63111877441406,"EL DORADO",UNINCORPORATED,-120.63105010986328,38.7451171875
91683934,2022,2022-01-24,9245,2022-01-11,0630,017320,,2,1,9,0900,0,2,4,,2,012,"SALMON FALLS RD","DRIVEWAY TO 888 SALMON FALLS RD",245.00,S,N,A,-,N,,,,,,,,,,Y,2,0,1,1,A,-,03,22350,,N,E,I,A,A,H,-,B,D,0,,,,,Y,,A,01,1,0,0,0,0,0,0,0,0,"- ","- ",38.750530242919922,-121.05831909179688,"EL DORADO",UNINCORPORATED,-121.02268218994141,38.788330078125