CASE_ID,ACCIDENT_YEAR,PROC_DATE,JURIS,COLLISION_DATE,COLLISION_TIME,OFFICER_ID,REPORTING_DISTRICT,DAY_OF_WEEK,CHP_SHIFT,POPULATION,CNTY_CITY_LOC,SPECIAL_COND,BEAT_TYPE,CHP_BEAT_TYPE,CITY_DIVISION_LAPD,CHP_BEAT_CLASS,BEAT_NUMBER,PRIMARY_RD,SECONDARY_RD,DISTANCE,DIRECTION,INTERSECTION,WEATHER_1,WEATHER_2,STATE_HWY_IND,CALTRANS_COUNTY,CALTRANS_DISTRICT,STATE_ROUTE,ROUTE_SUFFIX,POSTMILE_PREFIX,POSTMILE,LOCATION_TYPE,RAMP_INTERSECTION,SIDE_OF_HWY,TOW_AWAY,COLLISION_SEVERITY,NUMBER_KILLED,NUMBER_INJURED,PARTY_COUNT,PRIMARY_COLL_FACTOR,PCF_CODE_OF_VIOL,PCF_VIOL_CATEGORY,PCF_VIOLATION,PCF_VIOL_SUBSECTION,HIT_AND_RUN,TYPE_OF_COLLISION,MVIW,PED_ACTION,ROAD_SURFACE,ROAD_COND_1,ROAD_COND_2,LIGHTING,CONTROL_DEVICE,CHP_ROAD_TYPE,PEDESTRIAN_ACCIDENT,BICYCLE_ACCIDENT,MOTORCYCLE_ACCIDENT,TRUCK_ACCIDENT,NOT_PRIVATE_PROPERTY,ALCOHOL_INVOLVED,STWD_VEHTYPE_AT_FAULT,CHP_VEHTYPE_AT_FAULT,COUNT_SEVERE_INJ,COUNT_VISIBLE_INJ,COUNT_COMPLAINT_PAIN,COUNT_PED_KILLED,COUNT_PED_INJURED,COUNT_BICYCLIST_KILLED,COUNT_BICYCLIST_INJURED,COUNT_MC_KILLED,COUNT_MC_INJURED,PRIMARY_RAMP,SECONDARY_RAMP,LATITUDE,LONGITUDE,COUNTY,CITY,POINT_X,POINT_Y
91689989,2022,2022-01-31,9245,2022-01-15,0835,017897,,6,1,9,0900,0,2,4,,1,025,"PONY EXPRESS TRL","CRYSTAL SPRINGS RD",515.00,E,N,B,-,N,,,,,,,,,,Y,2,0,1,2,A,-,09,21801,A,N,D,C,A,A,H,-,A,D,0,,,Y,,Y,,A,01,1,0,0,0,0,0,0,0,1,"- ","- ",38.744449615478516,-120.65524291992188,"EL DORADO",UNINCORPORATED,-120.65508270263672,38.744571685791016
91711963,2022,2022-03-01,9245,2022-02-18,2055,015563,,5,2,9,0900,0,1,3,,1,135,SR-49,"LONGHRUT DRIVE",420.00,S,N,A,-,Y,ED,,49,,,13.336,H,,R,Y,2,0,1,1,A,-,01,23152,A,N,E,I,A,A,H,-,D,D,0,,,,,Y,Y,A,07,1,0,0,0,0,0,0,0,0,"- ","- ",38.715309143066406,-120.81188201904297,"EL DORADO",UNINCORPORATED,-120.81192779541016,38.715290069580078
91716627,2022,2022-03-07,9245,2022-02-20,0142,019793,,7,3,9,0900,0,1,3,,1,122,"SR-193 S/B","CRAMER ROAD",30.00,N,N,A,-,Y,ED,,193,,R,2.011,H,,L,Y,2,0,1,1,A,-,01,23152,A,N,E,I,A,A,H,-,D,D,0,,,,,Y,Y,A,07,1,0,0,0,0,0,0,0,0,"- ","- ",38.898639678955078,-120.98294067382812,"EL DORADO",UNINCORPORATED,-120.98294067382812,38.898700714111328
91719595,2022,2022-03-10,9245,2022-03-04,0930,015419,,5,1,9,0900,0,3,5,,2,004,"BUCKS BAR RD","PALACE LN",2400.00,S,N,C,-,N,,,,,,,,,,N,2,0,1,1,A,-,08,22107,,N,F,A,A,B,H,-,A,D,0,,,,,Y,,A,01,1,0,0,0,0,0,0,0,0,"- ","- ",38.670158386230469,-120.71640014648438,"EL DORADO",UNINCORPORATED,-120.73065185546875,38.674999237060547
91759297,2022,2022-07-13,9246,2022-04-19,1420,017612,,2,2,9,0900,0,1,3,,1,031,"STATE ROUTE 89 (EMERALD BAY RD.)","1 RING ROAD",193.00,N,N,B,-,Y,ED,,89,,,21.032,H,,R,Y,1,1,0,1,A,-,08,22107,,N,E,8,A,A,H,-,A,D,0,,,,,Y,,A,01,0,0,0,0,0,0,0,0,0,"- ","- ",38.996120452880859,-120.10977172851562,"EL DORADO",UNINCORPORATED,-120.10968017578125,38.996185302734375
91763770,2022,2022-05-04,9245,2022-04-25,1220,018601,,1,1,9,0900,0,1,2,,2,140,"US-50 W/B","COUNTY RD. 145",1584.00,E,N,A,-,Y,,,,,,,,,,Y,2,0,1,1,A,-,01,23152,A,N,F,A,A,A,H,-,A,D,0,,,,,Y,Y,A,01,1,0,0,0,0,0,0,0,0,"- ","- ",38.731731414794922,-120.74787139892578,"EL DORADO",UNINCORPORATED,-120.74773406982422,38.731250762939453
91771919,2022,2022-05-13,9245,2022-04-30,1445,019252,,6,2,9,0900,0,3,5,,2,001,"ENCINA DR","ZAPATA DR",745.00,E,N,A,-,N,,,,,,,,,,N,2,0,1,2,A,-,17,21228,,N,A,C,A,A,H,-,A,D,0,,,,,Y,,M,94,1,0,0,0,0,0,0,0,0,"- ","- ",38.730831146240234,-121.08883666992188,"EL DORADO",UNINCORPORATED,-121.08888244628906,38.730884552001953
91790977,2022,2022-06-08,9245,2022-05-28,2335,019193,,6,3,9,0900,0,2,4,,1,042,"MT AUKUM RD.","HAPPY VALLEY CUTOFF RD",137.00,E,N,A,-,N,,,,,,,,,,Y,2,0,1,1,A,-,08,22107,,N,E,I,A,A,H,-,D,D,0,,,,,Y,,D,22,1,0,0,0,0,0,0,0,0,"- ","- ",38.649299621582031,-120.68173217773438,"EL DORADO",UNINCORPORATED,-120.66838073730469,38.657405853271484
91793327,2022,2022-06-13,9245,2022-06-02,1201,015563,,4,1,9,0900,0,2,4,,2,011,"GREEN VALLEY RD","ULENKAMP ROAD",0.00,,Y,A,-,N,,,,,,,,,,Y,2,0,2,3,A,-,09,21801,A,N,B,C,A,A,H,-,A,D,0,,,,,Y,,D,22,1,0,1,0,0,0,0,0,0,"- ","- ",38.707038879394531,-120.97083282470703,"EL DORADO",UNINCORPORATED,-120.97084045410156,38.707019805908203
91805889,2022,2022-06-29,9245,2022-02-19,1635,017364,,6,2,9,0900,0,1,2,,1,160,US50,"ICE HOUSE ROAD",2112.00,E,N,A,-,Y,ED,,50,,,40.204,H,,R,Y,1,1,0,1,A,-,01,23152,F,N,E,I,A,A,H,-,A,D,0,,,,,Y,,D,22,0,0,0,0,0,0,0,0,0,"- ","- ",38.768901824951172,-120.43998718261719,"EL DORADO",UNINCORPORATED,-120.43992614746094,38.768768310546875
91808955,2022,2022-07-01,9246,2022-06-26,1610,017106,,7,2,9,0900,0,1,3,,1,030,"SR-89 (EMERALD BAY ROAD)","SPRING CREEK ROAD",1056.00,N,N,A,-,Y,,,,,,,,,,Y,2,0,2,1,A,-,08,22107,,N,E,I,A,A,H,-,A,D,0,,,,,Y,,A,01,1,1,0,0,0,0,0,0,0,"- ","- ",38.938911437988281,-120.07855224609375,"EL DORADO",UNINCORPORATED,-120.07913208007812,38.938808441162109
91811200,2022,2022-07-06,9245,2022-06-25,1810,018656,,6,2,9,0900,0,3,5,,2,004,"MORMON EMIGRANT TRL","SILVER FORK RD",400.00,E,N,A,-,N,,,,,,,,,,N,2,0,1,1,A,-,03,22350,,N,F,A,A,A,H,-,A,D,0,,,Y,,Y,,C,02,1,0,0,0,0,0,0,0,1,"- ","- ",38.656711578369141,-120.24732208251953,"EL DORADO",UNINCORPORATED,-120.24722290039062,38.656585693359375
91816174,2022,2022-07-13,9245,2022-07-02,1930,018782,,6,2,9,0900,0,2,4,,1,037,"MISSOURI FLAT ROAD","OLD DEPOT RD",60.00,S,N,A,-,N,,,,,,,,,,Y,2,0,1,1,A,-,01,23152,A,N,E,I,A,A,H,-,A,D,0,,,Y,,Y,Y,C,02,1,0,0,0,0,0,0,0,1,"- ","- ",38.702381134033203,-120.82412719726562,"EL DORADO",UNINCORPORATED,-120.82392883300781,38.702182769775391
91819553,2022,2022-07-18,9245,2022-07-13,0158,019793,,3,3,9,0900,0,2,4,,1,032,"SOUTH SHINGLE ROAD","MEMORY LANE",895.00,N,N,A,-,N,,,,,,,,,,N,2,0,4,1,A,-,08,22107,,N,F,A,A,A,H,-,D,D,0,,,Y,,Y,,C,06,1,3,0,0,0,0,0,0,4,"- ","- ",38.573101043701172,-120.96675872802734,"EL DORADO",UNINCORPORATED,-120.96678161621094,38.572956085205078
91853195,2022,2022-08-30,9245,2022-08-26,2000,018601,,5,2,9,0900,0,3,5,,2,003,"FRENCH CREEK RD.","BIG CANYON RD.",100.00,N,N,A,-,N,,,,,,,,,,Y,2,0,1,1,A,-,03,22350,,N,E,I,A,A,H,-,D,D,0,,,,,Y,,A,01,1,0,0,0,0,0,0,0,0,"- ","- ",38.63671875,-120.91124725341797,"EL DORADO",UNINCORPORATED,-120.91136169433594,38.636486053466797
91868835,2022,2022-09-20,9245,2022-06-18,1810,017364,,6,2,9,0900,0,2,4,,1,025,"PONY EXPRESS TRL","PONY EXPRESS CT",50.00,W,N,B,-,N,,,,,,,,,,Y,1,1,0,1,A,-,01,23152,F,N,F,A,A,A,H,-,A,D,0,,,Y,,Y,,C,02,0,0,0,0,0,0,0,1,0,"- ","- ",38.751861572265625,-120.60736083984375,"EL DORADO",UNINCORPORATED,-120.60734558105469,38.751903533935547
91889642,2022,2022-10-13,9245,2022-10-06,1915,017364,,4,2,9,0900,0,3,5,,2,002,"BLACK OAK MINE RD","HACKOMILLER RD",40.00,E,N,A,-,N,,,,,,,,,,Y,2,0,1,1,A,-,01,23152,A,N,E,I,A,A,H,-,B,A,0,,,,,Y,Y,A,01,1,0,0,0,0,0,0,0,0,"- ","- ",38.855258941650391,-120.84190368652344,"EL DORADO",UNINCORPORATED,-120.84203338623047,38.855224609375
91889892,2022,2022-10-13,9245,2022-06-05,0705,015563,,7,1,9,0900,0,1,2,,1,170,"US-50 EASTBOUND","BASS LAKE RD",2640.00,W,N,B,-,Y,,,,,,,,,,Y,1,1,0,1,A,-,08,22107,,N,E,I,A,A,H,-,A,D,0,,,,,Y,,-,"- ",0,0,0,0,0,0,0,0,0,"- ","- ",38.654010772705078,-121.39199829101562,"EL DORADO",UNINCORPORATED,-121.03884124755859,38.654098510742188
91907984,2022,2022-11-03,9245,2022-10-18,1400,017364,,2,2,9,0900,0,3,5,,2,002,"GREENWOOD RD","ESPERANZA LN",19.00,N,N,A,-,N,,,,,,,,,,N,2,0,1,1,A,-,03,22350,,N,F,I,A,A,H,-,A,D,0,,,Y,,Y,,C,02,1,0,0,0,0,0,0,0,1,"- ","- ",38.858718872070312,-120.86367797851562,"EL DORADO",UNINCORPORATED,-120.86355590820312,38.858608245849609
91912307,2022,2022-11-08,9245,2022-10-14,1157,017897,,5,1,9,0900,0,1,3,,1,122,"SR-193 (GEORGETOWN RD.)","MCCLOUD TRAIL",248.00,W,N,A,-,Y,ED,,193,,,10.522,H,,R,N,2,0,1,1,A,-,03,22350,,N,E,I,A,A,H,-,A,D,0,,,Y,,Y,,C,02,1,0,0,0,0,0,0,0,1,"- ","- ",38.89276123046875,-120.86457061767578,"EL DORADO",UNINCORPORATED,-120.86456298828125,38.892738342285156
91917072,2022,2022-11-14,9245,2022-10-30,1520,022185,,7,2,9,0900,0,3,5,,2,002,"ROCK CREEK RD","GRAVEL RD",634.00,N,N,A,-,N,,,,,,,,,,N,2,0,2,1,A,-,03,22350,,N,E,J,A,A,C,-,A,D,0,,,Y,,Y,,C,02,1,0,1,0,0,0,0,0,2,"- ","- ",38.792728424072266,-120.7513427734375,"EL DORADO",UNINCORPORATED,-120.75138092041016,38.792488098144531
91917085,2022,2022-11-14,9245,2022-10-31,0708,017897,,1,1,9,0900,0,2,4,,1,013,"NORTH SHINGLE RD","RURAL LN",55.00,S,N,A,-,N,,,,,,,,,,Y,2,0,2,2,A,-,03,22350,,N,E,J,A,A,C,-,B,D,0,,,,,Y,,A,01,1,1,0,0,0,0,0,0,0,"- ","- ",38.709148406982422,-120.93607330322266,"EL DORADO",UNINCORPORATED,-120.93588256835938,38.709075927734375
91935337,2022,2023-02-06,9245,2022-12-01,1300,017728,,4,1,9,0900,0,1,2,,2,110,"US-50 E/B","SILVA VALLEY PKWY",1584.00,E,N,B,C,Y,ED,,50,,R,2.372,H,,R,Y,2,0,1,1,A,-,08,22107,,N,E,I,A,B,H,-,A,D,0,,,,,Y,,A,01,1,0,0,0,0,0,0,0,0,"- ","- ",38.656829833984375,-121.04472351074219,"EL DORADO",UNINCORPORATED,-121.04479217529297,38.656772613525391
91941433,2022,2022-12-13,9245,2022-12-01,1320,013929,,4,1,9,0900,0,1,2,,2,150,"RT 50","SLY PARK ROAD",1320.00,W,N,C,D,Y,ED,,50,,R,31.001,H,,R,Y,2,0,2,1,C,-,18,,,N,E,I,A,C,G,-,A,D,0,,,,,Y,,-,"- ",1,1,0,0,0,0,0,0,0,"- ","- ",38.760471343994141,-120.58125305175781,"EL DORADO",UNINCORPORATED,-120.58124542236328,38.760463714599609
91946122,2022,2022-12-19,9245,2022-12-06,0535,018656,,2,3,9,0900,0,2,4,,2,031,"LATROBE RD","SARATOGA WAY",0.00,,Y,B,-,N,,,,,,,,,,N,2,0,2,2,A,-,09,21453,C,N,A,C,A,B,H,-,C,A,0,,,,,Y,,D,22,1,0,1,0,0,0,0,0,0,"- ","- ",38.653980255126953,-121.07122039794922,"EL DORADO",UNINCORPORATED,,
91952419,2022,2022-12-26,9245,2022-12-18,1950,022185,,7,2,9,0900,0,3,5,,2,002,"JOHNTOWN CREEK RD","JOHNTOWN CREEK CT",845.00,S,N,A,-,N,,,,,,,,,,N,2,0,1,1,A,-,01,23152,A,N,E,I,A,A,H,-,D,D,0,,,Y,,Y,Y,C,02,1,0,0,0,0,0,0,0,1,"- ","- ",38.813041687011719,-120.86795806884766,"EL DORADO",UNINCORPORATED,-120.86795043945312,38.812934875488281
91958958,2022,2023-01-03,9245,2022-10-08,2028,018756,,6,2,9,0900,0,3,5,,2,001,"LA CANADA DRIVE","ROYAL PARK DRIVE",125.00,E,N,A,-,N,,,,,,,,,,N,1,1,0,2,A,-,11,21954,A,N,G,B,D,A,H,-,D,D,0,Y,,,,Y,,N,60,0,0,0,1,0,0,0,0,0,"- ","- ",38.695220947265625,-120.99758911132812,"EL DORADO",UNINCORPORATED,-120.99764251708984,38.695236206054688
91974350,2023,2023-01-23,9245,2023-01-15,1315,018656,,7,1,9,0900,0,1,2,,1,160,US-50,"ALDER CREEK RD",7920.00,E,N,B,-,Y,ED,,50," "," ",45.396,H,,R,N,2,0,1,2,A,-,03,22350,,N,C,C,A,B,H,-,A,D,0,,,,,Y,,D,22,1,0,0,0,0,0,0,0,0,"- ","- ",38.766769409179688,-120.35540771484375,"EL DORADO",UNINCORPORATED,-120.35542297363281,38.766750335693359
91974938,2023,2023-02-23,9245,2023-01-11,1935,021493,,3,2,9,0900,0,1,3,,1,135,SR-49,"MAISY LANE",1056.00,N,N,B,C,Y,ED,,49," "," ",8.771,H,,R,Y,1,1,0,1,A,-,08,22107,,N,E,I,A,B,H,-,D,D,0,,,,,Y,,A,01,0,0,0,0,0,0,0,0,0,"- ","- ",38.670780181884766,-120.85228729248047,"EL DORADO",UNINCORPORATED,-120.85223388671875,38.670772552490234
91988021,2023,2023-02-06,9245,2023-01-24,"714 ",017897,,2,1,9,0900,0,1,2,,2,150,US-50,"PEAVINE RIDGE RD",8976.00,E,N,A,-,Y,ED,,50," "," ",37.427,H,,R,Y,2,0,2,1,A,-,08,22107,,N,E,I,A,A,H,-,B,D,0,,,,,Y,,A,07,1,1,0,0,0,0,0,0,0,"- ","- ",38.766410827636719,-120.47910308837891,"EL DORADO",UNINCORPORATED,-120.47900390625,38.766338348388672
91990125,2023,2023-02-08,9245,2023-02-04,1610,017364,,6,2,9,0900,0,2,4,,1,013,"LOTUS RD","WILLIAMSON LANE",160.00,S,N,B,C,N,,,,,,,,,,Y,2,0,1,1,A,-,08,22107,,N,E,I,A,B,H,-,B,D,0,,,Y,,Y,Y,C,02,1,0,0,0,0,0,0,0,1,"- ","- ",38.734779357910156,-120.93359375,"EL DORADO",UNINCORPORATED,-120.93364715576172,38.734394073486328
91999154,2023,2023-02-21,9245,2023-01-20,"955 ",017320,,5,1,9,0900,0,1,3,,1,122,SR-193,"CIRCLE DR",85.00,N,N,B,-,N,,,,,,,,,,Y,2,0,2,2,A,-,03,22350,,N,E,I,A,C,H,-,A,D,0,,,,,Y,,D,22,1,1,0,0,0,0,0,0,0,"- ","- ",38.908901214599609,-120.92688751220703,"EL DORADO",UNINCORPORATED,-120.92684173583984,38.908821105957031
92006948,2023,2023-03-01,9245,2023-02-22,"455 ",019193,,3,3,9,0900,0,2,4,,1,025,"PONY EXPRESS TRL","MT DANAHER RD.",1270.00,E,N,A,-,N,,,,,,,,,,Y,2,0,1,1,A,-,08,22107,,N,E,8,A,A,H,-,D,D,0,,,,,Y,,A,07,1,0,0,0,0,0,0,0,0,"- ","- ",38.743728637695312,-120.65986633300781,"EL DORADO",UNINCORPORATED,-120.65998840332031,38.74371337890625
92032070,2023,2023-03-29,9245,2023-03-19,1410,019252,,7,2,9,0900,0,3,5,,2,002,"WENTWORTH SPRINGS RD","DITCH CAMP RD",2803.00,W,N,B,C,N,,,,,,,,,,Y,2,0,1,1,A,-,01,23152,A,N,E,I,A,B,H,-,A,D,0,,,,,Y,Y,A,01,1,0,0,0,0,0,0,0,0,"- ","- ",38.924789428710938,-120.70068359375,"EL DORADO",UNINCORPORATED,-120.70071411132812,38.924705505371094
92035999,2023,2023-04-03,9245,2023-03-27,1245,021520,,1,1,9,0900,0,1,3,,1,122,SR-193,"CRAMER RD",2640.00,W,N,A,-,Y,ED,,193," "," ",1.597,H,,R,Y,2,0,1,1,A,-,01,23152,F,N,E,I,A,A,H,-,A,D,0,,,,,Y,,A,07,1,0,0,0,0,0,0,0,0,"- ","- ",38.897159576416016,-120.99017333984375,"EL DORADO",UNINCORPORATED,-120.99015808105469,38.897121429443359
92049685,2023,2023-04-20,9245,2023-04-09,1210,017752,,7,1,9,0900,0,2,4,,1,015,US-50,"HAZEL VALLEY ROAD",3820.00,E,N,A,-,Y,ED,,50," "," ",36.399,H,,R,Y,2,0,9,2,A,-,09,21804,A,N,D,C,A,A,H,-,A,D,0,,,,,Y,,A,07,1,8,0,0,0,0,0,0,0,"- ","- ",38.766559600830078,-120.49671936035156,"EL DORADO",UNINCORPORATED,-120.49674224853516,38.766586303710938
92051650,2023,2023-04-24,9245,2023-04-15,1620,022658,,6,2,9,0900,0,2,4,,1,014,"COLD SPRINGS RD","MONUMENT RD",200.00,N,N,A,-,N,,,,,,,,,,Y,2,0,1,1,A,-,03,22350,,N,E,8,A,A,H,-,A,D,0,,,,,Y,,A,07,1,0,0,0,0,0,0,0,0,"- ","- ",38.795650482177734,-120.88973999023438,"EL DORADO",UNINCORPORATED,-120.88973999023438,38.795658111572266
92065054,2023,2023-05-09,9245,2023-04-29,1705,019252,,6,2,9,0900,0,2,4,,2,012,"SALMON FALLS RD","FREDLENA LANE",0.00,,Y,A,-,N,,,,,,,,,,Y,2,0,1,2,A,-,03,22350,,N,C,C,A,A,H,-,A,D,0,,,Y,,Y,,C,02,1,0,0,0,0,0,0,0,1,"- ","- ",38.743679046630859,-121.06024932861328,"EL DORADO",UNINCORPORATED,-121.06035614013672,38.743648529052734
92075192,2023,2023-05-23,9245,2023-05-12,1930,022185,,5,2,9,0900,0,1,2,,1,160,US-50,"WHITEHALL BLUFFS RD",4277.00,E,N,A,-,Y,ED,,50," "," ",43.119,H,,R,Y,2,0,4,2,A,-,01,23152,A,F,A,C,A,A,H,-,A,D,0,,,,,Y,Y,A,07,2,2,0,0,0,0,0,0,0,"- ","- ",38.772869110107422,-120.38996887207031,"EL DORADO",UNINCORPORATED,-120.38997650146484,38.772853851318359
92077596,2023,2023-05-25,9245,2023-05-13,1230,022658,,6,1,9,0900,0,3,5,,2,002,"ROCK CREEK RD",SR-193,5806.00,E,N,A,-,N,,,,,,,,,,Y,2,0,1,1,A,-,01,23152,F,N,E,I,A,A,H,-,A,D,0,,,,,Y,,A,01,1,0,0,0,0,0,0,0,0,"- ","- ",38.770648956298828,-120.79978179931641,"EL DORADO",UNINCORPORATED,-120.80091094970703,38.770538330078125
92086072,2023,2023-06-05,9245,2023-05-24,2230,019193,,3,3,9,0900,0,3,5,,2,003,"LATROBE RD","LARKSTONE PL",0.00,,Y,A,-,N,,,,,,,,,,Y,2,0,2,2,A,-,01,23152,A,F,B,C,A,A,H,-,D,D,0,,,Y,,Y,Y,A,01,1,1,0,0,0,0,0,0,1,"- ","- ",38.622119903564453,-121.05400848388672,"EL DORADO",UNINCORPORATED,-121.05400848388672,38.6220703125
92089414,2023,2023-06-08,9245,2023-05-31,1835,022169,,3,2,9,0900,0,2,4,,1,037,"FORNI ROAD","PLEASANT VALLEY RD",2112.00,N,N,A,-,N,,,,,,,,,,Y,2,0,1,1,A,-,01,23152,A,N,F,A,A,A,H,-,A,D,0,,,Y,,Y,Y,C,02,1,0,0,0,0,0,0,0,1,"- ","- ",38.685619354248047,-120.84311676025391,"EL DORADO",UNINCORPORATED,-120.84254455566406,38.686534881591797
92091589,2023,2023-06-12,9246,2023-06-02,1535,019119,,5,2,9,0900,0,2,4,,1,024,"PIONEER TRL.","GOLDEN BEAR TRL.",1584.00,S,N,A,-,N,,,,,,,,,,N,2,0,1,1,A,-,03,22350,,N,F,A,A,A,G,-,A,D,0,,Y,,,Y,,L,04,1,0,0,0,0,0,1,0,0,"- ","- ",38.898509979248047,-119.97023773193359,"EL DORADO",UNINCORPORATED,-119.97014617919922,38.898983001708984
92099787,2023,2023-06-22,9245,2023-06-14,"435 ",019793,,3,3,9,0900,0,2,4,,1,015,"US-50 E/B","ALDER CREEK ROAD",224.00,E,N,A,-,Y,ED,,50," "," ",47.228,H,,R,Y,2,0,1,1,A,-,08,22107,,N,E,I,A,A,H,-,B,D,0,,,,,Y,,D,22,1,0,0,0,0,0,0,0,0,"- ","- ",38.764080047607422,-120.32408142089844,"EL DORADO",UNINCORPORATED,-120.32411193847656,38.76416015625
92108639,2023,2023-07-03,9245,2023-06-23,1403,017364,,5,2,9,0900,0,1,3,,1,122,"GEORGETOWN RD","MAC LEOD TRAIL",122.00,E,N,A,-,Y,ED,,193," "," ",10.572,H,,R,Y,2,0,1,1,A,-,03,22350,,N,E,I,A,A,H,-,A,D,0,,,,,Y,,A,01,1,0,0,0,0,0,0,0,0,"- ","- ",38.892818450927734,-120.8636474609375,"EL DORADO",UNINCORPORATED,-120.86365509033203,38.892784118652344
92114437,2023,2023-07-11,9245,2023-07-01,1620,022169,,6,2,9,0900,0,2,4,,1,026,"ICE HOUSE ROAD","LOON LAKE CHALET TURN OFF",2640.00,E,N,A,-,N,,,,,,,,,,Y,2,0,1,1,A,-,01,23152,A,N,F,A,A,A,H,-,A,D,0,,,Y,,Y,Y,C,06,1,0,0,0,0,0,0,0,1,"- ","- ",38.980789184570312,-120.32681274414062,"EL DORADO",UNINCORPORATED,-120.32559967041016,38.973888397216797
92118849,2023,2023-07-17,9245,2023-07-09,1412,022589,,7,2,9,0900,0,2,S,,2,005,"WENTWORTH SPRINGS RD","LOOP ROAD",133.00,E,N,A,-,N,,,,,,,,,,Y,2,0,11,2,A,-,05,21460,A,N,A,C,A,A,H,-,A,D,0,,,,,Y,,A,08,4,7,0,0,0,0,0,0,0,"- ","- ",38.913280487060547,-120.67787170410156,"EL DORADO",UNINCORPORATED,-120.67784118652344,38.9132080078125
92138540,2023,2023-08-08,9245,2023-07-20,1945,019236,,4,2,9,0900,0,2,4,,1,039,"MOTHER LODE DR","BADGER LN",100.00,E,N,A,-,N,,,,,,,,,,Y,2,0,1,1,A,-,01,23152,A,N,E,8,A,A,H,-,B,D,0,,,,,Y,Y,D,22,1,0,0,0,0,0,0,0,0,"- ","- ",38.700851440429688,-120.84764862060547,"EL DORADO",UNINCORPORATED,-120.84788513183594,38.700717926025391
92171297,2023,2023-09-15,9245,2023-08-31,1115,017320,,4,1,9,0900,0,3,5,,2,001,"SARRATOGA WAY","FINDERS WAY",32.00,E,N,A,-,N,,,,,,,,,,N,2,0,1,1,A,-,08,22107,,N,E,I,A,A,H,-,A,D,0,,Y,,,Y,,L,04,1,0,0,0,0,0,1,0,0,"- ","- ",38.651519775390625,-121.07601928710938,"EL DORADO",UNINCORPORATED,-121.07619476318359,38.651493072509766
92171446,2023,2023-09-15,9245,2023-09-05,1530,019252,,2,2,9,0900,0,1,2,,2,150,"US-50 E/B","RIDGEWAY DR",5966.00,E,N,A,-,Y,ED,,50," ",R,29.992,H,,R,Y,2,0,2,2,A,-,03,22350,,N,C,C,A,A,H,-,A,D,0,,,,Y,Y,,A,01,1,0,1,0,0,0,0,0,0,"- ","- ",38.753921508789062,-120.59783935546875,"EL DORADO",UNINCORPORATED,-120.59783935546875,38.753913879394531
92174057,2023,2023-09-19,9245,2023-09-05,1535,019252,,2,2,9,0900,0,2,4,,1,043,"SLY PARK RD","VALLEY VIEW DR",25.00,N,N,A,-,N,,,,,,,,,,N,2,0,1,2,A,-,09,21804,A,N,D,C,A,A,H,-,A,D,0,,,Y,,Y,Y,C,06,1,0,0,0,0,0,0,0,1,"- ","- ",38.695999145507812,-120.60746765136719,"EL DORADO",UNINCORPORATED,-120.60750579833984,38.695972442626953
92189467,2023,2023-10-03,9245,2023-09-21,1740,021493,,4,2,9,0900,0,3,5,,2,004,"GRIZZLY FLAT RD","STRING CANYON RD",260.00,E,N,A,-,N,,,,,,,,,,Y,2,0,1,1,A,-,08,22107,,N,E,I,A,A,H,-,A,D,0,,,,,Y,,A,07,1,0,0,0,0,0,0,0,0,"- ","- ",38.633651733398438,-120.56504058837891,"EL DORADO",UNINCORPORATED,-120.56510925292969,38.633575439453125
92198921,2023,2023-10-13,9245,2023-10-03,1654,018756,,2,2,9,0900,0,3,5,,2,001,"SERRANO PARKWAY","TERRACINA DRIVE",600.00,W,N,A,-,N,,,,,,,,,,Y,2,0,1,1,A,-,03,22350,,N,E,I,A,A,H,-,A,A,0,,,Y,,Y,,C,02,1,0,0,0,0,0,0,0,1,"- ","- ",38.678371429443359,-121.05441284179688,"EL DORADO",UNINCORPORATED,-121.05487823486328,38.678199768066406
92202630,2023,2023-10-18,9245,2023-10-07,"600 ",017752,,6,1,9,0900,0,2,4,,1,043,"SLY PARK RD","JENKINSON CIRCLE",1000.00,N,N,A,-,N,,,,,,,,,,Y,2,0,1,1,A,-,01,23152,A,N,E,I,A,A,H,-,D,D,0,,,,,Y,Y,D,22,1,0,0,0,0,0,0,0,0,"- ","- ",38.730098724365234,-120.56964111328125,"EL DORADO",UNINCORPORATED,-120.57234191894531,38.736763000488281