CASE_ID,ACCIDENT_YEAR,PROC_DATE,JURIS,COLLISION_DATE,COLLISION_TIME,OFFICER_ID,REPORTING_DISTRICT,DAY_OF_WEEK,CHP_SHIFT,POPULATION,CNTY_CITY_LOC,SPECIAL_COND,BEAT_TYPE,CHP_BEAT_TYPE,CITY_DIVISION_LAPD,CHP_BEAT_CLASS,BEAT_NUMBER,PRIMARY_RD,SECONDARY_RD,DISTANCE,DIRECTION,INTERSECTION,WEATHER_1,WEATHER_2,STATE_HWY_IND,CALTRANS_COUNTY,CALTRANS_DISTRICT,STATE_ROUTE,ROUTE_SUFFIX,POSTMILE_PREFIX,POSTMILE,LOCATION_TYPE,RAMP_INTERSECTION,SIDE_OF_HWY,TOW_AWAY,COLLISION_SEVERITY,NUMBER_KILLED,NUMBER_INJURED,PARTY_COUNT,PRIMARY_COLL_FACTOR,PCF_CODE_OF_VIOL,PCF_VIOL_CATEGORY,PCF_VIOLATION,PCF_VIOL_SUBSECTION,HIT_AND_RUN,TYPE_OF_COLLISION,MVIW,PED_ACTION,ROAD_SURFACE,ROAD_COND_1,ROAD_COND_2,LIGHTING,CONTROL_DEVICE,CHP_ROAD_TYPE,PEDESTRIAN_ACCIDENT,BICYCLE_ACCIDENT,MOTORCYCLE_ACCIDENT,TRUCK_ACCIDENT,NOT_PRIVATE_PROPERTY,ALCOHOL_INVOLVED,STWD_VEHTYPE_AT_FAULT,CHP_VEHTYPE_AT_FAULT,COUNT_SEVERE_INJ,COUNT_VISIBLE_INJ,COUNT_COMPLAINT_PAIN,COUNT_PED_KILLED,COUNT_PED_INJURED,COUNT_BICYCLIST_KILLED,COUNT_BICYCLIST_INJURED,COUNT_MC_KILLED,COUNT_MC_INJURED,PRIMARY_RAMP,SECONDARY_RAMP,LATITUDE,LONGITUDE,COUNTY,CITY,POINT_X,POINT_Y
92267276,2023,2024-02-06,9245,2023-12-10,2001,021103,,7,2,9,0900,0,3,5,,2,001,"SARATOGA WAY","MAMMOTH WAY",130.00,N,N,B,-,N,,,,,,,,,,Y,2,0,1,1,C,-,18,,,N,E,8,A,A,H,-,C,A,0,,,,,Y,Y,-,"- ",1,0,0,0,0,0,0,0,0,"- ","- ",38.656608581542969,-121.07261657714844,"EL DORADO",UNINCORPORATED,-121.07257843017578,38.656463623046875
92282880,2024,2024-01-09,9245,2024-01-02,1320,015419,,2,1,9,0900,0,1,3,,1,135,SR-49,"POST RD",170.00,N,N,B,-,Y,ED,,49," "," ",5.404,H,,R,N,2,0,5,2,A,-,05,21460,A,N,B,C,A,A,H,-,A,D,0,,,,,Y,,D,22,1,4,0,0,0,0,0,0,0,"- ","- ",38.623569488525391,-120.85304260253906,"EL DORADO",UNINCORPORATED,-120.85303497314453,38.623569488525391
92297235,2024,2024-01-25,9245,2024-01-13,2055,022658,,6,2,9,0900,0,1,2,,1,170,"US-50 E/B","41 MILE STONE TRACT",1500.00,W,N,D,-,Y,ED,,50," "," ",56.339,H,,R,Y,2,0,1,1,A,-,03,22350,,N,E,I,A,C,H,-,D,D,0,,,,,Y,,A,01,1,0,0,0,0,0,0,0,0,"- ","- ",38.789310455322266,-120.17024993896484,"EL DORADO",UNINCORPORATED,-120.17024230957031,38.789340972900391
92298443,2024,2024-01-26,9245,2024-01-17,1600,017364,,3,2,9,0900,0,3,5,,2,002,"WENTWORTH SPRINGS RD","BALDERSTON RD",528.00,W,N,B,-,N,,,,,,,,,,Y,2,0,1,1,A,-,08,22107,,N,E,I,A,A,H,-,A,D,0,,,,,Y,,A,07,1,0,0,0,0,0,0,0,0,"- ","- ",38.927391052246094,-120.77848052978516,"EL DORADO",UNINCORPORATED,-120.77837371826172,38.92694091796875
92313965,2023,2024-02-14,9245,2023-07-23,2253,019793,,7,3,9,0900,0,1,2,,2,110,"US-50 E/B","SACRAMENTO/ ELDOADO COUNTY LINE",643.00,E,N,A,-,Y,ED,,50," "," ",0.114,H,,R,Y,1,1,0,1,A,-,08,22107,,N,E,I,A,A,H,-,D,D,0,,,,,Y,,A,01,0,0,0,0,0,0,0,0,0,"- ","- ",38.648429870605469,-121.08347320556641,"EL DORADO",UNINCORPORATED,-121.08353424072266,38.648544311523438
92323554,2024,2024-02-26,9246,2024-02-22,"449 ",019615,,4,3,9,0900,0,1,2,,1,021,"US-50 (LINCOLN HWY)","N. UPPER TRUCKEE RD",100.00,E,N,A,-,Y,ED,,50," "," ",70.185,H,,R,Y,2,0,1,2,C,-,18,,,N,A,C,A,C,H,-,C,D,0,,,,,Y,,-,"- ",1,0,0,0,0,0,0,0,0,"- ","- ",38.847110748291016,-120.02857208251953,"EL DORADO",UNINCORPORATED,-120.02857208251953,38.847110748291016
92331279,2023,2024-03-06,9245,2023-11-10,1649,018394,,5,2,9,0900,0,2,4,,2,011,"GREEN VALLEY ROAD","OAK LANE DRIVE",94.00,E,N,A,-,N,,,,,,,,,,N,1,1,1,2,A,-,01,23152,F,N,A,C,A,A,H,-,A,D,0,,,,,Y,,A,01,1,0,0,0,0,0,0,0,0,"- ","- ",38.707099914550781,-120.96192169189453,"EL DORADO",UNINCORPORATED,-120.96179962158203,38.707126617431641
92332727,2024,2024-03-07,9246,2024-03-03,1222,015910,,7,1,9,0900,0,3,5,,2,200,"MANDAN ST","APACHE AVE",120.00,N,N,D,G,N,,,,,,,,,,N,2,0,1,2,C,-,18,,,N,G,B,E,C,E,-,A,D,0,Y,,,,Y,,-,"- ",1,0,0,0,1,0,0,0,0,"- ","- ",38.854270935058594,-120.00151062011719,"EL DORADO",UNINCORPORATED,-120.00290679931641,38.85430908203125
92337313,2024,2024-03-13,9245,2024-03-05,1602,022903,,2,2,9,0900,0,3,5,,2,004,"BLUE MOUNTAIN DR","KINGS ROW DR",135.00,S,N,A,-,N,,,,,,,,,,N,2,0,1,2,A,-,01,23152,A,N,A,C,A,A,H,-,A,D,0,,,Y,,Y,Y,C,02,1,0,0,0,0,0,0,0,1,"- ","- ",38.628398895263672,-120.55052947998047,"EL DORADO",UNINCORPORATED,-120.550537109375,38.628398895263672
92348848,2024,2024-03-27,9245,2024-03-17,1700,018330,,7,2,9,0900,0,3,5,,2,003,"WHITE ROCK RD","KEAGLES LN",0.00,,Y,A,-,N,,,,,,,,,,Y,2,0,1,2,A,-,03,22350,,N,D,C,A,A,H,-,A,D,0,,,Y,,Y,,C,02,1,0,0,0,0,0,0,0,1,"- ","- ",38.648738861083984,-121.06305694580078,"EL DORADO",UNINCORPORATED,,
92363419,2024,2024-04-12,9245,2024-04-01,1615,023059,,1,2,9,0900,0,3,5,,2,002,"WENTWORTH SPRINGS RD","BUCKEYE CT",60.00,W,N,A,-,N,,,,,,,,,,Y,2,0,1,1,A,-,03,22350,,N,E,I,A,A,H,-,A,D,0,,,Y,,Y,,C,02,1,0,0,0,0,0,0,0,1,"- ","- ",38.924430847167969,-120.79676055908203,"EL DORADO",UNINCORPORATED,-120.79662322998047,38.924430847167969
92366948,2024,2024-04-17,9245,2024-04-08,1600,020602,,1,2,9,0900,0,2,4,,2,031,"LATROBE RD","COTHRIN RANCH RD",1320.00,S,N,A,-,N,,,,,,,,,,Y,2,0,1,2,A,-,01,23152,A,N,B,C,A,A,H,-,A,D,0,,,,,Y,Y,A,01,1,0,0,0,0,0,0,0,0,"- ","- ",38.594608306884766,-121.01699066162109,"EL DORADO",UNINCORPORATED,-121.01930999755859,38.597385406494141
92374903,2024,2024-05-01,9245,2024-04-15,1540,019252,,1,2,9,0900,0,1,2,,2,110,"US-50 E/B OFFRAMP","SILVA VALLEY PARKWAY",0.00,,Y,A,-,Y,,,,,,,,,,Y,2,0,3,4,A,-,03,22350,,N,D,C,A,A,H,-,A,A,0,,,,,Y,,A,01,1,2,0,0,0,0,0,0,0,"- ","- ",38.656669616699219,-121.05413055419922,"EL DORADO",UNINCORPORATED,,
92377284,2024,2024-04-29,9245,2024-04-16,1505,020602,,2,2,9,0900,0,3,5,,2,001,"EL DORADO HILLS BLVD","HARVARD WAY",0.00,,Y,A,-,N,,,,,,,,,,Y,2,0,1,1,A,-,08,22107,,N,E,I,A,A,H,-,A,A,0,,,,,Y,,A,07,1,0,0,0,0,0,0,0,0,"- ","- ",38.681930541992188,-121.07620239257812,"EL DORADO",UNINCORPORATED,-121.07611846923828,38.682037353515625
92389887,2024,2024-05-14,9245,2024-05-03,1905,019252,,5,2,9,0900,0,3,5,,2,001,"HENSLEY CIR EASTBOUND","HENSLEY CIR NORTHBOUND",0.00,,Y,A,-,N,,,,,,,,,,N,2,0,1,1,A,-,08,22107,,N,F,A,A,A,H,-,A,D,0,,Y,,,Y,,M,91,1,0,0,0,0,0,1,0,0,"- ","- ",38.689968109130859,-121.08680725097656,"EL DORADO",UNINCORPORATED,-120.30372619628906,38.536857604980469
92390933,2024,2024-05-15,9245,2024-05-06,1520,021103,,1,2,9,0900,0,1,3,,1,122,SR-193,"MINERS SPRING RD",300.00,S,N,A,-,Y,ED,,193," "," ",25.206,H,,R,N,2,0,1,1,A,-,03,22350,,N,F,A,A,A,H,-,A,D,0,,,Y,,Y,,C,02,1,0,0,0,0,0,0,0,1,"- ","- ",38.759449005126953,-120.81999206542969,"EL DORADO",UNINCORPORATED,-120.81996154785156,38.759456634521484
92391981,2023,2024-05-16,9245,2023-10-09,1736,018756,,1,2,9,0900,0,1,2,,2,110,"US-50 WESTBOUND","SILVA VALLEY PARKWAY",4224.00,E,N,A,-,Y,ED,,50," ",R,2.629,H,,L,Y,1,1,2,2,A,-,08,22107,,N,C,C,A,A,H,-,A,D,0,,,,,Y,,M,47,0,2,0,0,0,0,0,0,0,"- ","- ",38.655071258544922,-121.04107666015625,"EL DORADO",UNINCORPORATED,-121.0411376953125,38.654972076416016
92402206,2024,2024-05-30,9245,2024-05-18,1530,017364,,6,2,9,0900,0,2,4,,1,014,"COLD SPRINGS RD","SKYVIEW LN",555.00,N,N,A,-,N,,,,,,,,,,Y,2,0,2,2,A,-,05,21460,A,N,A,C,A,A,H,-,A,D,0,,,Y,,Y,,C,02,1,1,0,0,0,0,0,0,1,"- ","- ",38.74871826171875,-120.87261199951172,"EL DORADO",UNINCORPORATED,-120.87268829345703,38.748977661132812
92406790,2024,2024-06-05,9245,2024-05-26,1510,022169,,7,2,9,0900,0,2,S,,2,005,"WENTWORTH SPRINGS ROAD","HELIX FLAT AVENUE",1584.00,W,N,A,-,N,,,,,,,,,,N,2,0,1,1,A,-,08,22107,,N,F,A,A,A,H,-,A,D,0,,,Y,,Y,,C,02,1,0,0,0,0,0,0,0,1,"- ","- ",38.932338714599609,-120.48040771484375,"EL DORADO",UNINCORPORATED,,
92424422,2024,2024-06-26,9246,2024-06-17,1955,023806,,1,2,9,0900,0,2,4,,1,026,"BLACK BART AVENUE","HANK MONK AVENUE",200.00,W,N,A,-,N,,,,,,,,,,Y,2,0,1,1,A,-,01,23152,A,N,E,I,A,A,H,-,B,D,0,,,,,Y,Y,D,22,1,0,0,0,0,0,0,0,0,"- ","- ",38.913600921630859,-119.96752166748047,"EL DORADO",UNINCORPORATED,-119.97135162353516,38.916252136230469
92427361,2024,2024-07-01,9245,2024-06-14,2353,021493,,5,3,9,0900,0,2,4,,2,031,"LATROBE RD","THROTTLE LN",4910.00,N,N,A,-,N,,,,,,,,,,Y,2,0,1,1,A,-,01,23152,A,N,E,8,A,A,H,-,D,D,0,,,,,Y,Y,D,22,1,0,0,0,0,0,0,0,0,"- ","- ",38.574520111083984,-120.99635314941406,"EL DORADO",UNINCORPORATED,-120.99604797363281,38.574184417724609
92428456,2024,2024-07-02,9245,2024-06-29,1110,019793,,6,1,9,0900,0,2,4,,2,012,"SALMON FALLS RD","FALCONS CREST LN",735.00,N,N,A,-,N,,,,,,,,,,Y,2,0,1,1,A,-,03,22350,,N,E,I,A,A,H,-,A,D,0,,,Y,,Y,,C,02,1,0,0,0,0,0,0,0,1,"- ","- ",38.74993896484375,-121.05832672119141,"EL DORADO",UNINCORPORATED,-121.05838012695312,38.749950408935547
92436561,2024,2024-07-11,9245,2024-07-03,1925,021969,,3,2,9,0900,0,3,5,,2,003,"GREENSTONE RD","DAVIDSON RD",350.00,N,N,A,-,N,,,,,,,,,,Y,2,0,1,1,A,-,01,23152,A,N,E,8,A,A,H,-,A,D,0,,,,,Y,Y,A,07,1,0,0,0,0,0,0,0,0,"- ","- ",38.686809539794922,-120.88719940185547,"EL DORADO",UNINCORPORATED,-120.88713073730469,38.686824798583984
92700307,2024,2024-07-26,9246,2024-07-20,"5   ",021208,,6,3,9,0900,0,1,3,,1,023,"SR 89 (LUTHER PASS RD.)","SOUTH UPPER TRUCKEE RD.",1584.00,S,N,A,-,Y,ED,,89," "," ",4.190,H,,R,Y,2,0,1,1,C,-,18,,,N,H,H,A,C,H,-,D,D,0,,,Y,,Y,,-,"- ",1,0,0,0,0,0,0,0,1,"- ","- ",38.790599822998047,-120.01023864746094,"EL DORADO",UNINCORPORATED,-120.01026153564453,38.790596008300781
94368261,2024,2024-08-23,9245,2024-08-15,1800,020602,,4,2,9,0900,0,1,2,,2,120,"RT 50","PONDEROSA RD",900.00,E,N,A,-,Y,ED,,50," ",R,8.727,H,,R,Y,2,0,1,1,A,-,08,22107,,N,E,I,A,A,H,-,A,D,0,,,,,Y,,-,"- ",1,0,0,0,0,0,0,0,0,"- ","- ",38.663448333740234,-120.93480682373047,"EL DORADO",UNINCORPORATED,-120.93485260009766,38.663501739501953
94382834,2024,2024-09-05,9245,2024-07-18,2102,019252,,4,2,9,0900,0,3,5,,2,001,"COUNTRY CLUB DR","DE SABLA RD",115.00,E,N,A,-,N,,,,,,,,,,Y,1,1,0,1,A,-,01,23152,A,N,E,8,A,A,H,-,A,D,0,,,,,Y,Y,D,22,0,0,0,0,0,0,0,0,0,"- ","- ",38.660179138183594,-120.97447204589844,"EL DORADO",UNINCORPORATED,-120.9744873046875,38.660251617431641
94429626,2024,2024-10-14,9245,2024-09-22,1359,017897,,7,1,9,0900,0,2,4,,1,014,"COLD SPRINGS RD","BELLANCA LN",70.00,S,N,A,-,N,,,,,,,,,,N,2,0,1,2,A,-,03,22350,,N,B,C,A,A,H,-,A,A,0,,,Y,,Y,,C,02,1,0,0,0,0,0,0,0,1,"- ","- ",38.735809326171875,-120.84539031982422,"EL DORADO",UNINCORPORATED,-120.84539031982422,38.735801696777344
94435663,2024,2024-10-17,9245,2024-10-08,"400 ",022185,,2,3,9,0900,0,3,5,,2,003,"DUROCK RD","SHINGLE LIME MINE RD",1056.00,W,N,A,-,N,,,,,,,,,,Y,2,0,1,1,A,-,08,22107,,N,E,8,A,A,H,-,D,D,0,,,,,Y,,A,01,1,0,0,0,0,0,0,0,0,"- ","- ",38.65325927734375,-120.96182250976562,"EL DORADO",UNINCORPORATED,-120.96063995361328,38.653739929199219
94462188,2024,2024-11-07,9245,2024-10-29,1140,019793,,2,1,9,0900,0,2,4,,2,011,"GREEN VALLEY ROAD","OAKVALE DRIVE",300.00,W,N,A,-,N,,,,,,,,,,N,2,0,1,1,A,-,08,22107,,N,E,I,A,A,H,-,A,D,0,,,,,Y,,A,01,1,0,0,0,0,0,0,0,0,"- ","- ",38.717498779296875,-120.93747711181641,"EL DORADO",UNINCORPORATED,-120.93724060058594,38.717578887939453
94466082,2024,2024-11-12,9245,2024-11-01,"130 ",022903,,5,3,9,0900,0,3,5,,2,001,"SERRANO PKWY","SILVA VALLEY PKWY",470.00,W,N,B,-,N,,,,,,,,,,Y,2,0,1,1,A,-,01,23152,A,N,E,I,A,A,H,-,C,D,0,,,,,Y,Y,A,01,1,0,0,0,0,0,0,0,0,"- ","- ",38.669509887695312,-121.06539916992188,"EL DORADO",UNINCORPORATED,-121.06534576416016,38.669651031494141
94475224,2024,2024-11-19,9245,2024-08-29,2125,021379,,4,2,9,0900,0,2,4,,1,026,"ICE HOUSE RD","WENCH CREEK CAMPGROUND",1584.00,N,N,A,-,N,,,,,,,,,,N,1,1,0,1,C,-,18,,,N,H,A,A,A,H,-,D,D,0,,,,,Y,Y,-,"- ",0,0,0,0,0,0,0,0,0,"- ","- ",38.888999938964844,-120.36589813232422,"EL DORADO",UNINCORPORATED,-120.36609649658203,38.889175415039062
94491763,2024,2024-12-04,9245,2024-12-01,1230,018601,,7,1,9,0900,0,1,3,,1,122,SR-193,"TRAVERSE CREEK RD",2112.00,S,N,A,-,Y,ED,,193," "," ",18.159,H,,R,N,2,0,1,1,C,-,18,,,N,H,H,A,A,H,-,A,D,0,,,Y,,Y,,-,"- ",1,0,0,0,0,0,0,0,1,"- ","- ",38.831760406494141,-120.81804656982422,"EL DORADO",UNINCORPORATED,-120.81810760498047,38.831779479980469
94499223,2024,2024-12-13,9245,2024-11-29,1240,017752,,5,1,9,0900,0,3,5,,2,004,CRE-16,"MIRA PARADIS DR",75.00,N,N,A,-,N,,,,,,,,,,Y,2,0,1,1,A,-,08,22107,,N,E,I,A,A,H,-,A,D,0,,,,,Y,,D,22,1,0,0,0,0,0,0,0,0,"- ","- ",38.628379821777344,-120.69908142089844,"EL DORADO",UNINCORPORATED,-120.70054626464844,38.627361297607422
94508515,2024,2024-12-18,9245,2024-08-05,1700,022424,,1,2,9,0900,0,2,S,,2,005,"JACQUIER RD","CARSON RD",519.00,S,N,A,-,N,,,,,,,,,,Y,1,1,0,1,A,-,01,23152,A,N,E,I,A,A,H,-,A,D,0,,,,,Y,Y,D,22,0,0,0,0,0,0,0,0,0,"- ","- ",38.744621276855469,-120.76058959960938,"EL DORADO",UNINCORPORATED,-120.7607421875,38.744724273681641
94510423,2024,2024-12-19,9245,2024-12-07,2144,021379,,6,2,9,0900,0,1,3,,1,122,SR-193,"MINERS SPRING RD",2640.00,S,N,A,-,Y,ED,,193," "," ",25.725,H,,R,Y,2,0,2,1,A,-,08,22107,,N,E,I,A,B,H,-,D,D,0,,,,,Y,,A,01,1,0,1,0,0,0,0,0,0,"- ","- ",38.752750396728516,-120.818359375,"EL DORADO",UNINCORPORATED,-120.818359375,38.752750396728516
94514073,2024,2024-12-23,9245,2024-12-13,1740,021969,,5,2,9,0900,0,1,3,,1,135,SR-49,"ODD FELLOWS RD",5.00,N,N,B,-,Y,ED,,49," "," ",11.655,H,,R,Y,2,0,2,3,A,-,10,21950,A,N,G,B,B,A,H,-,D,D,0,Y,,,,Y,,A,01,2,0,0,0,2,0,0,0,0,"- ","- ",38.694141387939453,-120.81584930419922,"EL DORADO",UNINCORPORATED,-120.81585693359375,38.69415283203125
94548920,2025,2025-01-24,9245,2025-01-08,1730,017364,,3,2,9,0900,0,2,4,,1,025,"PONY EXPRESS TRL","BLAIR RD",0.00,,Y,A,-,N,,,,,,,,,,N,2,0,1,2,A,-,17,21200,,N,A,G,A,A,H,-,D,A,0,,Y,,,Y,Y,L,04,1,0,0,0,0,0,1,0,0,"- ","- ",38.753219604492188,-120.60491943359375,"EL DORADO",UNINCORPORATED,-120.60490417480469,38.753128051757812
94582625,2025,2025-02-18,9245,2025-01-11,2145,022169,,6,2,9,0900,0,2,4,,1,042,"OMO RANCH ROAD","UNDERBAR LANE",528.00,W,N,A,-,N,,,,,,,,,,Y,2,0,1,1,A,-,01,23152,A,N,E,I,A,A,H,-,D,D,0,,,,,Y,Y,A,01,1,0,0,0,0,0,0,0,0,"- ","- ",38.565498352050781,-120.720458984375,"EL DORADO",UNINCORPORATED,-120.72022247314453,38.565399169921875
94586559,2025,2025-02-21,9245,2025-01-27,"500 ",022424,,1,3,9,0900,0,2,4,,2,031,"LATROBE RD","ROYAL OAKS DR",2886.00,S,N,A,-,N,,,,,,,,,,Y,2,0,1,1,A,-,01,23152,F,N,E,8,A,A,H,-,D,D,0,,,,,Y,,A,01,1,0,0,0,0,0,0,0,0,"- ","- ",38.608570098876953,-121.03814697265625,"EL DORADO",UNINCORPORATED,-121.03842163085938,38.608619689941406
94604192,2024,2025-03-18,9245,2024-11-21,2500,018756,,4,4,9,0900,0,1,3,,1,122,SR-193,"SPANISH FLAT ROAD",638.00,E,N,B,C,Y,ED,,193," "," ",19.742,H,,R,Y,1,1,0,1,A,-,01,23152,F,N,E,8,A,B,H,-,A,A,0,,,Y,,Y,,C,02,0,0,0,0,0,0,0,1,0,"- ","- ",38.811149597167969,-120.82150268554688,"EL DORADO",UNINCORPORATED,-120.82148742675781,38.811149597167969
94643279,2025,2025-04-09,9245,2025-03-27,1540,022169,,4,2,9,0900,0,1,2,,2,150,US-50,"MILL RUN",10.00,E,N,B,C,Y,ED,,50," "," ",35.234,H,,R,Y,2,0,4,2,A,-,01,23152,A,N,D,C,A,B,H,-,A,D,0,,,,,Y,Y,A,01,1,2,1,0,0,0,0,0,0,"- ","- ",38.760650634765625,-120.51451873779297,"EL DORADO",UNINCORPORATED,-120.51448059082031,38.76055908203125
94658259,2025,2025-04-22,9245,2025-04-05,"45  ",022424,,6,3,9,0900,0,1,3,,1,135,"SR-49 S/B","TRUCK ST",194.00,N,N,A,-,Y,ED,,49," "," ",12.479,H,,L,Y,2,0,2,1,A,-,01,23152,A,N,E,I,A,A,H,-,C,D,0,,,,,Y,Y,A,01,1,1,0,0,0,0,0,0,0,"- ","- ",38.703800201416016,-120.8125,"EL DORADO",UNINCORPORATED,-120.81243896484375,38.703834533691406
94663230,2025,2025-04-24,9245,2025-04-13,"225 ",019236,,7,3,9,0900,0,1,3,,1,115,"STATE HIGHWAY 49","QUARRY RD",650.00,S,N,A,-,Y,ED,,49," "," ",37.785,H,,R,Y,2,0,1,1,A,-,01,23153,A,N,E,I,A,A,H,-,D,D,0,,,,,Y,Y,A,01,1,0,0,0,0,0,0,0,0,"- ","- ",38.910800933837891,-121.03485107421875,"EL DORADO",UNINCORPORATED,-121.03482055664062,38.910835266113281
94690179,2025,2025-05-16,9245,2025-05-06,"5   ",019193,,2,3,9,0900,0,3,5,,2,001,"SOPHIA PARKWAY","CORSICA DRIVE",33.00,S,N,A,-,N,,,,,,,,,,Y,2,0,1,1,A,-,01,23152,A,N,E,I,A,A,H,-,D,D,0,,,,,Y,Y,D,22,1,0,0,0,0,0,0,0,0,"- ","- ",38.698940277099609,-121.10491943359375,"EL DORADO",UNINCORPORATED,-121.10494995117188,38.698894500732422
94720148,2025,2025-06-10,9245,2025-05-30,1411,018756,,5,2,9,0900,0,2,4,,1,014,"COLD SPRINGS ROAD","MANZANITA LANE",528.00,S,N,A,-,N,,,,,,,,,,Y,2,0,1,1,A,-,01,23152,A,N,E,I,A,A,H,-,A,A,0,,,,,Y,Y,A,01,1,0,0,0,0,0,0,0,0,"- ","- ",38.787628173828125,-120.89174652099609,"EL DORADO",UNINCORPORATED,-120.89218139648438,38.786884307861328
94720240,2025,2025-06-10,9245,2025-05-31,2037,017364,,6,2,9,0900,0,1,3,,1,115,"STATE HIGHWAY 49","FORGOTTEN LOOP",380.00,S,N,A,-,Y,ED,,49," "," ",28.643,H,,R,Y,2,0,1,1,A,-,01,23152,A,N,E,I,A,A,H,-,B,D,0,,,,,Y,Y,-,"- ",1,0,0,0,0,0,0,0,0,"- ","- ",38.829208374023438,-120.97796630859375,"EL DORADO",UNINCORPORATED,-120.97795867919922,38.829250335693359
94724156,2025,2025-06-13,9245,2025-06-04,1612,017364,,3,2,9,0900,0,3,5,,2,002,"WENTWORTH SPRINGS RD","SLEIGH BELL",558.00,E,N,A,-,N,,,,,,,,,,Y,2,0,2,2,A,-,03,22350,,N,E,I,A,A,H,-,A,A,0,,,Y,,Y,,C,02,2,0,0,0,0,0,0,0,2,"- ","- ",38.942718505859375,-120.71742248535156,"EL DORADO",UNINCORPORATED,-120.71719360351562,38.942573547363281
94728998,2025,2025-06-17,9245,2025-06-10,2340,019193,,2,3,9,0900,0,1,2,,2,120,"US-50 E/B","MISSOURI FLAT RD",564.00,W,N,A,-,Y,ED,,50," ",R,14.938,H,,R,Y,2,0,2,1,A,-,08,22107,,N,E,8,A,A,H,-,D,D,0,,,,,Y,,A,01,1,1,0,0,0,0,0,0,0,"- ","- ",38.709911346435547,-120.84058380126953,"EL DORADO",UNINCORPORATED,-120.84068298339844,38.710002899169922
94736409,2025,2025-06-23,9245,2025-06-11,"700 ",017752,,3,1,9,0900,0,3,5,,2,004,"PLEASANT VALLEY RD","BIG CUT RD",0.00,,Y,A,-,N,,,,,,,,,,Y,2,0,2,2,A,-,05,21460,A,N,A,C,A,A,H,-,A,D,0,,,,,Y,,D,22,1,1,0,0,0,0,0,0,0,"- ","- ",38.690090179443359,-120.78739166259766,"EL DORADO",UNINCORPORATED,-120.78741455078125,38.6900634765625
94756815,2025,2025-07-10,9245,2025-05-03,"754 ",018394,,6,1,9,0900,0,2,4,,2,011,"GREEN VALLEY RD","SILVA VALLEY PKWY",1056.00,E,N,B,-,N,,,,,,,,,,Y,1,1,3,2,A,-,00,23153,G,N,A,C,A,A,H,-,A,D,0,,,,,Y,Y,A,01,1,2,0,0,0,0,0,0,0,"- ","- ",38.710659027099609,-121.07160949707031,"EL DORADO",UNINCORPORATED,-121.07180023193359,38.710689544677734
9568972,2023,2023-06-14,0901,2023-04-25,2252,336,0901,2,5,2,0901,0,0,0,,0,PP1,"RT 50","SPRING ST",0.00,,Y,A,-,Y,ED,3,49,-,-,14.891,I,5,N,N,2,0,1,2,A,-,09,21453,C,N,D,C,A,A,H,-,C,A,0,,,Y,,Y,Y,A,01,1,0,0,0,0,0,0,0,1,"- ","- ",,,"EL DORADO",PLACERVILLE,-120.80538940429688,38.728137969970703
9611774,2023,2023-08-28,0901,2023-07-26,1630,295,0901,3,5,2,0901,0,0,0,,0,PP2,"CEDAR RAVINE RD","MARSHALL WY",0.00,,Y,A,-,N,,,,,,,,,,Y,2,0,1,2,A,-,09,21801,A,N,A,C,A,A,H,-,A,D,0,,,Y,,Y,,A,01,1,0,0,0,0,0,0,0,1,"- ","- ",,,"EL DORADO",PLACERVILLE,-120.79435729980469,38.725948333740234
9703863,2024,2024-10-04,0901,2024-06-20,1930,356,1,4,5,2,0901,0,0,0,,0,001,"PLACERVILLE DR","RAY LAWYER DR",15.00,N,N,A,-,N,,,,,,,,,,Y,2,0,1,1,A,-,03,22350,,N,E,I,A,A,H,-,A,A,0,,,Y,,Y,,C,03,1,0,0,0,0,0,0,0,1,"- ","- ",38.728408813476562,-120.83751678466797,"EL DORADO",PLACERVILLE,-120.837158203125,38.728389739990234
9774153,2025,2025-02-04,0901,2025-01-19,1440,295,2,7,5,2,0901,0,0,0,,0,002,"MILLER WY","LOCUST AV",600.00,N,N,A,-,N,,,,,,,,,,N,2,0,1,1,A,-,03,22350,,N,E,I,A,A,H,-,A,D,0,,,,,Y,,A,01,1,0,0,0,0,0,0,0,0,"- ","- ",38.733341217041016,-120.79258728027344,"EL DORADO",PLACERVILLE,-120.79257202148438,38.733367919921875
9808346,2025,2025-07-17,0901,2025-06-27,1751,349,1,5,5,2,0901,0,0,0,,0,001,"PLACERVILLE DR","LIGHT POLE #C401",22.00,E,N,A,-,N,,,,,,,,,,Y,2,0,3,2,A,-,08,22107,,N,D,C,A,A,H,-,A,D,0,,,,,Y,,D,22,1,0,2,0,0,0,0,0,0,"- ","- ",38.731800079345703,-120.82209014892578,"EL DORADO",PLACERVILLE,,